,stock_id,stock_name,industry_category,list_type,list_date,raw
0,3687,歐買尬,文化創意業,tpex,2020-06-03,"{'industry_category': '文化創意業', 'stock_id': '3687', 'stock_name': '歐買尬', 'type': 'tpex', 'date': '2020-06-03'}"
1,5481,新華,電子零組件業,tpex,2020-06-03,"{'industry_category': '電子零組件業', 'stock_id': '5481', 'stock_name': '新華', 'type': 'tpex', 'date': '2020-06-03'}"
2,3629,地心引力,光電業,tpex,2020-06-03,"{'industry_category': '光電業', 'stock_id': '3629', 'stock_name': '地心引力', 'type': 'tpex', 'date': '2020-06-03'}"
3,5450,寶聯通,電腦及週邊設備業,tpex,2020-06-03,"{'industry_category': '電腦及週邊設備業', 'stock_id': '5450', 'stock_name': '寶聯通', 'type': 'tpex', 'date': '2020-06-03'}"
4,6238,勝麗,其他電子類,tpex,2020-06-13,"{'industry_category': '其他電子類', 'stock_id': '6238', 'stock_name': '勝麗', 'type': 'tpex', 'date': '2020-06-13'}"
5,00835B,第一金科技債10+,上櫃指數股票型基金(ETF),tpex,2020-06-24,"{'industry_category': '上櫃指數股票型基金(ETF)', 'stock_id': '00835B', 'stock_name': '第一金科技債10+', 'type': 'tpex', 'date': '2020-06-24'}"
6,00837B,永豐15年金融債,上櫃指數股票型基金(ETF),tpex,2020-07-02,"{'industry_category': '上櫃指數股票型基金(ETF)', 'stock_id': '00837B', 'stock_name': '永豐15年金融債', 'type': 'tpex', 'date': '2020-07-02'}"
7,00798B,國泰中企A級債7+,上櫃指數股票型基金(ETF),tpex,2020-07-16,"{'industry_category': '上櫃指數股票型基金(ETF)', 'stock_id': '00798B', 'stock_name': '國泰中企A級債7+', 'type': 'tpex', 'date': '2020-07-16'}"
8,6497,亞獅康-KY,生技醫療業,tpex,2020-08-27,"{'industry_category': '生技醫療業', 'stock_id': '6497', 'stock_name': '亞獅康-KY', 'type': 'tpex', 'date': '2020-08-27'}"
9,5349,先豐,電子零組件業,tpex,2020-10-31,"{'industry_category': '電子零組件業', 'stock_id': '5349', 'stock_name': '先豐', 'type': 'tpex', 'date': '2020-10-31'}"
10,01005T,三鼎,受益證券,twse,2020-11-14,"{'industry_category': '受益證券', 'stock_id': '01005T', 'stock_name': '三鼎', 'type': 'twse', 'date': '2020-11-14'}"
11,01007T,兆豐國泰R2,受益證券,twse,2020-11-14,"{'industry_category': '受益證券', 'stock_id': '01007T', 'stock_name': '兆豐國泰R2', 'type': 'twse', 'date': '2020-11-14'}"
12,01004T,土銀富邦R2,受益證券,twse,2020-11-14,"{'industry_category': '受益證券', 'stock_id': '01004T', 'stock_name': '土銀富邦R2', 'type': 'twse', 'date': '2020-11-14'}"
13,01009T,王道圓滿R1,受益證券,twse,2020-11-14,"{'industry_category': '受益證券', 'stock_id': '01009T', 'stock_name': '王道圓滿R1', 'type': 'twse', 'date': '2020-11-14'}"
14,01003T,兆豐新光R1,受益證券,twse,2020-11-14,"{'industry_category': '受益證券', 'stock_id': '01003T', 'stock_name': '兆豐新光R1', 'type': 'twse', 'date': '2020-11-14'}"
15,01002T,土銀國泰R1,受益證券,twse,2020-11-14,"{'industry_category': '受益證券', 'stock_id': '01002T', 'stock_name': '土銀國泰R1', 'type': 'twse', 'date': '2020-11-14'}"
16,01001T,土銀富邦R1,受益證券,twse,2020-11-14,"{'industry_category': '受益證券', 'stock_id': '01001T', 'stock_name': '土銀富邦R1', 'type': 'twse', 'date': '2020-11-14'}"
17,01008T,駿馬R1,受益證券,twse,2020-11-14,"{'industry_category': '受益證券', 'stock_id': '01008T', 'stock_name': '駿馬R1', 'type': 'twse', 'date': '2020-11-14'}"
18,710561,威剛元大9B購02,所有證券,tpex,2020-11-15,"{'industry_category': '所有證券', 'stock_id': '710561', 'stock_name': '威剛元大9B購02', 'type': 'tpex', 'date': '2020-11-15'}"
19,710566,碩禾元大9B購01,所有證券,tpex,2020-11-15,"{'industry_category': '所有證券', 'stock_id': '710566', 'stock_name': '碩禾元大9B購01', 'type': 'tpex', 'date': '2020-11-15'}"
20,710560,宏捷科元大9B購02,所有證券,tpex,2020-11-15,"{'industry_category': '所有證券', 'stock_id': '710560', 'stock_name': '宏捷科元大9B購02', 'type': 'tpex', 'date': '2020-11-15'}"
21,710553,穩懋統一9B購03,所有證券,tpex,2020-11-15,"{'industry_category': '所有證券', 'stock_id': '710553', 'stock_name': '穩懋統一9B購03', 'type': 'tpex', 'date': '2020-11-15'}"
22,710569,中美晶富邦9B購04,所有證券,tpex,2020-11-15,"{'industry_category': '所有證券', 'stock_id': '710569', 'stock_name': '中美晶富邦9B購04', 'type': 'tpex', 'date': '2020-11-15'}"
23,710575,環球晶中信9B購01,所有證券,tpex,2020-11-15,"{'industry_category': '所有證券', 'stock_id': '710575', 'stock_name': '環球晶中信9B購01', 'type': 'tpex', 'date': '2020-11-15'}"
24,710590,鈺太凱基9B購01,所有證券,tpex,2020-11-15,"{'industry_category': '所有證券', 'stock_id': '710590', 'stock_name': '鈺太凱基9B購01', 'type': 'tpex', 'date': '2020-11-15'}"
25,710534,鈺太元大9B購01,所有證券,tpex,2020-11-15,"{'industry_category': '所有證券', 'stock_id': '710534', 'stock_name': '鈺太元大9B購01', 'type': 'tpex', 'date': '2020-11-15'}"
26,710516,宇峻永豐9B購01,所有證券,tpex,2020-11-15,"{'industry_category': '所有證券', 'stock_id': '710516', 'stock_name': '宇峻永豐9B購01', 'type': 'tpex', 'date': '2020-11-15'}"
27,710510,群聯凱基9B購03,所有證券,tpex,2020-11-15,"{'industry_category': '所有證券', 'stock_id': '710510', 'stock_name': '群聯凱基9B購03', 'type': 'tpex', 'date': '2020-11-15'}"
28,711126,聯亞元大9B購05,所有證券,tpex,2020-11-15,"{'industry_category': '所有證券', 'stock_id': '711126', 'stock_name': '聯亞元大9B購05', 'type': 'tpex', 'date': '2020-11-15'}"
29,710509,建榮凱基9B購01,所有證券,tpex,2020-11-15,"{'industry_category': '所有證券', 'stock_id': '710509', 'stock_name': '建榮凱基9B購01', 'type': 'tpex', 'date': '2020-11-15'}"
30,710505,泰博富邦9B購01,所有證券,tpex,2020-11-15,"{'industry_category': '所有證券', 'stock_id': '710505', 'stock_name': '泰博富邦9B購01', 'type': 'tpex', 'date': '2020-11-15'}"
31,710502,泰博元大9B購01,所有證券,tpex,2020-11-15,"{'industry_category': '所有證券', 'stock_id': '710502', 'stock_name': '泰博元大9B購01', 'type': 'tpex', 'date': '2020-11-15'}"
32,708785,信驊中信9B購01,所有證券,tpex,2020-11-15,"{'industry_category': '所有證券', 'stock_id': '708785', 'stock_name': '信驊中信9B購01', 'type': 'tpex', 'date': '2020-11-15'}"
33,710499,網家國泰9B購01,所有證券,tpex,2020-11-15,"{'industry_category': '所有證券', 'stock_id': '710499', 'stock_name': '網家國泰9B購01', 'type': 'tpex', 'date': '2020-11-15'}"
34,709403,雙美國票9B購01,所有證券,tpex,2020-11-15,"{'industry_category': '所有證券', 'stock_id': '709403', 'stock_name': '雙美國票9B購01', 'type': 'tpex', 'date': '2020-11-15'}"
35,709966,金居群益9B購01,所有證券,tpex,2020-11-15,"{'industry_category': '所有證券', 'stock_id': '709966', 'stock_name': '金居群益9B購01', 'type': 'tpex', 'date': '2020-11-15'}"
36,709994,中美晶元大9B購01,所有證券,tpex,2020-11-15,"{'industry_category': '所有證券', 'stock_id': '709994', 'stock_name': '中美晶元大9B購01', 'type': 'tpex', 'date': '2020-11-15'}"
37,709985,大江富邦9B購02,所有證券,tpex,2020-11-15,"{'industry_category': '所有證券', 'stock_id': '709985', 'stock_name': '大江富邦9B購02', 'type': 'tpex', 'date': '2020-11-15'}"
38,709983,群聯日盛9B購01,所有證券,tpex,2020-11-15,"{'industry_category': '所有證券', 'stock_id': '709983', 'stock_name': '群聯日盛9B購01', 'type': 'tpex', 'date': '2020-11-15'}"
39,710533,鈊象元大9B購04,所有證券,tpex,2020-11-15,"{'industry_category': '所有證券', 'stock_id': '710533', 'stock_name': '鈊象元大9B購04', 'type': 'tpex', 'date': '2020-11-15'}"
40,711127,頎邦元大9B購03,所有證券,tpex,2020-11-15,"{'industry_category': '所有證券', 'stock_id': '711127', 'stock_name': '頎邦元大9B購03', 'type': 'tpex', 'date': '2020-11-15'}"
41,711132,僑威永豐9B購01,所有證券,tpex,2020-11-15,"{'industry_category': '所有證券', 'stock_id': '711132', 'stock_name': '僑威永豐9B購01', 'type': 'tpex', 'date': '2020-11-15'}"
42,711131,胡連永豐9B購01,所有證券,tpex,2020-11-15,"{'industry_category': '所有證券', 'stock_id': '711131', 'stock_name': '胡連永豐9B購01', 'type': 'tpex', 'date': '2020-11-15'}"
43,73193P,神盾元大9B售04,所有證券,tpex,2020-11-15,"{'industry_category': '所有證券', 'stock_id': '73193P', 'stock_name': '神盾元大9B售04', 'type': 'tpex', 'date': '2020-11-15'}"
44,73107P,原相國票9B售02,所有證券,tpex,2020-11-15,"{'industry_category': '所有證券', 'stock_id': '73107P', 'stock_name': '原相國票9B售02', 'type': 'tpex', 'date': '2020-11-15'}"
45,711145,環球晶國票9B購02,所有證券,tpex,2020-11-15,"{'industry_category': '所有證券', 'stock_id': '711145', 'stock_name': '環球晶國票9B購02', 'type': 'tpex', 'date': '2020-11-15'}"
46,711141,胡連凱基9B購01,所有證券,tpex,2020-11-15,"{'industry_category': '所有證券', 'stock_id': '711141', 'stock_name': '胡連凱基9B購01', 'type': 'tpex', 'date': '2020-11-15'}"
47,711140,旺矽凱基9B購01,所有證券,tpex,2020-11-15,"{'industry_category': '所有證券', 'stock_id': '711140', 'stock_name': '旺矽凱基9B購01', 'type': 'tpex', 'date': '2020-11-15'}"
48,711139,中美晶凱基9B購02,所有證券,tpex,2020-11-15,"{'industry_category': '所有證券', 'stock_id': '711139', 'stock_name': '中美晶凱基9B購02', 'type': 'tpex', 'date': '2020-11-15'}"
49,709972,旺矽元大9B購01,所有證券,tpex,2020-11-15,"{'industry_category': '所有證券', 'stock_id': '709972', 'stock_name': '旺矽元大9B購01', 'type': 'tpex', 'date': '2020-11-15'}"
50,711135,元太群益9B購01,所有證券,tpex,2020-11-15,"{'industry_category': '所有證券', 'stock_id': '711135', 'stock_name': '元太群益9B購01', 'type': 'tpex', 'date': '2020-11-15'}"
51,711134,中美晶群益9B購03,所有證券,tpex,2020-11-15,"{'industry_category': '所有證券', 'stock_id': '711134', 'stock_name': '中美晶群益9B購03', 'type': 'tpex', 'date': '2020-11-15'}"
52,711133,寶雅永豐9B購01,所有證券,tpex,2020-11-15,"{'industry_category': '所有證券', 'stock_id': '711133', 'stock_name': '寶雅永豐9B購01', 'type': 'tpex', 'date': '2020-11-15'}"
53,711137,胡連群益9B購01,所有證券,tpex,2020-11-15,"{'industry_category': '所有證券', 'stock_id': '711137', 'stock_name': '胡連群益9B購01', 'type': 'tpex', 'date': '2020-11-15'}"
54,8934,衡平,其他,tpex,2020-11-20,"{'industry_category': '其他', 'stock_id': '8934', 'stock_name': '衡平', 'type': 'tpex', 'date': '2020-11-20'}"
55,5304,鼎創達,電腦及週邊設備業,tpex,2020-11-22,"{'industry_category': '電腦及週邊設備業', 'stock_id': '5304', 'stock_name': '鼎創達', 'type': 'tpex', 'date': '2020-11-22'}"
56,00833B,第一金美債20+,上櫃指數股票型基金(ETF),tpex,2020-12-03,"{'industry_category': '上櫃指數股票型基金(ETF)', 'stock_id': '00833B', 'stock_name': '第一金美債20+', 'type': 'tpex', 'date': '2020-12-03'}"
57,00854B,富邦全球保險債,上櫃指數股票型基金(ETF),tpex,2020-12-04,"{'industry_category': '上櫃指數股票型基金(ETF)', 'stock_id': '00854B', 'stock_name': '富邦全球保險債', 'type': 'tpex', 'date': '2020-12-04'}"
58,00855B,富邦全球能源債,上櫃指數股票型基金(ETF),tpex,2020-12-04,"{'industry_category': '上櫃指數股票型基金(ETF)', 'stock_id': '00855B', 'stock_name': '富邦全球能源債', 'type': 'tpex', 'date': '2020-12-04'}"
59,6438,迅得,其他電子類,tpex,2021-01-21,"{'industry_category': '其他電子類', 'stock_id': '6438', 'stock_name': '迅得', 'type': 'tpex', 'date': '2021-01-21'}"
60,00873B,凱基新興債1-5,上櫃指數股票型基金(ETF),tpex,2021-02-23,"{'industry_category': '上櫃指數股票型基金(ETF)', 'stock_id': '00873B', 'stock_name': '凱基新興債1-5', 'type': 'tpex', 'date': '2021-02-23'}"
61,00874B,凱基BBB公司債15+,上櫃指數股票型基金(ETF),tpex,2021-02-23,"{'industry_category': '上櫃指數股票型基金(ETF)', 'stock_id': '00874B', 'stock_name': '凱基BBB公司債15+', 'type': 'tpex', 'date': '2021-02-23'}"
62,00871B,元大中國政金債,上櫃指數股票型基金(ETF),tpex,2021-03-03,"{'industry_category': '上櫃指數股票型基金(ETF)', 'stock_id': '00871B', 'stock_name': '元大中國政金債', 'type': 'tpex', 'date': '2021-03-03'}"
63,00868B,FT1-3年美公債,上櫃指數股票型基金(ETF),tpex,2021-05-14,"{'industry_category': '上櫃指數股票型基金(ETF)', 'stock_id': '00868B', 'stock_name': 'FT1-3年美公債', 'type': 'tpex', 'date': '2021-05-14'}"
64,6165,浪凡,電子工業,twse,2021-06-01,"{'industry_category': '電子工業', 'stock_id': '6165', 'stock_name': '浪凡', 'type': 'twse', 'date': '2021-06-01'}"
65,3450,聯鈞,其他電子業,twse,2021-06-01,"{'industry_category': '其他電子業', 'stock_id': '3450', 'stock_name': '聯鈞', 'type': 'twse', 'date': '2021-06-01'}"
66,6165,浪凡,電子零組件業,twse,2021-06-01,"{'industry_category': '電子零組件業', 'stock_id': '6165', 'stock_name': '浪凡', 'type': 'twse', 'date': '2021-06-01'}"
67,2614,東森,貿易百貨,twse,2021-06-01,"{'industry_category': '貿易百貨', 'stock_id': '2614', 'stock_name': '東森', 'type': 'twse', 'date': '2021-06-01'}"
68,8499,鼎炫-KY,其他,twse,2021-06-01,"{'industry_category': '其他', 'stock_id': '8499', 'stock_name': '鼎炫-KY', 'type': 'twse', 'date': '2021-06-01'}"
69,2241,艾姆勒,電機機械,twse,2021-06-01,"{'industry_category': '電機機械', 'stock_id': '2241', 'stock_name': '艾姆勒', 'type': 'twse', 'date': '2021-06-01'}"
70,2459,敦吉,電子通路業,twse,2021-06-01,"{'industry_category': '電子通路業', 'stock_id': '2459', 'stock_name': '敦吉', 'type': 'twse', 'date': '2021-06-01'}"
71,1456,怡華,紡織纖維,twse,2021-06-01,"{'industry_category': '紡織纖維', 'stock_id': '1456', 'stock_name': '怡華', 'type': 'twse', 'date': '2021-06-01'}"
72,1443,立益,紡織纖維,twse,2021-06-01,"{'industry_category': '紡織纖維', 'stock_id': '1443', 'stock_name': '立益', 'type': 'twse', 'date': '2021-06-01'}"
73,3669,圓展,光電業,twse,2021-06-01,"{'industry_category': '光電業', 'stock_id': '3669', 'stock_name': '圓展', 'type': 'twse', 'date': '2021-06-01'}"
74,2429,銘旺科,電子零組件業,twse,2021-06-01,"{'industry_category': '電子零組件業', 'stock_id': '2429', 'stock_name': '銘旺科', 'type': 'twse', 'date': '2021-06-01'}"
75,1453,大將,紡織纖維,twse,2021-06-01,"{'industry_category': '紡織纖維', 'stock_id': '1453', 'stock_name': '大將', 'type': 'twse', 'date': '2021-06-01'}"
76,020017,永豐富櫃200N,指數投資證券(ETN),tpex,2021-06-12,"{'industry_category': '指數投資證券(ETN)', 'stock_id': '020017', 'stock_name': '永豐富櫃200N', 'type': 'tpex', 'date': '2021-06-12'}"
77,8354,冠好,塑膠工業,tpex,2021-06-12,"{'industry_category': '塑膠工業', 'stock_id': '8354', 'stock_name': '冠好', 'type': 'tpex', 'date': '2021-06-12'}"
78,3313,斐成,電子零組件業,tpex,2021-06-12,"{'industry_category': '電子零組件業', 'stock_id': '3313', 'stock_name': '斐成', 'type': 'tpex', 'date': '2021-06-12'}"
79,5345,天揚,電子零組件業,tpex,2021-06-12,"{'industry_category': '電子零組件業', 'stock_id': '5345', 'stock_name': '天揚', 'type': 'tpex', 'date': '2021-06-12'}"
80,8489,三貝德,文化創意業,tpex,2021-06-12,"{'industry_category': '文化創意業', 'stock_id': '8489', 'stock_name': '三貝德', 'type': 'tpex', 'date': '2021-06-12'}"
81,3219,倚強股份,半導體業,tpex,2021-06-12,"{'industry_category': '半導體業', 'stock_id': '3219', 'stock_name': '倚強股份', 'type': 'tpex', 'date': '2021-06-12'}"
82,6506,雙邦,化學工業,tpex,2021-06-12,"{'industry_category': '化學工業', 'stock_id': '6506', 'stock_name': '雙邦', 'type': 'tpex', 'date': '2021-06-12'}"
83,5604,中連貨,航運業,tpex,2021-06-12,"{'industry_category': '航運業', 'stock_id': '5604', 'stock_name': '中連貨', 'type': 'tpex', 'date': '2021-06-12'}"
84,6275,元山,其他電子類,tpex,2021-06-12,"{'industry_category': '其他電子類', 'stock_id': '6275', 'stock_name': '元山', 'type': 'tpex', 'date': '2021-06-12'}"
85,3685,元創精密,光電業,tpex,2021-06-12,"{'industry_category': '光電業', 'stock_id': '3685', 'stock_name': '元創精密', 'type': 'tpex', 'date': '2021-06-12'}"
86,00839B,凱基醫療保健債,上櫃指數股票型基金(ETF),tpex,2021-08-05,"{'industry_category': '上櫃指數股票型基金(ETF)', 'stock_id': '00839B', 'stock_name': '凱基醫療保健債', 'type': 'tpex', 'date': '2021-08-05'}"
87,00869B,FT10-25年公司債,上櫃指數股票型基金(ETF),tpex,2021-08-19,"{'industry_category': '上櫃指數股票型基金(ETF)', 'stock_id': '00869B', 'stock_name': 'FT10-25年公司債', 'type': 'tpex', 'date': '2021-08-19'}"
88,00832B,新光美債20+,上櫃指數股票型基金(ETF),tpex,2021-09-11,"{'industry_category': '上櫃指數股票型基金(ETF)', 'stock_id': '00832B', 'stock_name': '新光美債20+', 'type': 'tpex', 'date': '2021-09-11'}"
89,4152,台微體,生技醫療業,tpex,2021-10-02,"{'industry_category': '生技醫療業', 'stock_id': '4152', 'stock_name': '台微體', 'type': 'tpex', 'date': '2021-10-02'}"
90,00872B,凱基美債1-3,上櫃指數股票型基金(ETF),tpex,2021-10-08,"{'industry_category': '上櫃指數股票型基金(ETF)', 'stock_id': '00872B', 'stock_name': '凱基美債1-3', 'type': 'tpex', 'date': '2021-10-08'}"
91,00880B,第一金電信債15+,上櫃指數股票型基金(ETF),tpex,2021-10-08,"{'industry_category': '上櫃指數股票型基金(ETF)', 'stock_id': '00880B', 'stock_name': '第一金電信債15+', 'type': 'tpex', 'date': '2021-10-08'}"
92,00879B,第一金美債0-1,上櫃指數股票型基金(ETF),tpex,2021-10-08,"{'industry_category': '上櫃指數股票型基金(ETF)', 'stock_id': '00879B', 'stock_name': '第一金美債0-1', 'type': 'tpex', 'date': '2021-10-08'}"
93,2928,紅馬-KY,觀光事業,tpex,2021-10-16,"{'industry_category': '觀光事業', 'stock_id': '2928', 'stock_name': '紅馬-KY', 'type': 'tpex', 'date': '2021-10-16'}"
94,3144,新揚科,電子零組件業,tpex,2021-12-16,"{'industry_category': '電子零組件業', 'stock_id': '3144', 'stock_name': '新揚科', 'type': 'tpex', 'date': '2021-12-16'}"
95,4803,VHQ-KY,文化創意業,tpex,2021-12-18,"{'industry_category': '文化創意業', 'stock_id': '4803', 'stock_name': 'VHQ-KY', 'type': 'tpex', 'date': '2021-12-18'}"
96,020021,統一恒生科技N,指數投資證券(ETN),tpex,2022-03-18,"{'industry_category': '指數投資證券(ETN)', 'stock_id': '020021', 'stock_name': '統一恒生科技N', 'type': 'tpex', 'date': '2022-03-18'}"
97,8406,金可-KY,生技醫療業,tpex,2022-04-23,"{'industry_category': '生技醫療業', 'stock_id': '8406', 'stock_name': '金可-KY', 'type': 'tpex', 'date': '2022-04-23'}"
98,020003,統一漲升股利150N,指數投資證券(ETN),tpex,2022-04-30,"{'industry_category': '指數投資證券(ETN)', 'stock_id': '020003', 'stock_name': '統一漲升股利150N', 'type': 'tpex', 'date': '2022-04-30'}"
99,020009,群益A50綠碳N,指數投資證券(ETN),tpex,2022-04-30,"{'industry_category': '指數投資證券(ETN)', 'stock_id': '020009', 'stock_name': '群益A50綠碳N', 'type': 'tpex', 'date': '2022-04-30'}"
100,4429,聚紡,紡織纖維,tpex,2022-05-27,"{'industry_category': '紡織纖維', 'stock_id': '4429', 'stock_name': '聚紡', 'type': 'tpex', 'date': '2022-05-27'}"
101,6431,光麗-KY,光電業,twse,2022-06-01,"{'industry_category': '光電業', 'stock_id': '6431', 'stock_name': '光麗-KY', 'type': 'twse', 'date': '2022-06-01'}"
102,2340,台亞,光電業,twse,2022-06-01,"{'industry_category': '光電業', 'stock_id': '2340', 'stock_name': '台亞', 'type': 'twse', 'date': '2022-06-01'}"
103,6431,光麗-KY,電子工業,twse,2022-06-01,"{'industry_category': '電子工業', 'stock_id': '6431', 'stock_name': '光麗-KY', 'type': 'twse', 'date': '2022-06-01'}"
104,2495,普安,其他電子業,twse,2022-06-01,"{'industry_category': '其他電子業', 'stock_id': '2495', 'stock_name': '普安', 'type': 'twse', 'date': '2022-06-01'}"
105,00838B,永豐7-10年中國債,上櫃指數股票型基金(ETF),tpex,2022-06-02,"{'industry_category': '上櫃指數股票型基金(ETF)', 'stock_id': '00838B', 'stock_name': '永豐7-10年中國債', 'type': 'tpex', 'date': '2022-06-02'}"
106,3512,皇龍,電子零組件業,tpex,2022-06-03,"{'industry_category': '電子零組件業', 'stock_id': '3512', 'stock_name': '皇龍', 'type': 'tpex', 'date': '2022-06-03'}"
107,5321,美而快,電子零組件業,tpex,2022-06-03,"{'industry_category': '電子零組件業', 'stock_id': '5321', 'stock_name': '美而快', 'type': 'tpex', 'date': '2022-06-03'}"
108,5209,新鼎,資訊服務業,tpex,2022-06-03,"{'industry_category': '資訊服務業', 'stock_id': '5209', 'stock_name': '新鼎', 'type': 'tpex', 'date': '2022-06-03'}"
109,8080,永利聯合,電子零組件業,tpex,2022-06-03,"{'industry_category': '電子零組件業', 'stock_id': '8080', 'stock_name': '永利聯合', 'type': 'tpex', 'date': '2022-06-03'}"
110,00889B,凱基ESG新興債15+,上櫃指數股票型基金(ETF),tpex,2022-06-24,"{'industry_category': '上櫃指數股票型基金(ETF)', 'stock_id': '00889B', 'stock_name': '凱基ESG新興債15+', 'type': 'tpex', 'date': '2022-06-24'}"
111,5102,富強,橡膠工業,tpex,2022-07-09,"{'industry_category': '橡膠工業', 'stock_id': '5102', 'stock_name': '富強', 'type': 'tpex', 'date': '2022-07-09'}"
112,00843B,台新中國政策債,上櫃指數股票型基金(ETF),tpex,2022-07-22,"{'industry_category': '上櫃指數股票型基金(ETF)', 'stock_id': '00843B', 'stock_name': '台新中國政策債', 'type': 'tpex', 'date': '2022-07-22'}"
113,00796B,中信中國債7-10,上櫃指數股票型基金(ETF),tpex,2022-08-27,"{'industry_category': '上櫃指數股票型基金(ETF)', 'stock_id': '00796B', 'stock_name': '中信中國債7-10', 'type': 'tpex', 'date': '2022-08-27'}"
114,020010,永昌富櫃200N,指數投資證券(ETN),tpex,2022-09-30,"{'industry_category': '指數投資證券(ETN)', 'stock_id': '020010', 'stock_name': '永昌富櫃200N', 'type': 'tpex', 'date': '2022-09-30'}"
115,5820,日盛金,金融業,tpex,2022-11-03,"{'industry_category': '金融業', 'stock_id': '5820', 'stock_name': '日盛金', 'type': 'tpex', 'date': '2022-11-03'}"
116,3642,駿熠電,其他電子類,tpex,2022-11-19,"{'industry_category': '其他電子類', 'stock_id': '3642', 'stock_name': '駿熠電', 'type': 'tpex', 'date': '2022-11-19'}"
117,00745B,富邦中政債0-1,上櫃指數股票型基金(ETF),tpex,2022-12-11,"{'industry_category': '上櫃指數股票型基金(ETF)', 'stock_id': '00745B', 'stock_name': '富邦中政債0-1', 'type': 'tpex', 'date': '2022-12-11'}"
118,020013,元富亞洲高股息N,指數投資證券(ETN),tpex,2022-12-24,"{'industry_category': '指數投資證券(ETN)', 'stock_id': '020013', 'stock_name': '元富亞洲高股息N', 'type': 'tpex', 'date': '2022-12-24'}"
119,02003L,永豐富櫃200正2N,指數投資證券(ETN),tpex,2022-12-24,"{'industry_category': '指數投資證券(ETN)', 'stock_id': '02003L', 'stock_name': '永豐富櫃200正2N', 'type': 'tpex', 'date': '2022-12-24'}"
120,00747B,FH中國政策債,上櫃指數股票型基金(ETF),tpex,2022-12-28,"{'industry_category': '上櫃指數股票型基金(ETF)', 'stock_id': '00747B', 'stock_name': 'FH中國政策債', 'type': 'tpex', 'date': '2022-12-28'}"
121,020014,元大富櫃200N,指數投資證券(ETN),tpex,2022-12-30,"{'industry_category': '指數投資證券(ETN)', 'stock_id': '020014', 'stock_name': '元大富櫃200N', 'type': 'tpex', 'date': '2022-12-30'}"
122,6247,淇譽電,其他電子類,tpex,2023-02-04,"{'industry_category': '其他電子類', 'stock_id': '6247', 'stock_name': '淇譽電', 'type': 'tpex', 'date': '2023-02-04'}"
123,00748B,凱基中國債3-10,上櫃指數股票型基金(ETF),tpex,2023-02-22,"{'industry_category': '上櫃指數股票型基金(ETF)', 'stock_id': '00748B', 'stock_name': '凱基中國債3-10', 'type': 'tpex', 'date': '2023-02-22'}"
124,6869,雲豹能源-創,創新板股票,twse,2023-03-17,"{'industry_category': '創新板股票', 'stock_id': '6869', 'stock_name': '雲豹能源-創', 'type': 'twse', 'date': '2023-03-17'}"
125,6873,泓德能源-創,創新板股票,twse,2023-03-17,"{'industry_category': '創新板股票', 'stock_id': '6873', 'stock_name': '泓德能源-創', 'type': 'twse', 'date': '2023-03-17'}"
126,6594,展匯科,半導體業,tpex,2023-03-25,"{'industry_category': '半導體業', 'stock_id': '6594', 'stock_name': '展匯科', 'type': 'tpex', 'date': '2023-03-25'}"
127,2432,倚天,通信網路業,twse,2023-05-30,"{'industry_category': '通信網路業', 'stock_id': '2432', 'stock_name': '倚天', 'type': 'twse', 'date': '2023-05-30'}"
128,00765B,群益中國政金債,上櫃指數股票型基金(ETF),tpex,2023-06-01,"{'industry_category': '上櫃指數股票型基金(ETF)', 'stock_id': '00765B', 'stock_name': '群益中國政金債', 'type': 'tpex', 'date': '2023-06-01'}"
129,1258,其祥-KY,食品工業,tpex,2023-06-03,"{'industry_category': '食品工業', 'stock_id': '1258', 'stock_name': '其祥-KY', 'type': 'tpex', 'date': '2023-06-03'}"
130,2722,夏都,觀光事業,twse,2023-06-29,"{'industry_category': '觀光事業', 'stock_id': '2722', 'stock_name': '夏都', 'type': 'twse', 'date': '2023-06-29'}"
131,8462,柏文,觀光事業,twse,2023-06-29,"{'industry_category': '觀光事業', 'stock_id': '8462', 'stock_name': '柏文', 'type': 'twse', 'date': '2023-06-29'}"
132,2743,山富,觀光事業,tpex,2023-06-29,"{'industry_category': '觀光事業', 'stock_id': '2743', 'stock_name': '山富', 'type': 'tpex', 'date': '2023-06-29'}"
133,2704,國賓,觀光事業,twse,2023-06-29,"{'industry_category': '觀光事業', 'stock_id': '2704', 'stock_name': '國賓', 'type': 'twse', 'date': '2023-06-29'}"
134,3687,歐買尬,電子商務業,tpex,2023-06-29,"{'industry_category': '電子商務業', 'stock_id': '3687', 'stock_name': '歐買尬', 'type': 'tpex', 'date': '2023-06-29'}"
135,2745,五福,觀光事業,tpex,2023-06-29,"{'industry_category': '觀光事業', 'stock_id': '2745', 'stock_name': '五福', 'type': 'tpex', 'date': '2023-06-29'}"
136,2707,晶華,觀光事業,twse,2023-06-29,"{'industry_category': '觀光事業', 'stock_id': '2707', 'stock_name': '晶華', 'type': 'twse', 'date': '2023-06-29'}"
137,3522,御頂,觀光事業,tpex,2023-06-29,"{'industry_category': '觀光事業', 'stock_id': '3522', 'stock_name': '御頂', 'type': 'tpex', 'date': '2023-06-29'}"
138,3085,新零售,電子商務業,tpex,2023-06-29,"{'industry_category': '電子商務業', 'stock_id': '3085', 'stock_name': '新零售', 'type': 'tpex', 'date': '2023-06-29'}"
139,5905,南仁湖,貿易百貨,tpex,2023-06-29,"{'industry_category': '貿易百貨', 'stock_id': '5905', 'stock_name': '南仁湖', 'type': 'tpex', 'date': '2023-06-29'}"
140,2748,雲品,觀光事業,twse,2023-06-29,"{'industry_category': '觀光事業', 'stock_id': '2748', 'stock_name': '雲品', 'type': 'twse', 'date': '2023-06-29'}"
141,6728,上洋,貿易百貨,tpex,2023-06-29,"{'industry_category': '貿易百貨', 'stock_id': '6728', 'stock_name': '上洋', 'type': 'tpex', 'date': '2023-06-29'}"
142,5904,寶雅,貿易百貨,tpex,2023-06-29,"{'industry_category': '貿易百貨', 'stock_id': '5904', 'stock_name': '寶雅', 'type': 'tpex', 'date': '2023-06-29'}"
143,5903,全家,貿易百貨,tpex,2023-06-29,"{'industry_category': '貿易百貨', 'stock_id': '5903', 'stock_name': '全家', 'type': 'tpex', 'date': '2023-06-29'}"
144,8472,夠麻吉,電子商務業,tpex,2023-06-29,"{'industry_category': '電子商務業', 'stock_id': '8472', 'stock_name': '夠麻吉', 'type': 'tpex', 'date': '2023-06-29'}"
145,5701,劍湖山,觀光事業,tpex,2023-06-29,"{'industry_category': '觀光事業', 'stock_id': '5701', 'stock_name': '劍湖山', 'type': 'tpex', 'date': '2023-06-29'}"
146,5902,德記,貿易百貨,tpex,2023-06-29,"{'industry_category': '貿易百貨', 'stock_id': '5902', 'stock_name': '德記', 'type': 'tpex', 'date': '2023-06-29'}"
147,5703,亞都,觀光事業,tpex,2023-06-29,"{'industry_category': '觀光事業', 'stock_id': '5703', 'stock_name': '亞都', 'type': 'tpex', 'date': '2023-06-29'}"
148,8477,創業家,電子商務業,tpex,2023-06-29,"{'industry_category': '電子商務業', 'stock_id': '8477', 'stock_name': '創業家', 'type': 'tpex', 'date': '2023-06-29'}"
149,5704,老爺知,觀光事業,tpex,2023-06-29,"{'industry_category': '觀光事業', 'stock_id': '5704', 'stock_name': '老爺知', 'type': 'tpex', 'date': '2023-06-29'}"
150,2752,豆府,觀光事業,tpex,2023-06-29,"{'industry_category': '觀光事業', 'stock_id': '2752', 'stock_name': '豆府', 'type': 'tpex', 'date': '2023-06-29'}"
151,5706,鳳凰,觀光事業,twse,2023-06-29,"{'industry_category': '觀光事業', 'stock_id': '5706', 'stock_name': '鳳凰', 'type': 'twse', 'date': '2023-06-29'}"
152,2753,八方雲集,觀光事業,twse,2023-06-29,"{'industry_category': '觀光事業', 'stock_id': '2753', 'stock_name': '八方雲集', 'type': 'twse', 'date': '2023-06-29'}"
153,6741,91APP*-KY,電子商務業,tpex,2023-06-29,"{'industry_category': '電子商務業', 'stock_id': '6741', 'stock_name': '91APP*-KY', 'type': 'tpex', 'date': '2023-06-29'}"
154,2712,遠雄來,觀光事業,twse,2023-06-29,"{'industry_category': '觀光事業', 'stock_id': '2712', 'stock_name': '遠雄來', 'type': 'twse', 'date': '2023-06-29'}"
155,2718,晶悅,觀光事業,tpex,2023-06-29,"{'industry_category': '觀光事業', 'stock_id': '2718', 'stock_name': '晶悅', 'type': 'tpex', 'date': '2023-06-29'}"
156,2740,天蔥,觀光事業,tpex,2023-06-29,"{'industry_category': '觀光事業', 'stock_id': '2740', 'stock_name': '天蔥', 'type': 'tpex', 'date': '2023-06-29'}"
157,2947,振宇五金,貿易百貨,tpex,2023-06-29,"{'industry_category': '貿易百貨', 'stock_id': '2947', 'stock_name': '振宇五金', 'type': 'tpex', 'date': '2023-06-29'}"
158,2724,富驛-KY,觀光事業,tpex,2023-06-29,"{'industry_category': '觀光事業', 'stock_id': '2724', 'stock_name': '富驛-KY', 'type': 'tpex', 'date': '2023-06-29'}"
159,5278,尚凡,電子商務業,tpex,2023-06-29,"{'industry_category': '電子商務業', 'stock_id': '5278', 'stock_name': '尚凡', 'type': 'tpex', 'date': '2023-06-29'}"
160,2726,雅茗-KY,觀光事業,tpex,2023-06-29,"{'industry_category': '觀光事業', 'stock_id': '2726', 'stock_name': '雅茗-KY', 'type': 'tpex', 'date': '2023-06-29'}"
161,2701,萬企,觀光事業,twse,2023-06-29,"{'industry_category': '觀光事業', 'stock_id': '2701', 'stock_name': '萬企', 'type': 'twse', 'date': '2023-06-29'}"
162,2727,王品,觀光事業,twse,2023-06-29,"{'industry_category': '觀光事業', 'stock_id': '2727', 'stock_name': '王品', 'type': 'twse', 'date': '2023-06-29'}"
163,5287,數字,電子商務業,tpex,2023-06-29,"{'industry_category': '電子商務業', 'stock_id': '5287', 'stock_name': '數字', 'type': 'tpex', 'date': '2023-06-29'}"
164,6763,綠界科技,電子商務業,tpex,2023-06-29,"{'industry_category': '電子商務業', 'stock_id': '6763', 'stock_name': '綠界科技', 'type': 'tpex', 'date': '2023-06-29'}"
165,2729,瓦城,觀光事業,tpex,2023-06-29,"{'industry_category': '觀光事業', 'stock_id': '2729', 'stock_name': '瓦城', 'type': 'tpex', 'date': '2023-06-29'}"
166,2731,雄獅,觀光事業,twse,2023-06-29,"{'industry_category': '觀光事業', 'stock_id': '2731', 'stock_name': '雄獅', 'type': 'twse', 'date': '2023-06-29'}"
167,2702,華園,觀光事業,twse,2023-06-29,"{'industry_category': '觀光事業', 'stock_id': '2702', 'stock_name': '華園', 'type': 'twse', 'date': '2023-06-29'}"
168,5301,寶得利,觀光事業,tpex,2023-06-29,"{'industry_category': '觀光事業', 'stock_id': '5301', 'stock_name': '寶得利', 'type': 'tpex', 'date': '2023-06-29'}"
169,2723,美食-KY,觀光事業,twse,2023-06-29,"{'industry_category': '觀光事業', 'stock_id': '2723', 'stock_name': '美食-KY', 'type': 'twse', 'date': '2023-06-29'}"
170,8077,洛碁,觀光事業,tpex,2023-06-29,"{'industry_category': '觀光事業', 'stock_id': '8077', 'stock_name': '洛碁', 'type': 'tpex', 'date': '2023-06-29'}"
171,8433,弘帆,貿易百貨,tpex,2023-06-29,"{'industry_category': '貿易百貨', 'stock_id': '8433', 'stock_name': '弘帆', 'type': 'tpex', 'date': '2023-06-29'}"
172,5321,美而快,電子商務業,tpex,2023-06-29,"{'industry_category': '電子商務業', 'stock_id': '5321', 'stock_name': '美而快', 'type': 'tpex', 'date': '2023-06-29'}"
173,8044,網家,電子商務業,tpex,2023-06-29,"{'industry_category': '電子商務業', 'stock_id': '8044', 'stock_name': '網家', 'type': 'tpex', 'date': '2023-06-29'}"
174,5364,力麗店,觀光事業,tpex,2023-06-29,"{'industry_category': '觀光事業', 'stock_id': '5364', 'stock_name': '力麗店', 'type': 'tpex', 'date': '2023-06-29'}"
175,2732,六角,觀光事業,tpex,2023-06-29,"{'industry_category': '觀光事業', 'stock_id': '2732', 'stock_name': '六角', 'type': 'tpex', 'date': '2023-06-29'}"
176,2734,易飛網,觀光事業,tpex,2023-06-29,"{'industry_category': '觀光事業', 'stock_id': '2734', 'stock_name': '易飛網', 'type': 'tpex', 'date': '2023-06-29'}"
177,2736,富野,觀光事業,tpex,2023-06-29,"{'industry_category': '觀光事業', 'stock_id': '2736', 'stock_name': '富野', 'type': 'tpex', 'date': '2023-06-29'}"
178,2705,六福,觀光事業,twse,2023-06-29,"{'industry_category': '觀光事業', 'stock_id': '2705', 'stock_name': '六福', 'type': 'twse', 'date': '2023-06-29'}"
179,1259,安心,觀光事業,tpex,2023-06-29,"{'industry_category': '觀光事業', 'stock_id': '1259', 'stock_name': '安心', 'type': 'tpex', 'date': '2023-06-29'}"
180,2739,寒舍,觀光事業,twse,2023-06-29,"{'industry_category': '觀光事業', 'stock_id': '2739', 'stock_name': '寒舍', 'type': 'twse', 'date': '2023-06-29'}"
181,1268,漢來美食,觀光事業,tpex,2023-06-29,"{'industry_category': '觀光事業', 'stock_id': '1268', 'stock_name': '漢來美食', 'type': 'tpex', 'date': '2023-06-29'}"
182,2719,燦星旅,觀光事業,tpex,2023-06-29,"{'industry_category': '觀光事業', 'stock_id': '2719', 'stock_name': '燦星旅', 'type': 'tpex', 'date': '2023-06-29'}"
183,2706,第一店,觀光事業,twse,2023-06-29,"{'industry_category': '觀光事業', 'stock_id': '2706', 'stock_name': '第一店', 'type': 'twse', 'date': '2023-06-29'}"
184,8066,來思達,貿易百貨,tpex,2023-06-29,"{'industry_category': '貿易百貨', 'stock_id': '8066', 'stock_name': '來思達', 'type': 'tpex', 'date': '2023-06-29'}"
185,9960,邁達康,貿易百貨,tpex,2023-06-29,"{'industry_category': '貿易百貨', 'stock_id': '9960', 'stock_name': '邁達康', 'type': 'tpex', 'date': '2023-06-29'}"
186,2756,聯發國際,觀光事業,tpex,2023-06-29,"{'industry_category': '觀光事業', 'stock_id': '2756', 'stock_name': '聯發國際', 'type': 'tpex', 'date': '2023-06-29'}"
187,4804,大略-KY,觀光事業,tpex,2023-06-29,"{'industry_category': '觀光事業', 'stock_id': '4804', 'stock_name': '大略-KY', 'type': 'tpex', 'date': '2023-06-29'}"
188,6195,詩肯,貿易百貨,tpex,2023-06-29,"{'industry_category': '貿易百貨', 'stock_id': '6195', 'stock_name': '詩肯', 'type': 'tpex', 'date': '2023-06-29'}"
189,8941,關中,貿易百貨,tpex,2023-06-29,"{'industry_category': '貿易百貨', 'stock_id': '8941', 'stock_name': '關中', 'type': 'tpex', 'date': '2023-06-29'}"
190,3171,新洲,貿易百貨,tpex,2023-06-29,"{'industry_category': '貿易百貨', 'stock_id': '3171', 'stock_name': '新洲', 'type': 'tpex', 'date': '2023-06-29'}"
191,9943,好樂迪,觀光事業,twse,2023-06-29,"{'industry_category': '觀光事業', 'stock_id': '9943', 'stock_name': '好樂迪', 'type': 'twse', 'date': '2023-06-29'}"
192,3252,海灣,觀光事業,tpex,2023-06-29,"{'industry_category': '觀光事業', 'stock_id': '3252', 'stock_name': '海灣', 'type': 'tpex', 'date': '2023-06-29'}"
193,2916,滿心,貿易百貨,tpex,2023-06-29,"{'industry_category': '貿易百貨', 'stock_id': '2916', 'stock_name': '滿心', 'type': 'tpex', 'date': '2023-06-29'}"
194,2924,宏太-KY,貿易百貨,tpex,2023-06-29,"{'industry_category': '貿易百貨', 'stock_id': '2924', 'stock_name': '宏太-KY', 'type': 'tpex', 'date': '2023-06-29'}"
195,2754,亞洲藏壽司,觀光事業,tpex,2023-06-29,"{'industry_category': '觀光事業', 'stock_id': '2754', 'stock_name': '亞洲藏壽司', 'type': 'tpex', 'date': '2023-06-29'}"
196,8940,新天地,觀光事業,twse,2023-06-29,"{'industry_category': '觀光事業', 'stock_id': '8940', 'stock_name': '新天地', 'type': 'twse', 'date': '2023-06-29'}"
197,2937,集雅社,貿易百貨,tpex,2023-06-29,"{'industry_category': '貿易百貨', 'stock_id': '2937', 'stock_name': '集雅社', 'type': 'tpex', 'date': '2023-06-29'}"
198,2755,揚秦,觀光事業,tpex,2023-06-29,"{'industry_category': '觀光事業', 'stock_id': '2755', 'stock_name': '揚秦', 'type': 'tpex', 'date': '2023-06-29'}"
199,8438,昶昕,其他,twse,2023-06-30,"{'industry_category': '其他', 'stock_id': '8438', 'stock_name': '昶昕', 'type': 'twse', 'date': '2023-06-30'}"
200,1472,三洋實業,紡織纖維,twse,2023-06-30,"{'industry_category': '紡織纖維', 'stock_id': '1472', 'stock_name': '三洋實業', 'type': 'twse', 'date': '2023-06-30'}"
201,4536,拓凱,其他,twse,2023-06-30,"{'industry_category': '其他', 'stock_id': '4536', 'stock_name': '拓凱', 'type': 'twse', 'date': '2023-06-30'}"
202,9802,鈺齊-KY,其他,twse,2023-06-30,"{'industry_category': '其他', 'stock_id': '9802', 'stock_name': '鈺齊-KY', 'type': 'twse', 'date': '2023-06-30'}"
203,5306,桂盟,其他,twse,2023-06-30,"{'industry_category': '其他', 'stock_id': '5306', 'stock_name': '桂盟', 'type': 'twse', 'date': '2023-06-30'}"
204,6806,森崴能源,其他,twse,2023-06-30,"{'industry_category': '其他', 'stock_id': '6806', 'stock_name': '森崴能源', 'type': 'twse', 'date': '2023-06-30'}"
205,3054,立萬利,電子工業,twse,2023-06-30,"{'industry_category': '電子工業', 'stock_id': '3054', 'stock_name': '立萬利', 'type': 'twse', 'date': '2023-06-30'}"
206,8462,柏文,觀光餐旅,twse,2023-06-30,"{'industry_category': '觀光餐旅', 'stock_id': '8462', 'stock_name': '柏文', 'type': 'twse', 'date': '2023-06-30'}"
207,6165,浪凡,其他,twse,2023-06-30,"{'industry_category': '其他', 'stock_id': '6165', 'stock_name': '浪凡', 'type': 'twse', 'date': '2023-06-30'}"
208,9904,寶成,其他,twse,2023-06-30,"{'industry_category': '其他', 'stock_id': '9904', 'stock_name': '寶成', 'type': 'twse', 'date': '2023-06-30'}"
209,3708,上緯投控,化學工業,twse,2023-06-30,"{'industry_category': '化學工業', 'stock_id': '3708', 'stock_name': '上緯投控', 'type': 'twse', 'date': '2023-06-30'}"
210,8464,億豐,其他,twse,2023-06-30,"{'industry_category': '其他', 'stock_id': '8464', 'stock_name': '億豐', 'type': 'twse', 'date': '2023-06-30'}"
211,8467,波力-KY,其他,twse,2023-06-30,"{'industry_category': '其他', 'stock_id': '8467', 'stock_name': '波力-KY', 'type': 'twse', 'date': '2023-06-30'}"
212,9955,佳龍,其他,twse,2023-06-30,"{'industry_category': '其他', 'stock_id': '9955', 'stock_name': '佳龍', 'type': 'twse', 'date': '2023-06-30'}"
213,6670,復盛應用,其他,twse,2023-06-30,"{'industry_category': '其他', 'stock_id': '6670', 'stock_name': '復盛應用', 'type': 'twse', 'date': '2023-06-30'}"
214,6671,三能-KY,其他,twse,2023-06-30,"{'industry_category': '其他', 'stock_id': '6671', 'stock_name': '三能-KY', 'type': 'twse', 'date': '2023-06-30'}"
215,8454,富邦媒,貿易百貨,twse,2023-06-30,"{'industry_category': '貿易百貨', 'stock_id': '8454', 'stock_name': '富邦媒', 'type': 'twse', 'date': '2023-06-30'}"
216,3708,上緯投控,化學生技醫療,twse,2023-06-30,"{'industry_category': '化學生技醫療', 'stock_id': '3708', 'stock_name': '上緯投控', 'type': 'twse', 'date': '2023-06-30'}"
217,8422,可寧衛,其他,twse,2023-06-30,"{'industry_category': '其他', 'stock_id': '8422', 'stock_name': '可寧衛', 'type': 'twse', 'date': '2023-06-30'}"
218,6807,峰源-KY,其他,twse,2023-06-30,"{'industry_category': '其他', 'stock_id': '6807', 'stock_name': '峰源-KY', 'type': 'twse', 'date': '2023-06-30'}"
219,6768,志強-KY,其他,twse,2023-06-30,"{'industry_category': '其他', 'stock_id': '6768', 'stock_name': '志強-KY', 'type': 'twse', 'date': '2023-06-30'}"
220,6689,伊雲谷,電子工業,twse,2023-06-30,"{'industry_category': '電子工業', 'stock_id': '6689', 'stock_name': '伊雲谷', 'type': 'twse', 'date': '2023-06-30'}"
221,9935,慶豐富,其他,twse,2023-06-30,"{'industry_category': '其他', 'stock_id': '9935', 'stock_name': '慶豐富', 'type': 'twse', 'date': '2023-06-30'}"
222,2062,橋椿,其他,twse,2023-06-30,"{'industry_category': '其他', 'stock_id': '2062', 'stock_name': '橋椿', 'type': 'twse', 'date': '2023-06-30'}"
223,6754,匯僑設計,其他,twse,2023-06-30,"{'industry_category': '其他', 'stock_id': '6754', 'stock_name': '匯僑設計', 'type': 'twse', 'date': '2023-06-30'}"
224,9934,成霖,其他,twse,2023-06-30,"{'industry_category': '其他', 'stock_id': '9934', 'stock_name': '成霖', 'type': 'twse', 'date': '2023-06-30'}"
225,6689,伊雲谷,其他電子業,twse,2023-06-30,"{'industry_category': '其他電子業', 'stock_id': '6689', 'stock_name': '伊雲谷', 'type': 'twse', 'date': '2023-06-30'}"
226,3130,一零四,資訊服務業,twse,2023-06-30,"{'industry_category': '資訊服務業', 'stock_id': '3130', 'stock_name': '一零四', 'type': 'twse', 'date': '2023-06-30'}"
227,3130,一零四,電子工業,twse,2023-06-30,"{'industry_category': '電子工業', 'stock_id': '3130', 'stock_name': '一零四', 'type': 'twse', 'date': '2023-06-30'}"
228,1432,大魯閣,貿易百貨,twse,2023-06-30,"{'industry_category': '貿易百貨', 'stock_id': '1432', 'stock_name': '大魯閣', 'type': 'twse', 'date': '2023-06-30'}"
229,2424,隴華,電腦及週邊設備業,twse,2023-06-30,"{'industry_category': '電腦及週邊設備業', 'stock_id': '2424', 'stock_name': '隴華', 'type': 'twse', 'date': '2023-06-30'}"
230,2442,新美齊,電子工業,twse,2023-06-30,"{'industry_category': '電子工業', 'stock_id': '2442', 'stock_name': '新美齊', 'type': 'twse', 'date': '2023-06-30'}"
231,1736,喬山,化學生技醫療,twse,2023-06-30,"{'industry_category': '化學生技醫療', 'stock_id': '1736', 'stock_name': '喬山', 'type': 'twse', 'date': '2023-06-30'}"
232,1439,雋揚,紡織纖維,twse,2023-06-30,"{'industry_category': '紡織纖維', 'stock_id': '1439', 'stock_name': '雋揚', 'type': 'twse', 'date': '2023-06-30'}"
233,2442,新美齊,電腦及週邊設備業,twse,2023-06-30,"{'industry_category': '電腦及週邊設備業', 'stock_id': '2442', 'stock_name': '新美齊', 'type': 'twse', 'date': '2023-06-30'}"
234,8341,日友,其他,twse,2023-06-30,"{'industry_category': '其他', 'stock_id': '8341', 'stock_name': '日友', 'type': 'twse', 'date': '2023-06-30'}"
235,1736,喬山,生技醫療業,twse,2023-06-30,"{'industry_category': '生技醫療業', 'stock_id': '1736', 'stock_name': '喬山', 'type': 'twse', 'date': '2023-06-30'}"
236,9930,中聯資源,其他,twse,2023-06-30,"{'industry_category': '其他', 'stock_id': '9930', 'stock_name': '中聯資源', 'type': 'twse', 'date': '2023-06-30'}"
237,9910,豐泰,其他,twse,2023-06-30,"{'industry_category': '其他', 'stock_id': '9910', 'stock_name': '豐泰', 'type': 'twse', 'date': '2023-06-30'}"
238,3054,立萬利,半導體業,twse,2023-06-30,"{'industry_category': '半導體業', 'stock_id': '3054', 'stock_name': '立萬利', 'type': 'twse', 'date': '2023-06-30'}"
239,8473,山林水,其他,twse,2023-06-30,"{'industry_category': '其他', 'stock_id': '8473', 'stock_name': '山林水', 'type': 'twse', 'date': '2023-06-30'}"
240,6641,基士德-KY,其他,twse,2023-06-30,"{'industry_category': '其他', 'stock_id': '6641', 'stock_name': '基士德-KY', 'type': 'twse', 'date': '2023-06-30'}"
241,9914,美利達,其他,twse,2023-06-30,"{'industry_category': '其他', 'stock_id': '9914', 'stock_name': '美利達', 'type': 'twse', 'date': '2023-06-30'}"
242,9921,巨大,其他,twse,2023-06-30,"{'industry_category': '其他', 'stock_id': '9921', 'stock_name': '巨大', 'type': 'twse', 'date': '2023-06-30'}"
243,6581,鋼聯,其他,twse,2023-06-30,"{'industry_category': '其他', 'stock_id': '6581', 'stock_name': '鋼聯', 'type': 'twse', 'date': '2023-06-30'}"
244,9924,福興,其他,twse,2023-06-30,"{'industry_category': '其他', 'stock_id': '9924', 'stock_name': '福興', 'type': 'twse', 'date': '2023-06-30'}"
245,1598,岱宇,生技醫療業,twse,2023-06-30,"{'industry_category': '生技醫療業', 'stock_id': '1598', 'stock_name': '岱宇', 'type': 'twse', 'date': '2023-06-30'}"
246,3557,嘉威,其他,twse,2023-06-30,"{'industry_category': '其他', 'stock_id': '3557', 'stock_name': '嘉威', 'type': 'twse', 'date': '2023-06-30'}"
247,8482,商億-KY,其他,twse,2023-06-30,"{'industry_category': '其他', 'stock_id': '8482', 'stock_name': '商億-KY', 'type': 'twse', 'date': '2023-06-30'}"
248,8478,東哥遊艇,其他,twse,2023-06-30,"{'industry_category': '其他', 'stock_id': '8478', 'stock_name': '東哥遊艇', 'type': 'twse', 'date': '2023-06-30'}"
249,9911,櫻花,其他,twse,2023-06-30,"{'industry_category': '其他', 'stock_id': '9911', 'stock_name': '櫻花', 'type': 'twse', 'date': '2023-06-30'}"
250,1598,岱宇,化學生技醫療,twse,2023-06-30,"{'industry_category': '化學生技醫療', 'stock_id': '1598', 'stock_name': '岱宇', 'type': 'twse', 'date': '2023-06-30'}"
251,8933,愛地雅,其他,tpex,2023-07-05,"{'industry_category': '其他', 'stock_id': '8933', 'stock_name': '愛地雅', 'type': 'tpex', 'date': '2023-07-05'}"
252,8440,綠電,其他,tpex,2023-07-05,"{'industry_category': '其他', 'stock_id': '8440', 'stock_name': '綠電', 'type': 'tpex', 'date': '2023-07-05'}"
253,4530,宏易,電機機械,tpex,2023-07-05,"{'industry_category': '電機機械', 'stock_id': '4530', 'stock_name': '宏易', 'type': 'tpex', 'date': '2023-07-05'}"
254,2640,大車隊,其他,tpex,2023-07-05,"{'industry_category': '其他', 'stock_id': '2640', 'stock_name': '大車隊', 'type': 'tpex', 'date': '2023-07-05'}"
255,6811,宏碁資訊,資訊服務業,tpex,2023-07-05,"{'industry_category': '資訊服務業', 'stock_id': '6811', 'stock_name': '宏碁資訊', 'type': 'tpex', 'date': '2023-07-05'}"
256,3713,新晶投控,光電業,tpex,2023-07-05,"{'industry_category': '光電業', 'stock_id': '3713', 'stock_name': '新晶投控', 'type': 'tpex', 'date': '2023-07-05'}"
257,6690,安碁資訊,資訊服務業,tpex,2023-07-05,"{'industry_category': '資訊服務業', 'stock_id': '6690', 'stock_name': '安碁資訊', 'type': 'tpex', 'date': '2023-07-05'}"
258,4154,樂威科-KY,生技醫療業,tpex,2023-07-05,"{'industry_category': '生技醫療業', 'stock_id': '4154', 'stock_name': '樂威科-KY', 'type': 'tpex', 'date': '2023-07-05'}"
259,6123,上奇,電腦及週邊設備業,tpex,2023-07-05,"{'industry_category': '電腦及週邊設備業', 'stock_id': '6123', 'stock_name': '上奇', 'type': 'tpex', 'date': '2023-07-05'}"
260,6804,明係,其他,tpex,2023-07-05,"{'industry_category': '其他', 'stock_id': '6804', 'stock_name': '明係', 'type': 'tpex', 'date': '2023-07-05'}"
261,6629,泰金-KY,其他,tpex,2023-07-05,"{'industry_category': '其他', 'stock_id': '6629', 'stock_name': '泰金-KY', 'type': 'tpex', 'date': '2023-07-05'}"
262,8420,明揚,其他,tpex,2023-07-05,"{'industry_category': '其他', 'stock_id': '8420', 'stock_name': '明揚', 'type': 'tpex', 'date': '2023-07-05'}"
263,6624,萬年清,其他,tpex,2023-07-05,"{'industry_category': '其他', 'stock_id': '6624', 'stock_name': '萬年清', 'type': 'tpex', 'date': '2023-07-05'}"
264,8171,天宇,通信網路業,tpex,2023-07-05,"{'industry_category': '通信網路業', 'stock_id': '8171', 'stock_name': '天宇', 'type': 'tpex', 'date': '2023-07-05'}"
265,8390,金益鼎,其他,tpex,2023-07-05,"{'industry_category': '其他', 'stock_id': '8390', 'stock_name': '金益鼎', 'type': 'tpex', 'date': '2023-07-05'}"
266,2718,晶悅,觀光餐旅,tpex,2023-07-05,"{'industry_category': '觀光餐旅', 'stock_id': '2718', 'stock_name': '晶悅', 'type': 'tpex', 'date': '2023-07-05'}"
267,3178,公準,電機機械,tpex,2023-07-05,"{'industry_category': '電機機械', 'stock_id': '3178', 'stock_name': '公準', 'type': 'tpex', 'date': '2023-07-05'}"
268,1593,祺驊,生技醫療業,tpex,2023-07-05,"{'industry_category': '生技醫療業', 'stock_id': '1593', 'stock_name': '祺驊', 'type': 'tpex', 'date': '2023-07-05'}"
269,5205,中茂,其他電子類,tpex,2023-07-05,"{'industry_category': '其他電子類', 'stock_id': '5205', 'stock_name': '中茂', 'type': 'tpex', 'date': '2023-07-05'}"
270,8087,華鎂鑫,光電業,tpex,2023-07-05,"{'industry_category': '光電業', 'stock_id': '8087', 'stock_name': '華鎂鑫', 'type': 'tpex', 'date': '2023-07-05'}"
271,8938,明安,其他,tpex,2023-07-05,"{'industry_category': '其他', 'stock_id': '8938', 'stock_name': '明安', 'type': 'tpex', 'date': '2023-07-05'}"
272,8423,保綠-KY,其他,tpex,2023-07-05,"{'industry_category': '其他', 'stock_id': '8423', 'stock_name': '保綠-KY', 'type': 'tpex', 'date': '2023-07-05'}"
273,3551,世禾,其他電子類,tpex,2023-07-05,"{'industry_category': '其他電子類', 'stock_id': '3551', 'stock_name': '世禾', 'type': 'tpex', 'date': '2023-07-05'}"
274,6616,特昇-KY,其他,tpex,2023-07-05,"{'industry_category': '其他', 'stock_id': '6616', 'stock_name': '特昇-KY', 'type': 'tpex', 'date': '2023-07-05'}"
275,4609,唐鋒,電器電纜,tpex,2023-07-05,"{'industry_category': '電器電纜', 'stock_id': '4609', 'stock_name': '唐鋒', 'type': 'tpex', 'date': '2023-07-05'}"
276,8928,鉅明,其他,tpex,2023-07-05,"{'industry_category': '其他', 'stock_id': '8928', 'stock_name': '鉅明', 'type': 'tpex', 'date': '2023-07-05'}"
277,3073,天方能源,半導體業,tpex,2023-07-05,"{'industry_category': '半導體業', 'stock_id': '3073', 'stock_name': '天方能源', 'type': 'tpex', 'date': '2023-07-05'}"
278,8476,台境,其他,tpex,2023-07-05,"{'industry_category': '其他', 'stock_id': '8476', 'stock_name': '台境', 'type': 'tpex', 'date': '2023-07-05'}"
279,8924,大田,其他,tpex,2023-07-05,"{'industry_category': '其他', 'stock_id': '8924', 'stock_name': '大田', 'type': 'tpex', 'date': '2023-07-05'}"
280,6803,崑鼎,其他,tpex,2023-07-05,"{'industry_category': '其他', 'stock_id': '6803', 'stock_name': '崑鼎', 'type': 'tpex', 'date': '2023-07-05'}"
281,4702,中美實,化學工業,tpex,2023-07-05,"{'industry_category': '化學工業', 'stock_id': '4702', 'stock_name': '中美實', 'type': 'tpex', 'date': '2023-07-05'}"
282,8916A,光隆甲特,其他,tpex,2023-07-21,"{'industry_category': '其他', 'stock_id': '8916A', 'stock_name': '光隆甲特', 'type': 'tpex', 'date': '2023-07-21'}"
283,3089,億杰,電子零組件業,tpex,2023-07-22,"{'industry_category': '電子零組件業', 'stock_id': '3089', 'stock_name': '億杰', 'type': 'tpex', 'date': '2023-07-22'}"
284,4129A,聯合甲特,生技醫療業,tpex,2023-08-10,"{'industry_category': '生技醫療業', 'stock_id': '4129A', 'stock_name': '聯合甲特', 'type': 'tpex', 'date': '2023-08-10'}"
285,5281,大峽谷-KY,光電業,tpex,2023-10-27,"{'industry_category': '光電業', 'stock_id': '5281', 'stock_name': '大峽谷-KY', 'type': 'tpex', 'date': '2023-10-27'}"
286,4944,兆遠,光電業,tpex,2023-10-27,"{'industry_category': '光電業', 'stock_id': '4944', 'stock_name': '兆遠', 'type': 'tpex', 'date': '2023-10-27'}"
287,8476,台境,綠能環保類,tpex,2023-11-02,"{'industry_category': '綠能環保類', 'stock_id': '8476', 'stock_name': '台境', 'type': 'tpex', 'date': '2023-11-02'}"
288,00744B,國泰中國政金債5+,上櫃指數股票型基金(ETF),tpex,2023-11-22,"{'industry_category': '上櫃指數股票型基金(ETF)', 'stock_id': '00744B', 'stock_name': '國泰中國政金債5+', 'type': 'tpex', 'date': '2023-11-22'}"
289,6404,通訊-KY,資訊服務業,tpex,2023-11-24,"{'industry_category': '資訊服務業', 'stock_id': '6404', 'stock_name': '通訊-KY', 'type': 'tpex', 'date': '2023-11-24'}"
290,020024,兆豐富櫃200N,指數投資證券(ETN),tpex,2023-12-16,"{'industry_category': '指數投資證券(ETN)', 'stock_id': '020024', 'stock_name': '兆豐富櫃200N', 'type': 'tpex', 'date': '2023-12-16'}"
291,02002L,兆豐富櫃200正二N,指數投資證券(ETN),tpex,2023-12-16,"{'industry_category': '指數投資證券(ETN)', 'stock_id': '02002L', 'stock_name': '兆豐富櫃200正二N', 'type': 'tpex', 'date': '2023-12-16'}"
292,8418,捷必勝-KY,其他,tpex,2024-01-27,"{'industry_category': '其他', 'stock_id': '8418', 'stock_name': '捷必勝-KY', 'type': 'tpex', 'date': '2024-01-27'}"
293,4712,南璋,食品工業,tpex,2024-02-08,"{'industry_category': '食品工業', 'stock_id': '4712', 'stock_name': '南璋', 'type': 'tpex', 'date': '2024-02-08'}"
294,4578,總格精密,電機機械,emerging,2024-04-25,"{'industry_category': '電機機械', 'stock_id': '4578', 'stock_name': '總格精密', 'type': 'emerging', 'date': '2024-04-25'}"
295,3627,華信科,光電業,emerging,2024-04-29,"{'industry_category': '光電業', 'stock_id': '3627', 'stock_name': '華信科', 'type': 'emerging', 'date': '2024-04-29'}"
296,6562,聯亞藥,生技醫療業,emerging,2024-05-06,"{'industry_category': '生技醫療業', 'stock_id': '6562', 'stock_name': '聯亞藥', 'type': 'emerging', 'date': '2024-05-06'}"
297,1563,巧新,電機機械,emerging,2024-05-11,"{'industry_category': '電機機械', 'stock_id': '1563', 'stock_name': '巧新', 'type': 'emerging', 'date': '2024-05-11'}"
298,5383,金利,其他電子類,tpex,2024-05-25,"{'industry_category': '其他電子類', 'stock_id': '5383', 'stock_name': '金利', 'type': 'tpex', 'date': '2024-05-25'}"
299,5432,新門,光電業,tpex,2024-06-05,"{'industry_category': '光電業', 'stock_id': '5432', 'stock_name': '新門', 'type': 'tpex', 'date': '2024-06-05'}"
300,8091,翔名,電子零組件業,tpex,2024-06-05,"{'industry_category': '電子零組件業', 'stock_id': '8091', 'stock_name': '翔名', 'type': 'tpex', 'date': '2024-06-05'}"
301,4419,元勝,紡織纖維,tpex,2024-06-05,"{'industry_category': '紡織纖維', 'stock_id': '4419', 'stock_name': '元勝', 'type': 'tpex', 'date': '2024-06-05'}"
302,3465,進泰電子,電子零組件業,tpex,2024-06-05,"{'industry_category': '電子零組件業', 'stock_id': '3465', 'stock_name': '進泰電子', 'type': 'tpex', 'date': '2024-06-05'}"
303,6198,瑞築,半導體業,tpex,2024-06-05,"{'industry_category': '半導體業', 'stock_id': '6198', 'stock_name': '瑞築', 'type': 'tpex', 'date': '2024-06-05'}"
304,6865,偉康科技,資訊服務業,tpex,2024-06-05,"{'industry_category': '資訊服務業', 'stock_id': '6865', 'stock_name': '偉康科技', 'type': 'tpex', 'date': '2024-06-05'}"
305,6903,巨漢,其他電子業,emerging,2024-06-11,"{'industry_category': '其他電子業', 'stock_id': '6903', 'stock_name': '巨漢', 'type': 'emerging', 'date': '2024-06-11'}"
306,6952,大武山,農業科技,emerging,2024-06-12,"{'industry_category': '農業科技', 'stock_id': '6952', 'stock_name': '大武山', 'type': 'emerging', 'date': '2024-06-12'}"
307,6813,富動科,電腦及週邊設備業,emerging,2024-06-13,"{'industry_category': '電腦及週邊設備業', 'stock_id': '6813', 'stock_name': '富動科', 'type': 'emerging', 'date': '2024-06-13'}"
308,020026,兆豐上櫃ESG電菁N,指數投資證券(ETN),tpex,2024-06-22,"{'industry_category': '指數投資證券(ETN)', 'stock_id': '020026', 'stock_name': '兆豐上櫃ESG電菁N', 'type': 'tpex', 'date': '2024-06-22'}"
309,7751,竑騰,電子工業,emerging,2024-06-26,"{'industry_category': '電子工業', 'stock_id': '7751', 'stock_name': '竑騰', 'type': 'emerging', 'date': '2024-06-26'}"
310,00831B,新光美債1-3,上櫃指數股票型基金(ETF),tpex,2024-07-20,"{'industry_category': '上櫃指數股票型基金(ETF)', 'stock_id': '00831B', 'stock_name': '新光美債1-3', 'type': 'tpex', 'date': '2024-07-20'}"
311,6999,瀚醫生技,化學生技醫療,emerging,2024-08-02,"{'industry_category': '化學生技醫療', 'stock_id': '6999', 'stock_name': '瀚醫生技', 'type': 'emerging', 'date': '2024-08-02'}"
312,6968,萬達寵物,居家生活,emerging,2024-08-13,"{'industry_category': '居家生活', 'stock_id': '6968', 'stock_name': '萬達寵物', 'type': 'emerging', 'date': '2024-08-13'}"
313,5233,有量,其他電子業,emerging,2024-08-13,"{'industry_category': '其他電子業', 'stock_id': '5233', 'stock_name': '有量', 'type': 'emerging', 'date': '2024-08-13'}"
314,8041,東元精電,電機機械,emerging,2024-08-22,"{'industry_category': '電機機械', 'stock_id': '8041', 'stock_name': '東元精電', 'type': 'emerging', 'date': '2024-08-22'}"
315,6739,竹陞科技,其他電子業,emerging,2024-08-30,"{'industry_category': '其他電子業', 'stock_id': '6739', 'stock_name': '竹陞科技', 'type': 'emerging', 'date': '2024-08-30'}"
316,6514,芮特-KY,通信網路業,tpex,2024-10-11,"{'industry_category': '通信網路業', 'stock_id': '6514', 'stock_name': '芮特-KY', 'type': 'tpex', 'date': '2024-10-11'}"
317,00721B,元大中國債3-5,上櫃指數股票型基金(ETF),tpex,2024-10-16,"{'industry_category': '上櫃指數股票型基金(ETF)', 'stock_id': '00721B', 'stock_name': '元大中國債3-5', 'type': 'tpex', 'date': '2024-10-16'}"
318,7703,銳澤,其他電子業,emerging,2024-10-26,"{'industry_category': '其他電子業', 'stock_id': '7703', 'stock_name': '銳澤', 'type': 'emerging', 'date': '2024-10-26'}"
319,6997,博弘,數位雲端,emerging,2024-10-26,"{'industry_category': '數位雲端', 'stock_id': '6997', 'stock_name': '博弘', 'type': 'emerging', 'date': '2024-10-26'}"
320,8420,明揚,運動休閒類,tpex,2024-11-23,"{'industry_category': '運動休閒類', 'stock_id': '8420', 'stock_name': '明揚', 'type': 'tpex', 'date': '2024-11-23'}"
321,6869,雲豹能源,創新版股票,twse,2024-11-25,"{'industry_category': '創新版股票', 'stock_id': '6869', 'stock_name': '雲豹能源', 'type': 'twse', 'date': '2024-11-25'}"
322,6873,泓德能源,創新版股票,twse,2024-11-25,"{'industry_category': '創新版股票', 'stock_id': '6873', 'stock_name': '泓德能源', 'type': 'twse', 'date': '2024-11-25'}"
323,6757,台灣虎航-創,創新版股票,twse,2024-11-28,"{'industry_category': '創新版股票', 'stock_id': '6757', 'stock_name': '台灣虎航-創', 'type': 'twse', 'date': '2024-11-28'}"
324,1606,歌林,電器電纜,twse,2024-12-03,"{'industry_category': '電器電纜', 'stock_id': '1606', 'stock_name': '歌林', 'type': 'twse', 'date': '2024-12-03'}"
325,4733,上緯,化學工業,twse,2024-12-03,"{'industry_category': '化學工業', 'stock_id': '4733', 'stock_name': '上緯', 'type': 'twse', 'date': '2024-12-03'}"
326,1716,永信,化學生技醫療,twse,2024-12-03,"{'industry_category': '化學生技醫療', 'stock_id': '1716', 'stock_name': '永信', 'type': 'twse', 'date': '2024-12-03'}"
327,1715,萬洲,塑膠工業,twse,2024-12-03,"{'industry_category': '塑膠工業', 'stock_id': '1715', 'stock_name': '萬洲', 'type': 'twse', 'date': '2024-12-03'}"
328,1230,聯成食,電器電纜,twse,2024-12-03,"{'industry_category': '電器電纜', 'stock_id': '1230', 'stock_name': '聯成食', 'type': 'twse', 'date': '2024-12-03'}"
329,1601,台光,電器電纜,twse,2024-12-03,"{'industry_category': '電器電纜', 'stock_id': '1601', 'stock_name': '台光', 'type': 'twse', 'date': '2024-12-03'}"
330,4733,上緯,化學生技醫療,twse,2024-12-03,"{'industry_category': '化學生技醫療', 'stock_id': '4733', 'stock_name': '上緯', 'type': 'twse', 'date': '2024-12-03'}"
331,1311,福聚,塑膠工業,twse,2024-12-03,"{'industry_category': '塑膠工業', 'stock_id': '1311', 'stock_name': '福聚', 'type': 'twse', 'date': '2024-12-03'}"
332,1729,必翔,化學生技醫療,twse,2024-12-03,"{'industry_category': '化學生技醫療', 'stock_id': '1729', 'stock_name': '必翔', 'type': 'twse', 'date': '2024-12-03'}"
333,1523,開億,電機機械,twse,2024-12-03,"{'industry_category': '電機機械', 'stock_id': '1523', 'stock_name': '開億', 'type': 'twse', 'date': '2024-12-03'}"
334,911602,華豐泰,存託憑證,twse,2024-12-04,"{'industry_category': '存託憑證', 'stock_id': '911602', 'stock_name': '華豐泰', 'type': 'twse', 'date': '2024-12-04'}"
335,2341,英群,電腦及週邊設備業,twse,2024-12-04,"{'industry_category': '電腦及週邊設備業', 'stock_id': '2341', 'stock_name': '英群', 'type': 'twse', 'date': '2024-12-04'}"
336,9110,越南控-DR,存託憑證,twse,2024-12-04,"{'industry_category': '存託憑證', 'stock_id': '9110', 'stock_name': '越南控-DR', 'type': 'twse', 'date': '2024-12-04'}"
337,910948,融達,存託憑證,twse,2024-12-04,"{'industry_category': '存託憑證', 'stock_id': '910948', 'stock_name': '融達', 'type': 'twse', 'date': '2024-12-04'}"
338,910861,神州-DR,存託憑證,twse,2024-12-04,"{'industry_category': '存託憑證', 'stock_id': '910861', 'stock_name': '神州-DR', 'type': 'twse', 'date': '2024-12-04'}"
339,6119,大傳,電子工業,twse,2024-12-04,"{'industry_category': '電子工業', 'stock_id': '6119', 'stock_name': '大傳', 'type': 'twse', 'date': '2024-12-04'}"
340,6119,大傳,電子通路業,twse,2024-12-04,"{'industry_category': '電子通路業', 'stock_id': '6119', 'stock_name': '大傳', 'type': 'twse', 'date': '2024-12-04'}"
341,910801,金衛-DR,存託憑證,twse,2024-12-04,"{'industry_category': '存託憑證', 'stock_id': '910801', 'stock_name': '金衛-DR', 'type': 'twse', 'date': '2024-12-04'}"
342,6969,成信實業*-創,創新版股票,twse,2024-12-04,"{'industry_category': '創新版股票', 'stock_id': '6969', 'stock_name': '成信實業*-創', 'type': 'twse', 'date': '2024-12-04'}"
343,6645,金萬林-創,創新版股票,twse,2024-12-04,"{'industry_category': '創新版股票', 'stock_id': '6645', 'stock_name': '金萬林-創', 'type': 'twse', 'date': '2024-12-04'}"
344,5280,F-敦泰,電子工業,twse,2024-12-04,"{'industry_category': '電子工業', 'stock_id': '5280', 'stock_name': 'F-敦泰', 'type': 'twse', 'date': '2024-12-04'}"
345,910708,恒大健-DR,存託憑證,twse,2024-12-04,"{'industry_category': '存託憑證', 'stock_id': '910708', 'stock_name': '恒大健-DR', 'type': 'twse', 'date': '2024-12-04'}"
346,2432,倚天酷碁-創,創新版股票,twse,2024-12-04,"{'industry_category': '創新版股票', 'stock_id': '2432', 'stock_name': '倚天酷碁-創', 'type': 'twse', 'date': '2024-12-04'}"
347,911201,僑威控,存託憑證,twse,2024-12-04,"{'industry_category': '存託憑證', 'stock_id': '911201', 'stock_name': '僑威控', 'type': 'twse', 'date': '2024-12-04'}"
348,2391,合勤,通信網路業,twse,2024-12-04,"{'industry_category': '通信網路業', 'stock_id': '2391', 'stock_name': '合勤', 'type': 'twse', 'date': '2024-12-04'}"
349,2437,旺詮,電子零組件業,twse,2024-12-04,"{'industry_category': '電子零組件業', 'stock_id': '2437', 'stock_name': '旺詮', 'type': 'twse', 'date': '2024-12-04'}"
350,911606,超級,存託憑證,twse,2024-12-04,"{'industry_category': '存託憑證', 'stock_id': '911606', 'stock_name': '超級', 'type': 'twse', 'date': '2024-12-04'}"
351,911868,同方友友-DR,存託憑證,twse,2024-12-04,"{'industry_category': '存託憑證', 'stock_id': '911868', 'stock_name': '同方友友-DR', 'type': 'twse', 'date': '2024-12-04'}"
352,9915,億豐,其他,twse,2024-12-04,"{'industry_category': '其他', 'stock_id': '9915', 'stock_name': '億豐', 'type': 'twse', 'date': '2024-12-04'}"
353,2526,大陸,建材營造,twse,2024-12-04,"{'industry_category': '建材營造', 'stock_id': '2526', 'stock_name': '大陸', 'type': 'twse', 'date': '2024-12-04'}"
354,912000,晨訊科-DR,存託憑證,twse,2024-12-04,"{'industry_category': '存託憑證', 'stock_id': '912000', 'stock_name': '晨訊科-DR', 'type': 'twse', 'date': '2024-12-04'}"
355,3697,F-晨星,電子工業,twse,2024-12-04,"{'industry_category': '電子工業', 'stock_id': '3697', 'stock_name': 'F-晨星', 'type': 'twse', 'date': '2024-12-04'}"
356,2350,環電,電子工業,twse,2024-12-04,"{'industry_category': '電子工業', 'stock_id': '2350', 'stock_name': '環電', 'type': 'twse', 'date': '2024-12-04'}"
357,912398,友佳-DR,存託憑證,twse,2024-12-04,"{'industry_category': '存託憑證', 'stock_id': '912398', 'stock_name': '友佳-DR', 'type': 'twse', 'date': '2024-12-04'}"
358,9136,巨騰-DR,存託憑證,twse,2024-12-04,"{'industry_category': '存託憑證', 'stock_id': '9136', 'stock_name': '巨騰-DR', 'type': 'twse', 'date': '2024-12-04'}"
359,913889,大成糖,存託憑證,twse,2024-12-04,"{'industry_category': '存託憑證', 'stock_id': '913889', 'stock_name': '大成糖', 'type': 'twse', 'date': '2024-12-04'}"
360,9151,旺旺,存託憑證,twse,2024-12-04,"{'industry_category': '存託憑證', 'stock_id': '9151', 'stock_name': '旺旺', 'type': 'twse', 'date': '2024-12-04'}"
361,9157,陽光能源-DR,存託憑證,twse,2024-12-04,"{'industry_category': '存託憑證', 'stock_id': '9157', 'stock_name': '陽光能源-DR', 'type': 'twse', 'date': '2024-12-04'}"
362,916665,爾必達,存託憑證,twse,2024-12-04,"{'industry_category': '存託憑證', 'stock_id': '916665', 'stock_name': '爾必達', 'type': 'twse', 'date': '2024-12-04'}"
363,9188,精熙-DR,存託憑證,twse,2024-12-04,"{'industry_category': '存託憑證', 'stock_id': '9188', 'stock_name': '精熙-DR', 'type': 'twse', 'date': '2024-12-04'}"
364,9801,力霸,貿易百貨,twse,2024-12-04,"{'industry_category': '貿易百貨', 'stock_id': '9801', 'stock_name': '力霸', 'type': 'twse', 'date': '2024-12-04'}"
365,2350,環電,其他電子業,twse,2024-12-04,"{'industry_category': '其他電子業', 'stock_id': '2350', 'stock_name': '環電', 'type': 'twse', 'date': '2024-12-04'}"
366,1107,建台,其他,twse,2024-12-04,"{'industry_category': '其他', 'stock_id': '1107', 'stock_name': '建台', 'type': 'twse', 'date': '2024-12-04'}"
367,2396,精碟,電子工業,twse,2024-12-04,"{'industry_category': '電子工業', 'stock_id': '2396', 'stock_name': '精碟', 'type': 'twse', 'date': '2024-12-04'}"
368,6423,億而得-創,創新版股票,twse,2024-12-04,"{'industry_category': '創新版股票', 'stock_id': '6423', 'stock_name': '億而得-創', 'type': 'twse', 'date': '2024-12-04'}"
369,2396,精碟,光電業,twse,2024-12-04,"{'industry_category': '光電業', 'stock_id': '2396', 'stock_name': '精碟', 'type': 'twse', 'date': '2024-12-04'}"
370,2847,大眾銀,金融保險,twse,2024-12-04,"{'industry_category': '金融保險', 'stock_id': '2847', 'stock_name': '大眾銀', 'type': 'twse', 'date': '2024-12-04'}"
371,2837,萬泰銀,金融保險,twse,2024-12-04,"{'industry_category': '金融保險', 'stock_id': '2837', 'stock_name': '萬泰銀', 'type': 'twse', 'date': '2024-12-04'}"
372,6422,君耀-KY,電子零組件業,twse,2024-12-04,"{'industry_category': '電子零組件業', 'stock_id': '6422', 'stock_name': '君耀-KY', 'type': 'twse', 'date': '2024-12-04'}"
373,3702A,大聯大甲特,電子通路業,twse,2024-12-04,"{'industry_category': '電子通路業', 'stock_id': '3702A', 'stock_name': '大聯大甲特', 'type': 'twse', 'date': '2024-12-04'}"
374,911626,MSH-DR,存託憑證,twse,2024-12-04,"{'industry_category': '存託憑證', 'stock_id': '911626', 'stock_name': 'MSH-DR', 'type': 'twse', 'date': '2024-12-04'}"
375,8078,華寶,通信網路業,twse,2024-12-04,"{'industry_category': '通信網路業', 'stock_id': '8078', 'stock_name': '華寶', 'type': 'twse', 'date': '2024-12-04'}"
376,8078,華寶,電子工業,twse,2024-12-04,"{'industry_category': '電子工業', 'stock_id': '8078', 'stock_name': '華寶', 'type': 'twse', 'date': '2024-12-04'}"
377,020022,元大電動車N,ETN,twse,2024-12-04,"{'industry_category': 'ETN', 'stock_id': '020022', 'stock_name': '元大電動車N', 'type': 'twse', 'date': '2024-12-04'}"
378,911608,明輝-DR,存託憑證,twse,2024-12-04,"{'industry_category': '存託憑證', 'stock_id': '911608', 'stock_name': '明輝-DR', 'type': 'twse', 'date': '2024-12-04'}"
379,2336,致伸,電子工業,twse,2024-12-04,"{'industry_category': '電子工業', 'stock_id': '2336', 'stock_name': '致伸', 'type': 'twse', 'date': '2024-12-04'}"
380,2336,致伸,電腦及週邊設備業,twse,2024-12-04,"{'industry_category': '電腦及週邊設備業', 'stock_id': '2336', 'stock_name': '致伸', 'type': 'twse', 'date': '2024-12-04'}"
381,020002,元富新中國N,ETN,twse,2024-12-04,"{'industry_category': 'ETN', 'stock_id': '020002', 'stock_name': '元富新中國N', 'type': 'twse', 'date': '2024-12-04'}"
382,020004,兆豐電菁英30N,ETN,twse,2024-12-04,"{'industry_category': 'ETN', 'stock_id': '020004', 'stock_name': '兆豐電菁英30N', 'type': 'twse', 'date': '2024-12-04'}"
383,2494,廣業科,通信網路業,twse,2024-12-04,"{'industry_category': '通信網路業', 'stock_id': '2494', 'stock_name': '廣業科', 'type': 'twse', 'date': '2024-12-04'}"
384,020005,永豐外資50N,ETN,twse,2024-12-04,"{'industry_category': 'ETN', 'stock_id': '020005', 'stock_name': '永豐外資50N', 'type': 'twse', 'date': '2024-12-04'}"
385,020006,永昌中小300N,ETN,twse,2024-12-04,"{'industry_category': 'ETN', 'stock_id': '020006', 'stock_name': '永昌中小300N', 'type': 'twse', 'date': '2024-12-04'}"
386,020007,凱基臺灣500N,ETN,twse,2024-12-04,"{'industry_category': 'ETN', 'stock_id': '020007', 'stock_name': '凱基臺灣500N', 'type': 'twse', 'date': '2024-12-04'}"
387,020008,元大特股高息N,ETN,twse,2024-12-04,"{'industry_category': 'ETN', 'stock_id': '020008', 'stock_name': '元大特股高息N', 'type': 'twse', 'date': '2024-12-04'}"
388,911609,揚子江,存託憑證,twse,2024-12-04,"{'industry_category': '存託憑證', 'stock_id': '911609', 'stock_name': '揚子江', 'type': 'twse', 'date': '2024-12-04'}"
389,2391,合勤,電子工業,twse,2024-12-04,"{'industry_category': '電子工業', 'stock_id': '2391', 'stock_name': '合勤', 'type': 'twse', 'date': '2024-12-04'}"
390,911610,聯環,存託憑證,twse,2024-12-04,"{'industry_category': '存託憑證', 'stock_id': '911610', 'stock_name': '聯環', 'type': 'twse', 'date': '2024-12-04'}"
391,2384,勝華,電子工業,twse,2024-12-04,"{'industry_category': '電子工業', 'stock_id': '2384', 'stock_name': '勝華', 'type': 'twse', 'date': '2024-12-04'}"
392,911611,中泰山-DR,存託憑證,twse,2024-12-04,"{'industry_category': '存託憑證', 'stock_id': '911611', 'stock_name': '中泰山-DR', 'type': 'twse', 'date': '2024-12-04'}"
393,8008,建興電,電腦及週邊設備業,twse,2024-12-04,"{'industry_category': '電腦及週邊設備業', 'stock_id': '8008', 'stock_name': '建興電', 'type': 'twse', 'date': '2024-12-04'}"
394,911612,滬安,存託憑證,twse,2024-12-04,"{'industry_category': '存託憑證', 'stock_id': '911612', 'stock_name': '滬安', 'type': 'twse', 'date': '2024-12-04'}"
395,6988,威力暘-創,創新版股票,twse,2024-12-04,"{'industry_category': '創新版股票', 'stock_id': '6988', 'stock_name': '威力暘-創', 'type': 'twse', 'date': '2024-12-04'}"
396,2341,英群,電子工業,twse,2024-12-04,"{'industry_category': '電子工業', 'stock_id': '2341', 'stock_name': '英群', 'type': 'twse', 'date': '2024-12-04'}"
397,911616,杜康-DR,存託憑證,twse,2024-12-04,"{'industry_category': '存託憑證', 'stock_id': '911616', 'stock_name': '杜康-DR', 'type': 'twse', 'date': '2024-12-04'}"
398,2494,廣業科,電子工業,twse,2024-12-04,"{'industry_category': '電子工業', 'stock_id': '2494', 'stock_name': '廣業科', 'type': 'twse', 'date': '2024-12-04'}"
399,911619,耀傑-DR,存託憑證,twse,2024-12-04,"{'industry_category': '存託憑證', 'stock_id': '911619', 'stock_name': '耀傑-DR', 'type': 'twse', 'date': '2024-12-04'}"
400,911622,泰聚亨-DR,存託憑證,twse,2024-12-04,"{'industry_category': '存託憑證', 'stock_id': '911622', 'stock_name': '泰聚亨-DR', 'type': 'twse', 'date': '2024-12-04'}"
401,3697,F-晨星,半導體業,twse,2024-12-04,"{'industry_category': '半導體業', 'stock_id': '3697', 'stock_name': 'F-晨星', 'type': 'twse', 'date': '2024-12-04'}"
402,8008,建興電,電子工業,twse,2024-12-04,"{'industry_category': '電子工業', 'stock_id': '8008', 'stock_name': '建興電', 'type': 'twse', 'date': '2024-12-04'}"
403,5280,F-敦泰,半導體業,twse,2024-12-04,"{'industry_category': '半導體業', 'stock_id': '5280', 'stock_name': 'F-敦泰', 'type': 'twse', 'date': '2024-12-04'}"
404,3638,F-IML,電子工業,twse,2024-12-04,"{'industry_category': '電子工業', 'stock_id': '3638', 'stock_name': 'F-IML', 'type': 'twse', 'date': '2024-12-04'}"
405,6255,奈普,電子工業,twse,2024-12-04,"{'industry_category': '電子工業', 'stock_id': '6255', 'stock_name': '奈普', 'type': 'twse', 'date': '2024-12-04'}"
406,1520,復盛,其他,twse,2024-12-04,"{'industry_category': '其他', 'stock_id': '1520', 'stock_name': '復盛', 'type': 'twse', 'date': '2024-12-04'}"
407,2381,華宇,電腦及週邊設備業,twse,2024-12-04,"{'industry_category': '電腦及週邊設備業', 'stock_id': '2381', 'stock_name': '華宇', 'type': 'twse', 'date': '2024-12-04'}"
408,2807,竹商銀,金融保險,twse,2024-12-04,"{'industry_category': '金融保險', 'stock_id': '2807', 'stock_name': '竹商銀', 'type': 'twse', 'date': '2024-12-04'}"
409,3271,其樂達,半導體業,twse,2024-12-04,"{'industry_category': '半導體業', 'stock_id': '3271', 'stock_name': '其樂達', 'type': 'twse', 'date': '2024-12-04'}"
410,6280,崇貿,電子工業,twse,2024-12-04,"{'industry_category': '電子工業', 'stock_id': '6280', 'stock_name': '崇貿', 'type': 'twse', 'date': '2024-12-04'}"
411,2883A,開發特,金融保險,twse,2024-12-04,"{'industry_category': '金融保險', 'stock_id': '2883A', 'stock_name': '開發特', 'type': 'twse', 'date': '2024-12-04'}"
412,3080,威力盟,光電業,twse,2024-12-04,"{'industry_category': '光電業', 'stock_id': '3080', 'stock_name': '威力盟', 'type': 'twse', 'date': '2024-12-04'}"
413,2463,研揚,電子工業,twse,2024-12-04,"{'industry_category': '電子工業', 'stock_id': '2463', 'stock_name': '研揚', 'type': 'twse', 'date': '2024-12-04'}"
414,2463,研揚,電腦及週邊設備業,twse,2024-12-04,"{'industry_category': '電腦及週邊設備業', 'stock_id': '2463', 'stock_name': '研揚', 'type': 'twse', 'date': '2024-12-04'}"
415,3080,威力盟,電子工業,twse,2024-12-04,"{'industry_category': '電子工業', 'stock_id': '3080', 'stock_name': '威力盟', 'type': 'twse', 'date': '2024-12-04'}"
416,6902,GOGOLOOK-創,創新版股票,twse,2024-12-04,"{'industry_category': '創新版股票', 'stock_id': '6902', 'stock_name': 'GOGOLOOK-創', 'type': 'twse', 'date': '2024-12-04'}"
417,3598,奕力,半導體業,twse,2024-12-04,"{'industry_category': '半導體業', 'stock_id': '3598', 'stock_name': '奕力', 'type': 'twse', 'date': '2024-12-04'}"
418,00743,國泰中國A150,ETF,twse,2024-12-04,"{'industry_category': 'ETF', 'stock_id': '00743', 'stock_name': '國泰中國A150', 'type': 'twse', 'date': '2024-12-04'}"
419,00742,新光內需收益,ETF,twse,2024-12-04,"{'industry_category': 'ETF', 'stock_id': '00742', 'stock_name': '新光內需收益', 'type': 'twse', 'date': '2024-12-04'}"
420,2411,飛瑞,其他電子業,twse,2024-12-04,"{'industry_category': '其他電子業', 'stock_id': '2411', 'stock_name': '飛瑞', 'type': 'twse', 'date': '2024-12-04'}"
421,6004,元京證,金融保險,twse,2024-12-04,"{'industry_category': '金融保險', 'stock_id': '6004', 'stock_name': '元京證', 'type': 'twse', 'date': '2024-12-04'}"
422,3598,奕力,電子工業,twse,2024-12-04,"{'industry_category': '電子工業', 'stock_id': '3598', 'stock_name': '奕力', 'type': 'twse', 'date': '2024-12-04'}"
423,3599,旺能,光電業,twse,2024-12-04,"{'industry_category': '光電業', 'stock_id': '3599', 'stock_name': '旺能', 'type': 'twse', 'date': '2024-12-04'}"
424,3599,旺能,電子工業,twse,2024-12-04,"{'industry_category': '電子工業', 'stock_id': '3599', 'stock_name': '旺能', 'type': 'twse', 'date': '2024-12-04'}"
425,2411,飛瑞,電子工業,twse,2024-12-04,"{'industry_category': '電子工業', 'stock_id': '2411', 'stock_name': '飛瑞', 'type': 'twse', 'date': '2024-12-04'}"
426,3534,雷凌,電子工業,twse,2024-12-04,"{'industry_category': '電子工業', 'stock_id': '3534', 'stock_name': '雷凌', 'type': 'twse', 'date': '2024-12-04'}"
427,2258,鴻華先進-創,創新版股票,twse,2024-12-04,"{'industry_category': '創新版股票', 'stock_id': '2258', 'stock_name': '鴻華先進-創', 'type': 'twse', 'date': '2024-12-04'}"
428,00866,新光Shiller CAPE,ETF,twse,2024-12-04,"{'industry_category': 'ETF', 'stock_id': '00866', 'stock_name': '新光Shiller CAPE', 'type': 'twse', 'date': '2024-12-04'}"
429,3534,雷凌,半導體業,twse,2024-12-04,"{'industry_category': '半導體業', 'stock_id': '3534', 'stock_name': '雷凌', 'type': 'twse', 'date': '2024-12-04'}"
430,6012,金鼎證,金融保險,twse,2024-12-04,"{'industry_category': '金融保險', 'stock_id': '6012', 'stock_name': '金鼎證', 'type': 'twse', 'date': '2024-12-04'}"
431,6172,互億,電腦及週邊設備業,twse,2024-12-04,"{'industry_category': '電腦及週邊設備業', 'stock_id': '6172', 'stock_name': '互億', 'type': 'twse', 'date': '2024-12-04'}"
432,2827,中聯,金融保險,twse,2024-12-04,"{'industry_category': '金融保險', 'stock_id': '2827', 'stock_name': '中聯', 'type': 'twse', 'date': '2024-12-04'}"
433,0060,新台灣,ETF,twse,2024-12-04,"{'industry_category': 'ETF', 'stock_id': '0060', 'stock_name': '新台灣', 'type': 'twse', 'date': '2024-12-04'}"
434,2403,友尚,電子工業,twse,2024-12-04,"{'industry_category': '電子工業', 'stock_id': '2403', 'stock_name': '友尚', 'type': 'twse', 'date': '2024-12-04'}"
435,3061,璨圓,光電業,twse,2024-12-04,"{'industry_category': '光電業', 'stock_id': '3061', 'stock_name': '璨圓', 'type': 'twse', 'date': '2024-12-04'}"
436,3061,璨圓,電子工業,twse,2024-12-04,"{'industry_category': '電子工業', 'stock_id': '3061', 'stock_name': '璨圓', 'type': 'twse', 'date': '2024-12-04'}"
437,00766L,台新MSCI中國正2,ETF,twse,2024-12-04,"{'industry_category': 'ETF', 'stock_id': '00766L', 'stock_name': '台新MSCI中國正2', 'type': 'twse', 'date': '2024-12-04'}"
438,00767,FH美國金融股,ETF,twse,2024-12-04,"{'industry_category': 'ETF', 'stock_id': '00767', 'stock_name': 'FH美國金融股', 'type': 'twse', 'date': '2024-12-04'}"
439,2315,神達,電腦及週邊設備業,twse,2024-12-04,"{'industry_category': '電腦及週邊設備業', 'stock_id': '2315', 'stock_name': '神達', 'type': 'twse', 'date': '2024-12-04'}"
440,00774B,新光中國政金綠債,ETF,twse,2024-12-04,"{'industry_category': 'ETF', 'stock_id': '00774B', 'stock_name': '新光中國政金綠債', 'type': 'twse', 'date': '2024-12-04'}"
441,00774C,新光中政金綠債+R,ETF,twse,2024-12-04,"{'industry_category': 'ETF', 'stock_id': '00774C', 'stock_name': '新光中政金綠債+R', 'type': 'twse', 'date': '2024-12-04'}"
442,00776,新光ICE美國權值,ETF,twse,2024-12-04,"{'industry_category': 'ETF', 'stock_id': '00776', 'stock_name': '新光ICE美國權值', 'type': 'twse', 'date': '2024-12-04'}"
443,3559,全智科,半導體業,twse,2024-12-04,"{'industry_category': '半導體業', 'stock_id': '3559', 'stock_name': '全智科', 'type': 'twse', 'date': '2024-12-04'}"
444,8487,愛爾達-創,創新版股票,twse,2024-12-04,"{'industry_category': '創新版股票', 'stock_id': '8487', 'stock_name': '愛爾達-創', 'type': 'twse', 'date': '2024-12-04'}"
445,2315,神達,電子工業,twse,2024-12-04,"{'industry_category': '電子工業', 'stock_id': '2315', 'stock_name': '神達', 'type': 'twse', 'date': '2024-12-04'}"
446,2452,乾坤,電子零組件業,twse,2024-12-04,"{'industry_category': '電子零組件業', 'stock_id': '2452', 'stock_name': '乾坤', 'type': 'twse', 'date': '2024-12-04'}"
447,3063,飛信,電子工業,twse,2024-12-04,"{'industry_category': '電子工業', 'stock_id': '3063', 'stock_name': '飛信', 'type': 'twse', 'date': '2024-12-04'}"
448,5854,合庫,金融保險,twse,2024-12-04,"{'industry_category': '金融保險', 'stock_id': '5854', 'stock_name': '合庫', 'type': 'twse', 'date': '2024-12-04'}"
449,2887C,新丙特,金融保險,twse,2024-12-04,"{'industry_category': '金融保險', 'stock_id': '2887C', 'stock_name': '新丙特', 'type': 'twse', 'date': '2024-12-04'}"
450,3614,誠致,半導體業,twse,2024-12-04,"{'industry_category': '半導體業', 'stock_id': '3614', 'stock_name': '誠致', 'type': 'twse', 'date': '2024-12-04'}"
451,3573,穎台,光電業,twse,2024-12-04,"{'industry_category': '光電業', 'stock_id': '3573', 'stock_name': '穎台', 'type': 'twse', 'date': '2024-12-04'}"
452,2456,奇力新,電子零組件業,twse,2024-12-04,"{'industry_category': '電子零組件業', 'stock_id': '2456', 'stock_name': '奇力新', 'type': 'twse', 'date': '2024-12-04'}"
453,3063,飛信,半導體業,twse,2024-12-04,"{'industry_category': '半導體業', 'stock_id': '3063', 'stock_name': '飛信', 'type': 'twse', 'date': '2024-12-04'}"
454,2452,乾坤,電子工業,twse,2024-12-04,"{'industry_category': '電子工業', 'stock_id': '2452', 'stock_name': '乾坤', 'type': 'twse', 'date': '2024-12-04'}"
455,6534,正瀚-創,創新版股票,twse,2024-12-04,"{'industry_category': '創新版股票', 'stock_id': '6534', 'stock_name': '正瀚-創', 'type': 'twse', 'date': '2024-12-04'}"
456,6854,錼創科技-KY創,創新版股票,twse,2024-12-04,"{'industry_category': '創新版股票', 'stock_id': '6854', 'stock_name': '錼創科技-KY創', 'type': 'twse', 'date': '2024-12-04'}"
457,3367,英華達,其他電子業,twse,2024-12-04,"{'industry_category': '其他電子業', 'stock_id': '3367', 'stock_name': '英華達', 'type': 'twse', 'date': '2024-12-04'}"
458,2381,華宇,電子工業,twse,2024-12-04,"{'industry_category': '電子工業', 'stock_id': '2381', 'stock_name': '華宇', 'type': 'twse', 'date': '2024-12-04'}"
459,2403,友尚,電子通路業,twse,2024-12-04,"{'industry_category': '電子通路業', 'stock_id': '2403', 'stock_name': '友尚', 'type': 'twse', 'date': '2024-12-04'}"
460,3584,介面,光電業,twse,2024-12-04,"{'industry_category': '光電業', 'stock_id': '3584', 'stock_name': '介面', 'type': 'twse', 'date': '2024-12-04'}"
461,0080,恒中國,ETF,twse,2024-12-04,"{'industry_category': 'ETF', 'stock_id': '0080', 'stock_name': '恒中國', 'type': 'twse', 'date': '2024-12-04'}"
462,0081,恒香港,ETF,twse,2024-12-04,"{'industry_category': 'ETF', 'stock_id': '0081', 'stock_name': '恒香港', 'type': 'twse', 'date': '2024-12-04'}"
463,3367,英華達,電子工業,twse,2024-12-04,"{'industry_category': '電子工業', 'stock_id': '3367', 'stock_name': '英華達', 'type': 'twse', 'date': '2024-12-04'}"
464,3584,介面,電子工業,twse,2024-12-04,"{'industry_category': '電子工業', 'stock_id': '3584', 'stock_name': '介面', 'type': 'twse', 'date': '2024-12-04'}"
465,3573,穎台,電子工業,twse,2024-12-04,"{'industry_category': '電子工業', 'stock_id': '3573', 'stock_name': '穎台', 'type': 'twse', 'date': '2024-12-04'}"
466,3020,奇普仕,電子通路業,twse,2024-12-04,"{'industry_category': '電子通路業', 'stock_id': '3020', 'stock_name': '奇普仕', 'type': 'twse', 'date': '2024-12-04'}"
467,2831,中華銀,金融保險,twse,2024-12-04,"{'industry_category': '金融保險', 'stock_id': '2831', 'stock_name': '中華銀', 'type': 'twse', 'date': '2024-12-04'}"
468,3614,誠致,電子工業,twse,2024-12-04,"{'industry_category': '電子工業', 'stock_id': '3614', 'stock_name': '誠致', 'type': 'twse', 'date': '2024-12-04'}"
469,3009,奇美電,光電業,twse,2024-12-04,"{'industry_category': '光電業', 'stock_id': '3009', 'stock_name': '奇美電', 'type': 'twse', 'date': '2024-12-04'}"
470,6702,興航,航運業,twse,2024-12-04,"{'industry_category': '航運業', 'stock_id': '6702', 'stock_name': '興航', 'type': 'twse', 'date': '2024-12-04'}"
471,3638,F-IML,半導體業,twse,2024-12-04,"{'industry_category': '半導體業', 'stock_id': '3638', 'stock_name': 'F-IML', 'type': 'twse', 'date': '2024-12-04'}"
472,2854,寶來證,金融保險,twse,2024-12-04,"{'industry_category': '金融保險', 'stock_id': '2854', 'stock_name': '寶來證', 'type': 'twse', 'date': '2024-12-04'}"
473,3009,奇美電,電子工業,twse,2024-12-04,"{'industry_category': '電子工業', 'stock_id': '3009', 'stock_name': '奇美電', 'type': 'twse', 'date': '2024-12-04'}"
474,910322,康師傅-DR,存託憑證,twse,2024-12-04,"{'industry_category': '存託憑證', 'stock_id': '910322', 'stock_name': '康師傅-DR', 'type': 'twse', 'date': '2024-12-04'}"
475,9104,萬宇科,存託憑證,twse,2024-12-04,"{'industry_category': '存託憑證', 'stock_id': '9104', 'stock_name': '萬宇科', 'type': 'twse', 'date': '2024-12-04'}"
476,6949,沛爾生醫-創,創新版股票,twse,2024-12-04,"{'industry_category': '創新版股票', 'stock_id': '6949', 'stock_name': '沛爾生醫-創', 'type': 'twse', 'date': '2024-12-04'}"
477,910482,聖馬丁-DR,存託憑證,twse,2024-12-04,"{'industry_category': '存託憑證', 'stock_id': '910482', 'stock_name': '聖馬丁-DR', 'type': 'twse', 'date': '2024-12-04'}"
478,6951,青新-創,創新版股票,twse,2024-12-04,"{'industry_category': '創新版股票', 'stock_id': '6951', 'stock_name': '青新-創', 'type': 'twse', 'date': '2024-12-04'}"
479,8199,廣鎵,電子工業,twse,2024-12-04,"{'industry_category': '電子工業', 'stock_id': '8199', 'stock_name': '廣鎵', 'type': 'twse', 'date': '2024-12-04'}"
480,2479,和立,電子工業,twse,2024-12-04,"{'industry_category': '電子工業', 'stock_id': '2479', 'stock_name': '和立', 'type': 'twse', 'date': '2024-12-04'}"
481,8199,廣鎵,光電業,twse,2024-12-04,"{'industry_category': '光電業', 'stock_id': '8199', 'stock_name': '廣鎵', 'type': 'twse', 'date': '2024-12-04'}"
482,3214,元砷,電子工業,twse,2024-12-04,"{'industry_category': '電子工業', 'stock_id': '3214', 'stock_name': '元砷', 'type': 'twse', 'date': '2024-12-04'}"
483,9105,泰金寶-DR,存託憑證,twse,2024-12-04,"{'industry_category': '存託憑證', 'stock_id': '9105', 'stock_name': '泰金寶-DR', 'type': 'twse', 'date': '2024-12-04'}"
484,8162,微矽電子-創,創新版股票,twse,2024-12-04,"{'industry_category': '創新版股票', 'stock_id': '8162', 'stock_name': '微矽電子-創', 'type': 'twse', 'date': '2024-12-04'}"
485,2384,勝華,光電業,twse,2024-12-04,"{'industry_category': '光電業', 'stock_id': '2384', 'stock_name': '勝華', 'type': 'twse', 'date': '2024-12-04'}"
486,910579,歐聖,存託憑證,twse,2024-12-04,"{'industry_category': '存託憑證', 'stock_id': '910579', 'stock_name': '歐聖', 'type': 'twse', 'date': '2024-12-04'}"
487,3474,華亞科,半導體業,twse,2024-12-04,"{'industry_category': '半導體業', 'stock_id': '3474', 'stock_name': '華亞科', 'type': 'twse', 'date': '2024-12-04'}"
488,2897A,王道銀甲特,金融保險,twse,2024-12-04,"{'industry_category': '金融保險', 'stock_id': '2897A', 'stock_name': '王道銀甲特', 'type': 'twse', 'date': '2024-12-04'}"
489,3474,華亞科,電子工業,twse,2024-12-04,"{'industry_category': '電子工業', 'stock_id': '3474', 'stock_name': '華亞科', 'type': 'twse', 'date': '2024-12-04'}"
490,6771,平和環保-創,創新版股票,twse,2024-12-04,"{'industry_category': '創新版股票', 'stock_id': '6771', 'stock_name': '平和環保-創', 'type': 'twse', 'date': '2024-12-04'}"
491,9106,新焦點-DR,存託憑證,twse,2024-12-04,"{'industry_category': '存託憑證', 'stock_id': '9106', 'stock_name': '新焦點-DR', 'type': 'twse', 'date': '2024-12-04'}"
492,6251,定穎,電子零組件業,twse,2024-12-04,"{'industry_category': '電子零組件業', 'stock_id': '6251', 'stock_name': '定穎', 'type': 'twse', 'date': '2024-12-04'}"
493,5264,鎧勝-KY,電腦及週邊設備業,twse,2024-12-04,"{'industry_category': '電腦及週邊設備業', 'stock_id': '5264', 'stock_name': '鎧勝-KY', 'type': 'twse', 'date': '2024-12-04'}"
494,3020,奇普仕,電子工業,twse,2024-12-04,"{'industry_category': '電子工業', 'stock_id': '3020', 'stock_name': '奇普仕', 'type': 'twse', 'date': '2024-12-04'}"
495,6255,奈普,光電業,twse,2024-12-04,"{'industry_category': '光電業', 'stock_id': '6255', 'stock_name': '奈普', 'type': 'twse', 'date': '2024-12-04'}"
496,9103,美德醫療-DR,存託憑證,twse,2024-12-04,"{'industry_category': '存託憑證', 'stock_id': '9103', 'stock_name': '美德醫療-DR', 'type': 'twse', 'date': '2024-12-04'}"
497,2254,巨鎧精密-創,創新版股票,twse,2024-12-04,"{'industry_category': '創新版股票', 'stock_id': '2254', 'stock_name': '巨鎧精密-創', 'type': 'twse', 'date': '2024-12-04'}"
498,3142,遠茂,電子工業,twse,2024-12-04,"{'industry_category': '電子工業', 'stock_id': '3142', 'stock_name': '遠茂', 'type': 'twse', 'date': '2024-12-04'}"
499,2446,全懋,半導體業,twse,2024-12-04,"{'industry_category': '半導體業', 'stock_id': '2446', 'stock_name': '全懋', 'type': 'twse', 'date': '2024-12-04'}"
500,00732,國泰RMB短期報酬,ETF,twse,2024-12-04,"{'industry_category': 'ETF', 'stock_id': '00732', 'stock_name': '國泰RMB短期報酬', 'type': 'twse', 'date': '2024-12-04'}"
501,6924,榮惠-KY創,創新版股票,twse,2024-12-04,"{'industry_category': '創新版股票', 'stock_id': '6924', 'stock_name': '榮惠-KY創', 'type': 'twse', 'date': '2024-12-04'}"
502,00729R,第一金工業30反1,ETF,twse,2024-12-04,"{'industry_category': 'ETF', 'stock_id': '00729R', 'stock_name': '第一金工業30反1', 'type': 'twse', 'date': '2024-12-04'}"
503,3053,鼎營,電子工業,twse,2024-12-04,"{'industry_category': '電子工業', 'stock_id': '3053', 'stock_name': '鼎營', 'type': 'twse', 'date': '2024-12-04'}"
504,2469,力信,電子工業,twse,2024-12-04,"{'industry_category': '電子工業', 'stock_id': '2469', 'stock_name': '力信', 'type': 'twse', 'date': '2024-12-04'}"
505,3271,其樂達,電子工業,twse,2024-12-04,"{'industry_category': '電子工業', 'stock_id': '3271', 'stock_name': '其樂達', 'type': 'twse', 'date': '2024-12-04'}"
506,2469,力信,電子零組件業,twse,2024-12-04,"{'industry_category': '電子零組件業', 'stock_id': '2469', 'stock_name': '力信', 'type': 'twse', 'date': '2024-12-04'}"
507,3053,鼎營,其他電子業,twse,2024-12-04,"{'industry_category': '其他電子業', 'stock_id': '3053', 'stock_name': '鼎營', 'type': 'twse', 'date': '2024-12-04'}"
508,6794,向榮生技-創,創新版股票,twse,2024-12-04,"{'industry_category': '創新版股票', 'stock_id': '6794', 'stock_name': '向榮生技-創', 'type': 'twse', 'date': '2024-12-04'}"
509,2361,鴻友,電腦及週邊設備業,twse,2024-12-04,"{'industry_category': '電腦及週邊設備業', 'stock_id': '2361', 'stock_name': '鴻友', 'type': 'twse', 'date': '2024-12-04'}"
510,6286,立錡,半導體業,twse,2024-12-04,"{'industry_category': '半導體業', 'stock_id': '6286', 'stock_name': '立錡', 'type': 'twse', 'date': '2024-12-04'}"
511,6286,立錡,電子工業,twse,2024-12-04,"{'industry_category': '電子工業', 'stock_id': '6286', 'stock_name': '立錡', 'type': 'twse', 'date': '2024-12-04'}"
512,2473,思源,半導體業,twse,2024-12-04,"{'industry_category': '半導體業', 'stock_id': '2473', 'stock_name': '思源', 'type': 'twse', 'date': '2024-12-04'}"
513,3150,鈺寶-創,創新版股票,twse,2024-12-04,"{'industry_category': '創新版股票', 'stock_id': '3150', 'stock_name': '鈺寶-創', 'type': 'twse', 'date': '2024-12-04'}"
514,9922,優美,其他,twse,2024-12-04,"{'industry_category': '其他', 'stock_id': '9922', 'stock_name': '優美', 'type': 'twse', 'date': '2024-12-04'}"
515,2833,台壽保,金融保險,twse,2024-12-04,"{'industry_category': '金融保險', 'stock_id': '2833', 'stock_name': '台壽保', 'type': 'twse', 'date': '2024-12-04'}"
516,2473,思源,電子工業,twse,2024-12-04,"{'industry_category': '電子工業', 'stock_id': '2473', 'stock_name': '思源', 'type': 'twse', 'date': '2024-12-04'}"
517,2833A,台壽甲,金融保險,twse,2024-12-04,"{'industry_category': '金融保險', 'stock_id': '2833A', 'stock_name': '台壽甲', 'type': 'twse', 'date': '2024-12-04'}"
518,2418,雅新,電子工業,twse,2024-12-04,"{'industry_category': '電子工業', 'stock_id': '2418', 'stock_name': '雅新', 'type': 'twse', 'date': '2024-12-04'}"
519,00906,大華元宇宙科技50,ETF,twse,2024-12-04,"{'industry_category': 'ETF', 'stock_id': '00906', 'stock_name': '大華元宇宙科技50', 'type': 'twse', 'date': '2024-12-04'}"
520,2447,鼎新,電子工業,twse,2024-12-04,"{'industry_category': '電子工業', 'stock_id': '2447', 'stock_name': '鼎新', 'type': 'twse', 'date': '2024-12-04'}"
521,910069,新曄,存託憑證,twse,2024-12-04,"{'industry_category': '存託憑證', 'stock_id': '910069', 'stock_name': '新曄', 'type': 'twse', 'date': '2024-12-04'}"
522,2361,鴻友,電子工業,twse,2024-12-04,"{'industry_category': '電子工業', 'stock_id': '2361', 'stock_name': '鴻友', 'type': 'twse', 'date': '2024-12-04'}"
523,2447,鼎新,資訊服務業,twse,2024-12-04,"{'industry_category': '資訊服務業', 'stock_id': '2447', 'stock_name': '鼎新', 'type': 'twse', 'date': '2024-12-04'}"
524,2891A,中信特,金融保險,twse,2024-12-04,"{'industry_category': '金融保險', 'stock_id': '2891A', 'stock_name': '中信特', 'type': 'twse', 'date': '2024-12-04'}"
525,9101,福雷電,存託憑證,twse,2024-12-04,"{'industry_category': '存託憑證', 'stock_id': '9101', 'stock_name': '福雷電', 'type': 'twse', 'date': '2024-12-04'}"
526,3007,綠點,電子工業,twse,2024-12-04,"{'industry_category': '電子工業', 'stock_id': '3007', 'stock_name': '綠點', 'type': 'twse', 'date': '2024-12-04'}"
527,2446,全懋,電子工業,twse,2024-12-04,"{'industry_category': '電子工業', 'stock_id': '2446', 'stock_name': '全懋', 'type': 'twse', 'date': '2024-12-04'}"
528,9102,東亞科,存託憑證,twse,2024-12-04,"{'industry_category': '存託憑證', 'stock_id': '9102', 'stock_name': '東亞科', 'type': 'twse', 'date': '2024-12-04'}"
529,6457,紘康,半導體業,tpex,2024-12-28,"{'industry_category': '半導體業', 'stock_id': '6457', 'stock_name': '紘康', 'type': 'tpex', 'date': '2024-12-28'}"
530,006201,元大富櫃50,上櫃指數股票型基金(ETF),tpex,2024-12-30,"{'industry_category': '上櫃指數股票型基金(ETF)', 'stock_id': '006201', 'stock_name': '元大富櫃50', 'type': 'tpex', 'date': '2024-12-30'}"
531,00764B,群益25年美債,上櫃指數股票型基金(ETF),tpex,2024-12-30,"{'industry_category': '上櫃指數股票型基金(ETF)', 'stock_id': '00764B', 'stock_name': '群益25年美債', 'type': 'tpex', 'date': '2024-12-30'}"
532,00859B,群益0-1年美債,上櫃指數股票型基金(ETF),tpex,2024-12-30,"{'industry_category': '上櫃指數股票型基金(ETF)', 'stock_id': '00859B', 'stock_name': '群益0-1年美債', 'type': 'tpex', 'date': '2024-12-30'}"
533,00862B,中信投資級公司債,上櫃指數股票型基金(ETF),tpex,2024-12-30,"{'industry_category': '上櫃指數股票型基金(ETF)', 'stock_id': '00862B', 'stock_name': '中信投資級公司債', 'type': 'tpex', 'date': '2024-12-30'}"
534,00863B,中信全球電信債,上櫃指數股票型基金(ETF),tpex,2024-12-30,"{'industry_category': '上櫃指數股票型基金(ETF)', 'stock_id': '00863B', 'stock_name': '中信全球電信債', 'type': 'tpex', 'date': '2024-12-30'}"
535,00794B,群益7+中國政金債,上櫃指數股票型基金(ETF),tpex,2024-12-30,"{'industry_category': '上櫃指數股票型基金(ETF)', 'stock_id': '00794B', 'stock_name': '群益7+中國政金債', 'type': 'tpex', 'date': '2024-12-30'}"
536,00864B,中信美國公債0-1,上櫃指數股票型基金(ETF),tpex,2024-12-30,"{'industry_category': '上櫃指數股票型基金(ETF)', 'stock_id': '00864B', 'stock_name': '中信美國公債0-1', 'type': 'tpex', 'date': '2024-12-30'}"
537,00740B,富邦全球投等債,上櫃指數股票型基金(ETF),tpex,2024-12-30,"{'industry_category': '上櫃指數股票型基金(ETF)', 'stock_id': '00740B', 'stock_name': '富邦全球投等債', 'type': 'tpex', 'date': '2024-12-30'}"
538,00867B,新光A-BBB電信債,上櫃指數股票型基金(ETF),tpex,2024-12-30,"{'industry_category': '上櫃指數股票型基金(ETF)', 'stock_id': '00867B', 'stock_name': '新光A-BBB電信債', 'type': 'tpex', 'date': '2024-12-30'}"
539,00793B,群益AAA-A醫療債,上櫃指數股票型基金(ETF),tpex,2024-12-30,"{'industry_category': '上櫃指數股票型基金(ETF)', 'stock_id': '00793B', 'stock_name': '群益AAA-A醫療債', 'type': 'tpex', 'date': '2024-12-30'}"
540,00870B,元大15年EM主權債,上櫃指數股票型基金(ETF),tpex,2024-12-30,"{'industry_category': '上櫃指數股票型基金(ETF)', 'stock_id': '00870B', 'stock_name': '元大15年EM主權債', 'type': 'tpex', 'date': '2024-12-30'}"
541,00734B,台新JPM新興債,上櫃指數股票型基金(ETF),tpex,2024-12-30,"{'industry_category': '上櫃指數股票型基金(ETF)', 'stock_id': '00734B', 'stock_name': '台新JPM新興債', 'type': 'tpex', 'date': '2024-12-30'}"
542,00860B,群益1-5Y投資級債,上櫃指數股票型基金(ETF),tpex,2024-12-30,"{'industry_category': '上櫃指數股票型基金(ETF)', 'stock_id': '00860B', 'stock_name': '群益1-5Y投資級債', 'type': 'tpex', 'date': '2024-12-30'}"
543,00877,復華中國5G,上櫃指數股票型基金(ETF),tpex,2024-12-30,"{'industry_category': '上櫃指數股票型基金(ETF)', 'stock_id': '00877', 'stock_name': '復華中國5G', 'type': 'tpex', 'date': '2024-12-30'}"
544,00792B,群益A級公司債,上櫃指數股票型基金(ETF),tpex,2024-12-30,"{'industry_category': '上櫃指數股票型基金(ETF)', 'stock_id': '00792B', 'stock_name': '群益A級公司債', 'type': 'tpex', 'date': '2024-12-30'}"
545,00884B,中信低碳新興債,上櫃指數股票型基金(ETF),tpex,2024-12-30,"{'industry_category': '上櫃指數股票型基金(ETF)', 'stock_id': '00884B', 'stock_name': '中信低碳新興債', 'type': 'tpex', 'date': '2024-12-30'}"
546,00791B,復華信用債1-5,上櫃指數股票型基金(ETF),tpex,2024-12-30,"{'industry_category': '上櫃指數股票型基金(ETF)', 'stock_id': '00791B', 'stock_name': '復華信用債1-5', 'type': 'tpex', 'date': '2024-12-30'}"
547,00886,永豐美國科技,上櫃指數股票型基金(ETF),tpex,2024-12-30,"{'industry_category': '上櫃指數股票型基金(ETF)', 'stock_id': '00886', 'stock_name': '永豐美國科技', 'type': 'tpex', 'date': '2024-12-30'}"
548,00887,永豐中國科技50大,上櫃指數股票型基金(ETF),tpex,2024-12-30,"{'industry_category': '上櫃指數股票型基金(ETF)', 'stock_id': '00887', 'stock_name': '永豐中國科技50大', 'type': 'tpex', 'date': '2024-12-30'}"
549,00888,永豐台灣ESG,上櫃指數股票型基金(ETF),tpex,2024-12-30,"{'industry_category': '上櫃指數股票型基金(ETF)', 'stock_id': '00888', 'stock_name': '永豐台灣ESG', 'type': 'tpex', 'date': '2024-12-30'}"
550,00890B,凱基ESG BBB債15+,上櫃指數股票型基金(ETF),tpex,2024-12-30,"{'industry_category': '上櫃指數股票型基金(ETF)', 'stock_id': '00890B', 'stock_name': '凱基ESG BBB債15+', 'type': 'tpex', 'date': '2024-12-30'}"
551,00727B,國泰優選非投等債,上櫃指數股票型基金(ETF),tpex,2024-12-30,"{'industry_category': '上櫃指數股票型基金(ETF)', 'stock_id': '00727B', 'stock_name': '國泰優選非投等債', 'type': 'tpex', 'date': '2024-12-30'}"
552,00726B,國泰新興投等債,上櫃指數股票型基金(ETF),tpex,2024-12-30,"{'industry_category': '上櫃指數股票型基金(ETF)', 'stock_id': '00726B', 'stock_name': '國泰新興投等債', 'type': 'tpex', 'date': '2024-12-30'}"
553,00883B,中信ESG投資級債,上櫃指數股票型基金(ETF),tpex,2024-12-30,"{'industry_category': '上櫃指數股票型基金(ETF)', 'stock_id': '00883B', 'stock_name': '中信ESG投資級債', 'type': 'tpex', 'date': '2024-12-30'}"
554,00795B,中信美國公債20年,上櫃指數股票型基金(ETF),tpex,2024-12-30,"{'industry_category': '上櫃指數股票型基金(ETF)', 'stock_id': '00795B', 'stock_name': '中信美國公債20年', 'type': 'tpex', 'date': '2024-12-30'}"
555,00858,永豐美國500大,上櫃指數股票型基金(ETF),tpex,2024-12-30,"{'industry_category': '上櫃指數股票型基金(ETF)', 'stock_id': '00858', 'stock_name': '永豐美國500大', 'type': 'tpex', 'date': '2024-12-30'}"
556,00741B,富邦全球非投等債,上櫃指數股票型基金(ETF),tpex,2024-12-30,"{'industry_category': '上櫃指數股票型基金(ETF)', 'stock_id': '00741B', 'stock_name': '富邦全球非投等債', 'type': 'tpex', 'date': '2024-12-30'}"
557,00836B,永豐10年A公司債,上櫃指數股票型基金(ETF),tpex,2024-12-30,"{'industry_category': '上櫃指數股票型基金(ETF)', 'stock_id': '00836B', 'stock_name': '永豐10年A公司債', 'type': 'tpex', 'date': '2024-12-30'}"
558,00751B,元大AAA至A公司債,上櫃指數股票型基金(ETF),tpex,2024-12-30,"{'industry_category': '上櫃指數股票型基金(ETF)', 'stock_id': '00751B', 'stock_name': '元大AAA至A公司債', 'type': 'tpex', 'date': '2024-12-30'}"
559,00840B,凱基IG精選15+,上櫃指數股票型基金(ETF),tpex,2024-12-30,"{'industry_category': '上櫃指數股票型基金(ETF)', 'stock_id': '00840B', 'stock_name': '凱基IG精選15+', 'type': 'tpex', 'date': '2024-12-30'}"
560,00841B,凱基AAA-AA公司債,上櫃指數股票型基金(ETF),tpex,2024-12-30,"{'industry_category': '上櫃指數股票型基金(ETF)', 'stock_id': '00841B', 'stock_name': '凱基AAA-AA公司債', 'type': 'tpex', 'date': '2024-12-30'}"
561,00750B,凱基科技債10+,上櫃指數股票型基金(ETF),tpex,2024-12-30,"{'industry_category': '上櫃指數股票型基金(ETF)', 'stock_id': '00750B', 'stock_name': '凱基科技債10+', 'type': 'tpex', 'date': '2024-12-30'}"
562,00842B,台新美元銀行債,上櫃指數股票型基金(ETF),tpex,2024-12-30,"{'industry_category': '上櫃指數股票型基金(ETF)', 'stock_id': '00842B', 'stock_name': '台新美元銀行債', 'type': 'tpex', 'date': '2024-12-30'}"
563,00844B,新光15年IG金融債,上櫃指數股票型基金(ETF),tpex,2024-12-30,"{'industry_category': '上櫃指數股票型基金(ETF)', 'stock_id': '00844B', 'stock_name': '新光15年IG金融債', 'type': 'tpex', 'date': '2024-12-30'}"
564,00749B,凱基新興債10+,上櫃指數股票型基金(ETF),tpex,2024-12-30,"{'industry_category': '上櫃指數股票型基金(ETF)', 'stock_id': '00749B', 'stock_name': '凱基新興債10+', 'type': 'tpex', 'date': '2024-12-30'}"
565,00845B,富邦新興投等債,上櫃指數股票型基金(ETF),tpex,2024-12-30,"{'industry_category': '上櫃指數股票型基金(ETF)', 'stock_id': '00845B', 'stock_name': '富邦新興投等債', 'type': 'tpex', 'date': '2024-12-30'}"
566,00846B,富邦歐洲銀行債,上櫃指數股票型基金(ETF),tpex,2024-12-30,"{'industry_category': '上櫃指數股票型基金(ETF)', 'stock_id': '00846B', 'stock_name': '富邦歐洲銀行債', 'type': 'tpex', 'date': '2024-12-30'}"
567,00847B,中信美國市政債,上櫃指數股票型基金(ETF),tpex,2024-12-30,"{'industry_category': '上櫃指數股票型基金(ETF)', 'stock_id': '00847B', 'stock_name': '中信美國市政債', 'type': 'tpex', 'date': '2024-12-30'}"
568,00755B,群益投資級公用債,上櫃指數股票型基金(ETF),tpex,2024-12-30,"{'industry_category': '上櫃指數股票型基金(ETF)', 'stock_id': '00755B', 'stock_name': '群益投資級公用債', 'type': 'tpex', 'date': '2024-12-30'}"
569,00756B,群益投等新興公債,上櫃指數股票型基金(ETF),tpex,2024-12-30,"{'industry_category': '上櫃指數股票型基金(ETF)', 'stock_id': '00756B', 'stock_name': '群益投等新興公債', 'type': 'tpex', 'date': '2024-12-30'}"
570,00848B,中信新興亞洲債,上櫃指數股票型基金(ETF),tpex,2024-12-30,"{'industry_category': '上櫃指數股票型基金(ETF)', 'stock_id': '00848B', 'stock_name': '中信新興亞洲債', 'type': 'tpex', 'date': '2024-12-30'}"
571,00799B,國泰A級醫療債,上櫃指數股票型基金(ETF),tpex,2024-12-30,"{'industry_category': '上櫃指數股票型基金(ETF)', 'stock_id': '00799B', 'stock_name': '國泰A級醫療債', 'type': 'tpex', 'date': '2024-12-30'}"
572,00849B,中信EM主權債0-5,上櫃指數股票型基金(ETF),tpex,2024-12-30,"{'industry_category': '上櫃指數股票型基金(ETF)', 'stock_id': '00849B', 'stock_name': '中信EM主權債0-5', 'type': 'tpex', 'date': '2024-12-30'}"
573,00746B,富邦A級公司債,上櫃指數股票型基金(ETF),tpex,2024-12-30,"{'industry_category': '上櫃指數股票型基金(ETF)', 'stock_id': '00746B', 'stock_name': '富邦A級公司債', 'type': 'tpex', 'date': '2024-12-30'}"
574,00758B,復華能源債,上櫃指數股票型基金(ETF),tpex,2024-12-30,"{'industry_category': '上櫃指數股票型基金(ETF)', 'stock_id': '00758B', 'stock_name': '復華能源債', 'type': 'tpex', 'date': '2024-12-30'}"
575,00853B,統一美債10年Aa-A,上櫃指數股票型基金(ETF),tpex,2024-12-30,"{'industry_category': '上櫃指數股票型基金(ETF)', 'stock_id': '00853B', 'stock_name': '統一美債10年Aa-A', 'type': 'tpex', 'date': '2024-12-30'}"
576,00856B,永豐1-3年美公債,上櫃指數股票型基金(ETF),tpex,2024-12-30,"{'industry_category': '上櫃指數股票型基金(ETF)', 'stock_id': '00856B', 'stock_name': '永豐1-3年美公債', 'type': 'tpex', 'date': '2024-12-30'}"
577,00857B,永豐20年美公債,上櫃指數股票型基金(ETF),tpex,2024-12-30,"{'industry_category': '上櫃指數股票型基金(ETF)', 'stock_id': '00857B', 'stock_name': '永豐20年美公債', 'type': 'tpex', 'date': '2024-12-30'}"
578,00725B,國泰投資級公司債,上櫃指數股票型基金(ETF),tpex,2024-12-30,"{'industry_category': '上櫃指數股票型基金(ETF)', 'stock_id': '00725B', 'stock_name': '國泰投資級公司債', 'type': 'tpex', 'date': '2024-12-30'}"
579,00724B,群益投資級金融債,上櫃指數股票型基金(ETF),tpex,2024-12-30,"{'industry_category': '上櫃指數股票型基金(ETF)', 'stock_id': '00724B', 'stock_name': '群益投資級金融債', 'type': 'tpex', 'date': '2024-12-30'}"
580,00723B,群益投資級科技債,上櫃指數股票型基金(ETF),tpex,2024-12-30,"{'industry_category': '上櫃指數股票型基金(ETF)', 'stock_id': '00723B', 'stock_name': '群益投資級科技債', 'type': 'tpex', 'date': '2024-12-30'}"
581,00722B,群益投資級電信債,上櫃指數股票型基金(ETF),tpex,2024-12-30,"{'industry_category': '上櫃指數股票型基金(ETF)', 'stock_id': '00722B', 'stock_name': '群益投資級電信債', 'type': 'tpex', 'date': '2024-12-30'}"
582,00760B,復華新興企業債,上櫃指數股票型基金(ETF),tpex,2024-12-30,"{'industry_category': '上櫃指數股票型基金(ETF)', 'stock_id': '00760B', 'stock_name': '復華新興企業債', 'type': 'tpex', 'date': '2024-12-30'}"
583,00780B,國泰A級金融債,上櫃指數股票型基金(ETF),tpex,2024-12-30,"{'industry_category': '上櫃指數股票型基金(ETF)', 'stock_id': '00780B', 'stock_name': '國泰A級金融債', 'type': 'tpex', 'date': '2024-12-30'}"
584,00966B,統一ESG投等債15+,上櫃指數股票型基金(ETF),tpex,2024-12-30,"{'industry_category': '上櫃指數股票型基金(ETF)', 'stock_id': '00966B', 'stock_name': '統一ESG投等債15+', 'type': 'tpex', 'date': '2024-12-30'}"
585,00967B,元大優息美債,上櫃指數股票型基金(ETF),tpex,2024-12-30,"{'industry_category': '上櫃指數股票型基金(ETF)', 'stock_id': '00967B', 'stock_name': '元大優息美債', 'type': 'tpex', 'date': '2024-12-30'}"
586,00968B,元大優息投等債,上櫃指數股票型基金(ETF),tpex,2024-12-30,"{'industry_category': '上櫃指數股票型基金(ETF)', 'stock_id': '00968B', 'stock_name': '元大優息投等債', 'type': 'tpex', 'date': '2024-12-30'}"
587,00969B,元大零息超長美債,上櫃指數股票型基金(ETF),tpex,2024-12-30,"{'industry_category': '上櫃指數股票型基金(ETF)', 'stock_id': '00969B', 'stock_name': '元大零息超長美債', 'type': 'tpex', 'date': '2024-12-30'}"
588,00970B,新光BBB投等債20+,上櫃指數股票型基金(ETF),tpex,2024-12-30,"{'industry_category': '上櫃指數股票型基金(ETF)', 'stock_id': '00970B', 'stock_name': '新光BBB投等債20+', 'type': 'tpex', 'date': '2024-12-30'}"
589,00779B,凱基美債25+,上櫃指數股票型基金(ETF),tpex,2024-12-30,"{'industry_category': '上櫃指數股票型基金(ETF)', 'stock_id': '00779B', 'stock_name': '凱基美債25+', 'type': 'tpex', 'date': '2024-12-30'}"
590,00778B,凱基金融債20+,上櫃指數股票型基金(ETF),tpex,2024-12-30,"{'industry_category': '上櫃指數股票型基金(ETF)', 'stock_id': '00778B', 'stock_name': '凱基金融債20+', 'type': 'tpex', 'date': '2024-12-30'}"
591,00959B,大華投等美債15Y+,上櫃指數股票型基金(ETF),tpex,2024-12-30,"{'industry_category': '上櫃指數股票型基金(ETF)', 'stock_id': '00959B', 'stock_name': '大華投等美債15Y+', 'type': 'tpex', 'date': '2024-12-30'}"
592,00697B,元大美債7-10,上櫃指數股票型基金(ETF),tpex,2024-12-30,"{'industry_category': '上櫃指數股票型基金(ETF)', 'stock_id': '00697B', 'stock_name': '元大美債7-10', 'type': 'tpex', 'date': '2024-12-30'}"
593,00695B,富邦美債7-10,上櫃指數股票型基金(ETF),tpex,2024-12-30,"{'industry_category': '上櫃指數股票型基金(ETF)', 'stock_id': '00695B', 'stock_name': '富邦美債7-10', 'type': 'tpex', 'date': '2024-12-30'}"
594,00777B,凱基AAA至A公司債,上櫃指數股票型基金(ETF),tpex,2024-12-30,"{'industry_category': '上櫃指數股票型基金(ETF)', 'stock_id': '00777B', 'stock_name': '凱基AAA至A公司債', 'type': 'tpex', 'date': '2024-12-30'}"
595,00773B,中信優先金融債,上櫃指數股票型基金(ETF),tpex,2024-12-30,"{'industry_category': '上櫃指數股票型基金(ETF)', 'stock_id': '00773B', 'stock_name': '中信優先金融債', 'type': 'tpex', 'date': '2024-12-30'}"
596,00694B,富邦美債1-3,上櫃指數股票型基金(ETF),tpex,2024-12-30,"{'industry_category': '上櫃指數股票型基金(ETF)', 'stock_id': '00694B', 'stock_name': '富邦美債1-3', 'type': 'tpex', 'date': '2024-12-30'}"
597,00761B,國泰A級公司債,上櫃指數股票型基金(ETF),tpex,2024-12-30,"{'industry_category': '上櫃指數股票型基金(ETF)', 'stock_id': '00761B', 'stock_name': '國泰A級公司債', 'type': 'tpex', 'date': '2024-12-30'}"
598,00687B,國泰20年美債,上櫃指數股票型基金(ETF),tpex,2024-12-30,"{'industry_category': '上櫃指數股票型基金(ETF)', 'stock_id': '00687B', 'stock_name': '國泰20年美債', 'type': 'tpex', 'date': '2024-12-30'}"
599,00679B,元大美債20年,上櫃指數股票型基金(ETF),tpex,2024-12-30,"{'industry_category': '上櫃指數股票型基金(ETF)', 'stock_id': '00679B', 'stock_name': '元大美債20年', 'type': 'tpex', 'date': '2024-12-30'}"
600,00772B,中信高評級公司債,上櫃指數股票型基金(ETF),tpex,2024-12-30,"{'industry_category': '上櫃指數股票型基金(ETF)', 'stock_id': '00772B', 'stock_name': '中信高評級公司債', 'type': 'tpex', 'date': '2024-12-30'}"
601,00768B,復華20年美債,上櫃指數股票型基金(ETF),tpex,2024-12-30,"{'industry_category': '上櫃指數股票型基金(ETF)', 'stock_id': '00768B', 'stock_name': '復華20年美債', 'type': 'tpex', 'date': '2024-12-30'}"
602,00696B,富邦美債20年,上櫃指數股票型基金(ETF),tpex,2024-12-30,"{'industry_category': '上櫃指數股票型基金(ETF)', 'stock_id': '00696B', 'stock_name': '富邦美債20年', 'type': 'tpex', 'date': '2024-12-30'}"
603,00754B,群益AAA-AA公司債,上櫃指數股票型基金(ETF),tpex,2024-12-30,"{'industry_category': '上櫃指數股票型基金(ETF)', 'stock_id': '00754B', 'stock_name': '群益AAA-AA公司債', 'type': 'tpex', 'date': '2024-12-30'}"
604,00958B,永豐ESG銀行債15+,上櫃指數股票型基金(ETF),tpex,2024-12-30,"{'industry_category': '上櫃指數股票型基金(ETF)', 'stock_id': '00958B', 'stock_name': '永豐ESG銀行債15+', 'type': 'tpex', 'date': '2024-12-30'}"
605,00781B,國泰A級科技債,上櫃指數股票型基金(ETF),tpex,2024-12-30,"{'industry_category': '上櫃指數股票型基金(ETF)', 'stock_id': '00781B', 'stock_name': '國泰A級科技債', 'type': 'tpex', 'date': '2024-12-30'}"
606,00790B,復華次順位金融債,上櫃指數股票型基金(ETF),tpex,2024-12-30,"{'industry_category': '上櫃指數股票型基金(ETF)', 'stock_id': '00790B', 'stock_name': '復華次順位金融債', 'type': 'tpex', 'date': '2024-12-30'}"
607,00789B,復華公司債A3,上櫃指數股票型基金(ETF),tpex,2024-12-30,"{'industry_category': '上櫃指數股票型基金(ETF)', 'stock_id': '00789B', 'stock_name': '復華公司債A3', 'type': 'tpex', 'date': '2024-12-30'}"
608,00720B,元大投資級公司債,上櫃指數股票型基金(ETF),tpex,2024-12-30,"{'industry_category': '上櫃指數股票型基金(ETF)', 'stock_id': '00720B', 'stock_name': '元大投資級公司債', 'type': 'tpex', 'date': '2024-12-30'}"
609,00788B,元大10年IG電能債,上櫃指數股票型基金(ETF),tpex,2024-12-30,"{'industry_category': '上櫃指數股票型基金(ETF)', 'stock_id': '00788B', 'stock_name': '元大10年IG電能債', 'type': 'tpex', 'date': '2024-12-30'}"
610,00787B,元大10年IG醫療債,上櫃指數股票型基金(ETF),tpex,2024-12-30,"{'industry_category': '上櫃指數股票型基金(ETF)', 'stock_id': '00787B', 'stock_name': '元大10年IG醫療債', 'type': 'tpex', 'date': '2024-12-30'}"
611,00719B,元大美債1-3,上櫃指數股票型基金(ETF),tpex,2024-12-30,"{'industry_category': '上櫃指數股票型基金(ETF)', 'stock_id': '00719B', 'stock_name': '元大美債1-3', 'type': 'tpex', 'date': '2024-12-30'}"
612,00928,中信上櫃ESG 30,上櫃指數股票型基金(ETF),tpex,2024-12-30,"{'industry_category': '上櫃指數股票型基金(ETF)', 'stock_id': '00928', 'stock_name': '中信上櫃ESG 30', 'type': 'tpex', 'date': '2024-12-30'}"
613,00718B,富邦中國政策債,上櫃指數股票型基金(ETF),tpex,2024-12-30,"{'industry_category': '上櫃指數股票型基金(ETF)', 'stock_id': '00718B', 'stock_name': '富邦中國政策債', 'type': 'tpex', 'date': '2024-12-30'}"
614,00957B,兆豐US優選投等債,上櫃指數股票型基金(ETF),tpex,2024-12-30,"{'industry_category': '上櫃指數股票型基金(ETF)', 'stock_id': '00957B', 'stock_name': '兆豐US優選投等債', 'type': 'tpex', 'date': '2024-12-30'}"
615,00931B,統一美債20年,上櫃指數股票型基金(ETF),tpex,2024-12-30,"{'industry_category': '上櫃指數股票型基金(ETF)', 'stock_id': '00931B', 'stock_name': '統一美債20年', 'type': 'tpex', 'date': '2024-12-30'}"
616,00786B,元大10年IG銀行債,上櫃指數股票型基金(ETF),tpex,2024-12-30,"{'industry_category': '上櫃指數股票型基金(ETF)', 'stock_id': '00786B', 'stock_name': '元大10年IG銀行債', 'type': 'tpex', 'date': '2024-12-30'}"
617,00785B,富邦金融投等債,上櫃指數股票型基金(ETF),tpex,2024-12-30,"{'industry_category': '上櫃指數股票型基金(ETF)', 'stock_id': '00785B', 'stock_name': '富邦金融投等債', 'type': 'tpex', 'date': '2024-12-30'}"
618,00937B,群益ESG投等債20+,上櫃指數股票型基金(ETF),tpex,2024-12-30,"{'industry_category': '上櫃指數股票型基金(ETF)', 'stock_id': '00937B', 'stock_name': '群益ESG投等債20+', 'type': 'tpex', 'date': '2024-12-30'}"
619,00759B,復華製藥債,上櫃指數股票型基金(ETF),tpex,2024-12-30,"{'industry_category': '上櫃指數股票型基金(ETF)', 'stock_id': '00759B', 'stock_name': '復華製藥債', 'type': 'tpex', 'date': '2024-12-30'}"
620,00942B,台新美A公司債20+,上櫃指數股票型基金(ETF),tpex,2024-12-30,"{'industry_category': '上櫃指數股票型基金(ETF)', 'stock_id': '00942B', 'stock_name': '台新美A公司債20+', 'type': 'tpex', 'date': '2024-12-30'}"
621,00784B,富邦中國投等債,上櫃指數股票型基金(ETF),tpex,2024-12-30,"{'industry_category': '上櫃指數股票型基金(ETF)', 'stock_id': '00784B', 'stock_name': '富邦中國投等債', 'type': 'tpex', 'date': '2024-12-30'}"
622,00782B,國泰A級公用債,上櫃指數股票型基金(ETF),tpex,2024-12-30,"{'industry_category': '上櫃指數股票型基金(ETF)', 'stock_id': '00782B', 'stock_name': '國泰A級公用債', 'type': 'tpex', 'date': '2024-12-30'}"
623,00948B,中信優息投資級債,上櫃指數股票型基金(ETF),tpex,2024-12-30,"{'industry_category': '上櫃指數股票型基金(ETF)', 'stock_id': '00948B', 'stock_name': '中信優息投資級債', 'type': 'tpex', 'date': '2024-12-30'}"
624,00950B,凱基A級公司債,上櫃指數股票型基金(ETF),tpex,2024-12-30,"{'industry_category': '上櫃指數股票型基金(ETF)', 'stock_id': '00950B', 'stock_name': '凱基A級公司債', 'type': 'tpex', 'date': '2024-12-30'}"
625,00955,中信日本商社,上櫃指數股票型基金(ETF),tpex,2024-12-30,"{'industry_category': '上櫃指數股票型基金(ETF)', 'stock_id': '00955', 'stock_name': '中信日本商社', 'type': 'tpex', 'date': '2024-12-30'}"
626,00933B,國泰10Y+金融債,上櫃指數股票型基金(ETF),tpex,2024-12-30,"{'industry_category': '上櫃指數股票型基金(ETF)', 'stock_id': '00933B', 'stock_name': '國泰10Y+金融債', 'type': 'tpex', 'date': '2024-12-30'}"
627,00834B,第一金金融債10+,上櫃指數股票型基金(ETF),tpex,2024-12-30,"{'industry_category': '上櫃指數股票型基金(ETF)', 'stock_id': '00834B', 'stock_name': '第一金金融債10+', 'type': 'tpex', 'date': '2024-12-30'}"
628,7714,創泓科技,數位雲端,emerging,2025-01-13,"{'industry_category': '數位雲端', 'stock_id': '7714', 'stock_name': '創泓科技', 'type': 'emerging', 'date': '2025-01-13'}"
629,7732,金興精密,電機機械,emerging,2025-01-13,"{'industry_category': '電機機械', 'stock_id': '7732', 'stock_name': '金興精密', 'type': 'emerging', 'date': '2025-01-13'}"
630,7715,裕山,綠能環保,emerging,2025-01-13,"{'industry_category': '綠能環保', 'stock_id': '7715', 'stock_name': '裕山', 'type': 'emerging', 'date': '2025-01-13'}"
631,4749,新應材,光電業,emerging,2025-01-15,"{'industry_category': '光電業', 'stock_id': '4749', 'stock_name': '新應材', 'type': 'emerging', 'date': '2025-01-15'}"
632,6495,納諾*-KY,化學工業,emerging,2025-02-20,"{'industry_category': '化學工業', 'stock_id': '6495', 'stock_name': '納諾*-KY', 'type': 'emerging', 'date': '2025-02-20'}"
633,7728,光焱科技,其他電子業,emerging,2025-03-05,"{'industry_category': '其他電子業', 'stock_id': '7728', 'stock_name': '光焱科技', 'type': 'emerging', 'date': '2025-03-05'}"
634,2248,華勝-KY,電機機械,emerging,2025-03-12,"{'industry_category': '電機機械', 'stock_id': '2248', 'stock_name': '華勝-KY', 'type': 'emerging', 'date': '2025-03-12'}"
635,7736,虎山,電機機械,emerging,2025-03-17,"{'industry_category': '電機機械', 'stock_id': '7736', 'stock_name': '虎山', 'type': 'emerging', 'date': '2025-03-17'}"
636,020015,統一MSCI美低波N,ETN,twse,2025-03-25,"{'industry_category': 'ETN', 'stock_id': '020015', 'stock_name': '統一MSCI美低波N', 'type': 'twse', 'date': '2025-03-25'}"
637,020016,統一MSCI美科技N,ETN,twse,2025-03-25,"{'industry_category': 'ETN', 'stock_id': '020016', 'stock_name': '統一MSCI美科技N', 'type': 'twse', 'date': '2025-03-25'}"
638,3202,樺晟,電子零組件業,tpex,2025-04-05,"{'industry_category': '電子零組件業', 'stock_id': '3202', 'stock_name': '樺晟', 'type': 'tpex', 'date': '2025-04-05'}"
639,00790B,復華次順位金融債,上櫃ETF,tpex,2025-04-18,"{'industry_category': '上櫃ETF', 'stock_id': '00790B', 'stock_name': '復華次順位金融債', 'type': 'tpex', 'date': '2025-04-18'}"
640,00784B,富邦中國投等債,上櫃ETF,tpex,2025-04-25,"{'industry_category': '上櫃ETF', 'stock_id': '00784B', 'stock_name': '富邦中國投等債', 'type': 'tpex', 'date': '2025-04-25'}"
641,6936,永鴻生技,農業科技,emerging,2025-04-28,"{'industry_category': '農業科技', 'stock_id': '6936', 'stock_name': '永鴻生技', 'type': 'emerging', 'date': '2025-04-28'}"
642,1507,永大,電機機械,twse,2025-04-28,"{'industry_category': '電機機械', 'stock_id': '1507', 'stock_name': '永大', 'type': 'twse', 'date': '2025-04-28'}"
643,1729,必翔,生技醫療業,twse,2025-04-30,"{'industry_category': '生技醫療業', 'stock_id': '1729', 'stock_name': '必翔', 'type': 'twse', 'date': '2025-04-30'}"
644,1716,永信,生技醫療業,twse,2025-04-30,"{'industry_category': '生技醫療業', 'stock_id': '1716', 'stock_name': '永信', 'type': 'twse', 'date': '2025-04-30'}"
645,6626,唯數,文化創意業,emerging,2025-05-08,"{'industry_category': '文化創意業', 'stock_id': '6626', 'stock_name': '唯數', 'type': 'emerging', 'date': '2025-05-08'}"
646,3315,宣昶,電子工業,twse,2025-05-14,"{'industry_category': '電子工業', 'stock_id': '3315', 'stock_name': '宣昶', 'type': 'twse', 'date': '2025-05-14'}"
647,2437,旺詮,電子工業,twse,2025-05-14,"{'industry_category': '電子工業', 'stock_id': '2437', 'stock_name': '旺詮', 'type': 'twse', 'date': '2025-05-14'}"
648,3559,全智科,電子工業,twse,2025-05-14,"{'industry_category': '電子工業', 'stock_id': '3559', 'stock_name': '全智科', 'type': 'twse', 'date': '2025-05-14'}"
649,6902,GOGOLOOK-創,創新板股票,twse,2025-05-16,"{'industry_category': '創新板股票', 'stock_id': '6902', 'stock_name': 'GOGOLOOK-創', 'type': 'twse', 'date': '2025-05-16'}"
650,7805,威聯通,電腦及週邊設備業,emerging,2025-05-22,"{'industry_category': '電腦及週邊設備業', 'stock_id': '7805', 'stock_name': '威聯通', 'type': 'emerging', 'date': '2025-05-22'}"
651,7555,美萌,生技醫療業,emerging,2025-05-23,"{'industry_category': '生技醫療業', 'stock_id': '7555', 'stock_name': '美萌', 'type': 'emerging', 'date': '2025-05-23'}"
652,1585,鎧鉅,電子零組件業,emerging,2025-05-27,"{'industry_category': '電子零組件業', 'stock_id': '1585', 'stock_name': '鎧鉅', 'type': 'emerging', 'date': '2025-05-27'}"
653,6925,意藍,數位雲端,emerging,2025-05-27,"{'industry_category': '數位雲端', 'stock_id': '6925', 'stock_name': '意藍', 'type': 'emerging', 'date': '2025-05-27'}"
654,3315,宣昶,電子通路業,twse,2025-05-28,"{'industry_category': '電子通路業', 'stock_id': '3315', 'stock_name': '宣昶', 'type': 'twse', 'date': '2025-05-28'}"
655,6145,勁永,電子通路業,twse,2025-05-28,"{'industry_category': '電子通路業', 'stock_id': '6145', 'stock_name': '勁永', 'type': 'twse', 'date': '2025-05-28'}"
656,3521,鴻翊,電腦及週邊設備業,tpex,2025-06-01,"{'industry_category': '電腦及週邊設備業', 'stock_id': '3521', 'stock_name': '鴻翊', 'type': 'tpex', 'date': '2025-06-01'}"
657,6829,千附精密,電機機械,tpex,2025-06-01,"{'industry_category': '電機機械', 'stock_id': '6829', 'stock_name': '千附精密', 'type': 'tpex', 'date': '2025-06-01'}"
658,6187,萬潤,其他電子類,tpex,2025-06-01,"{'industry_category': '其他電子類', 'stock_id': '6187', 'stock_name': '萬潤', 'type': 'tpex', 'date': '2025-06-01'}"
659,6240,松崗,其他,tpex,2025-06-01,"{'industry_category': '其他', 'stock_id': '6240', 'stock_name': '松崗', 'type': 'tpex', 'date': '2025-06-01'}"
660,6208,日揚,電子零組件業,tpex,2025-06-01,"{'industry_category': '電子零組件業', 'stock_id': '6208', 'stock_name': '日揚', 'type': 'tpex', 'date': '2025-06-01'}"
661,2724,藝舍-KY,觀光餐旅,tpex,2025-06-01,"{'industry_category': '觀光餐旅', 'stock_id': '2724', 'stock_name': '藝舍-KY', 'type': 'tpex', 'date': '2025-06-01'}"
662,4950,金耘國際,其他,tpex,2025-06-01,"{'industry_category': '其他', 'stock_id': '4950', 'stock_name': '金耘國際', 'type': 'tpex', 'date': '2025-06-01'}"
663,8383,千附,其他電子類,tpex,2025-06-01,"{'industry_category': '其他電子類', 'stock_id': '8383', 'stock_name': '千附', 'type': 'tpex', 'date': '2025-06-01'}"
664,5443,均豪,光電業,tpex,2025-06-01,"{'industry_category': '光電業', 'stock_id': '5443', 'stock_name': '均豪', 'type': 'tpex', 'date': '2025-06-01'}"
665,5348,正能量智能,通信網路業,tpex,2025-06-01,"{'industry_category': '通信網路業', 'stock_id': '5348', 'stock_name': '正能量智能', 'type': 'tpex', 'date': '2025-06-01'}"
666,5314,世紀*,半導體業,tpex,2025-06-01,"{'industry_category': '半導體業', 'stock_id': '5314', 'stock_name': '世紀*', 'type': 'tpex', 'date': '2025-06-01'}"
667,00925,新光標普電動車,ETF,twse,2025-06-05,"{'industry_category': 'ETF', 'stock_id': '00925', 'stock_name': '新光標普電動車', 'type': 'twse', 'date': '2025-06-05'}"
668,1613,台一,電器電纜,twse,2025-06-17,"{'industry_category': '電器電纜', 'stock_id': '1613', 'stock_name': '台一', 'type': 'twse', 'date': '2025-06-17'}"
669,00718B,富邦中國政策債,上櫃ETF,tpex,2025-06-20,"{'industry_category': '上櫃ETF', 'stock_id': '00718B', 'stock_name': '富邦中國政策債', 'type': 'tpex', 'date': '2025-06-20'}"
670,6287,元隆,半導體業,tpex,2025-06-25,"{'industry_category': '半導體業', 'stock_id': '6287', 'stock_name': '元隆', 'type': 'tpex', 'date': '2025-06-25'}"
671,7747,昕奇雲端,數位雲端,emerging,2025-07-10,"{'industry_category': '數位雲端', 'stock_id': '7747', 'stock_name': '昕奇雲端', 'type': 'emerging', 'date': '2025-07-10'}"
672,2888B,新光金乙特,金融保險,twse,2025-07-14,"{'industry_category': '金融保險', 'stock_id': '2888B', 'stock_name': '新光金乙特', 'type': 'twse', 'date': '2025-07-14'}"
673,2888A,新光金甲特,金融保險,twse,2025-07-14,"{'industry_category': '金融保險', 'stock_id': '2888A', 'stock_name': '新光金甲特', 'type': 'twse', 'date': '2025-07-14'}"
674,5277,葳天,光電業,emerging,2025-07-24,"{'industry_category': '光電業', 'stock_id': '5277', 'stock_name': '葳天', 'type': 'emerging', 'date': '2025-07-24'}"
675,7547,碩網,數位雲端,emerging,2025-07-28,"{'industry_category': '數位雲端', 'stock_id': '7547', 'stock_name': '碩網', 'type': 'emerging', 'date': '2025-07-28'}"
676,020018,統一價值成長30N,ETN,twse,2025-07-28,"{'industry_category': 'ETN', 'stock_id': '020018', 'stock_name': '統一價值成長30N', 'type': 'twse', 'date': '2025-07-28'}"
677,020019,統一特選台灣5GN,ETN,twse,2025-07-28,"{'industry_category': 'ETN', 'stock_id': '020019', 'stock_name': '統一特選台灣5GN', 'type': 'twse', 'date': '2025-07-28'}"
678,6288,聯嘉,汽車工業,twse,2025-08-05,"{'industry_category': '汽車工業', 'stock_id': '6288', 'stock_name': '聯嘉', 'type': 'twse', 'date': '2025-08-05'}"
679,1902,台紙,造紙工業,twse,2025-08-14,"{'industry_category': '造紙工業', 'stock_id': '1902', 'stock_name': '台紙', 'type': 'twse', 'date': '2025-08-14'}"
680,2841,台開,建材營造,twse,2025-08-17,"{'industry_category': '建材營造', 'stock_id': '2841', 'stock_name': '台開', 'type': 'twse', 'date': '2025-08-17'}"
681,3702A,大聯大甲特,電子工業,twse,2025-08-21,"{'industry_category': '電子工業', 'stock_id': '3702A', 'stock_name': '大聯大甲特', 'type': 'twse', 'date': '2025-08-21'}"
682,2311,日月光,半導體業,twse,2025-08-21,"{'industry_category': '半導體業', 'stock_id': '2311', 'stock_name': '日月光', 'type': 'twse', 'date': '2025-08-21'}"
683,2325,矽品,半導體業,twse,2025-08-21,"{'industry_category': '半導體業', 'stock_id': '2325', 'stock_name': '矽品', 'type': 'twse', 'date': '2025-08-21'}"
684,8291,尚茂,電子零組件業,tpex,2025-08-22,"{'industry_category': '電子零組件業', 'stock_id': '8291', 'stock_name': '尚茂', 'type': 'tpex', 'date': '2025-08-22'}"
685,3383,新世紀,光電業,twse,2025-08-23,"{'industry_category': '光電業', 'stock_id': '3383', 'stock_name': '新世紀', 'type': 'twse', 'date': '2025-08-23'}"
686,5259,奕智博,光電業,twse,2025-08-23,"{'industry_category': '光電業', 'stock_id': '5259', 'stock_name': '奕智博', 'type': 'twse', 'date': '2025-08-23'}"
687,2448,晶電,光電業,twse,2025-08-23,"{'industry_category': '光電業', 'stock_id': '2448', 'stock_name': '晶電', 'type': 'twse', 'date': '2025-08-23'}"
688,6131,鈞泰,光電業,twse,2025-08-23,"{'industry_category': '光電業', 'stock_id': '6131', 'stock_name': '鈞泰', 'type': 'twse', 'date': '2025-08-23'}"
689,2499,東貝,光電業,twse,2025-08-23,"{'industry_category': '光電業', 'stock_id': '2499', 'stock_name': '東貝', 'type': 'twse', 'date': '2025-08-23'}"
690,3698,隆達,光電業,twse,2025-08-23,"{'industry_category': '光電業', 'stock_id': '3698', 'stock_name': '隆達', 'type': 'twse', 'date': '2025-08-23'}"
691,3514,昱晶,光電業,twse,2025-08-23,"{'industry_category': '光電業', 'stock_id': '3514', 'stock_name': '昱晶', 'type': 'twse', 'date': '2025-08-23'}"
692,6289,華上,光電業,twse,2025-08-23,"{'industry_category': '光電業', 'stock_id': '6289', 'stock_name': '華上', 'type': 'twse', 'date': '2025-08-23'}"
693,3561,昇陽光電,光電業,twse,2025-08-23,"{'industry_category': '光電業', 'stock_id': '3561', 'stock_name': '昇陽光電', 'type': 'twse', 'date': '2025-08-23'}"
694,2475,華映,光電業,twse,2025-08-23,"{'industry_category': '光電業', 'stock_id': '2475', 'stock_name': '華映', 'type': 'twse', 'date': '2025-08-23'}"
695,6452,康友-KY,化學生技醫療,twse,2025-08-24,"{'industry_category': '化學生技醫療', 'stock_id': '6452', 'stock_name': '康友-KY', 'type': 'twse', 'date': '2025-08-24'}"
696,1724,台硝,化學生技醫療,twse,2025-08-24,"{'industry_category': '化學生技醫療', 'stock_id': '1724', 'stock_name': '台硝', 'type': 'twse', 'date': '2025-08-24'}"
697,3579,尚志,半導體業,twse,2025-08-24,"{'industry_category': '半導體業', 'stock_id': '3579', 'stock_name': '尚志', 'type': 'twse', 'date': '2025-08-24'}"
698,1701,中化,化學生技醫療,twse,2025-08-24,"{'industry_category': '化學生技醫療', 'stock_id': '1701', 'stock_name': '中化', 'type': 'twse', 'date': '2025-08-24'}"
699,5305,敦南,半導體業,twse,2025-08-24,"{'industry_category': '半導體業', 'stock_id': '5305', 'stock_name': '敦南', 'type': 'twse', 'date': '2025-08-24'}"
700,4144,康聯-KY,化學生技醫療,twse,2025-08-24,"{'industry_category': '化學生技醫療', 'stock_id': '4144', 'stock_name': '康聯-KY', 'type': 'twse', 'date': '2025-08-24'}"
701,1704,榮化,化學生技醫療,twse,2025-08-24,"{'industry_category': '化學生技醫療', 'stock_id': '1704', 'stock_name': '榮化', 'type': 'twse', 'date': '2025-08-24'}"
702,00794B,群益7+中國政金債,上櫃ETF,tpex,2025-08-24,"{'industry_category': '上櫃ETF', 'stock_id': '00794B', 'stock_name': '群益7+中國政金債', 'type': 'tpex', 'date': '2025-08-24'}"
703,4725,信昌化,化學生技醫療,twse,2025-08-24,"{'industry_category': '化學生技醫療', 'stock_id': '4725', 'stock_name': '信昌化', 'type': 'twse', 'date': '2025-08-24'}"
704,3519,綠能,半導體業,twse,2025-08-24,"{'industry_category': '半導體業', 'stock_id': '3519', 'stock_name': '綠能', 'type': 'twse', 'date': '2025-08-24'}"
705,3536,誠創,半導體業,twse,2025-08-24,"{'industry_category': '半導體業', 'stock_id': '3536', 'stock_name': '誠創', 'type': 'twse', 'date': '2025-08-24'}"
706,4141,龍燈-KY,化學生技醫療,twse,2025-08-24,"{'industry_category': '化學生技醫療', 'stock_id': '4141', 'stock_name': '龍燈-KY', 'type': 'twse', 'date': '2025-08-24'}"
707,008201,BP上證50,ETF,twse,2025-08-27,"{'industry_category': 'ETF', 'stock_id': '008201', 'stock_name': 'BP上證50', 'type': 'twse', 'date': '2025-08-27'}"
708,00699R,元大美債7-10反1,ETF,twse,2025-08-27,"{'industry_category': 'ETF', 'stock_id': '00699R', 'stock_name': '元大美債7-10反1', 'type': 'twse', 'date': '2025-08-27'}"
709,00698L,元大美債7-10正2,ETF,twse,2025-08-27,"{'industry_category': 'ETF', 'stock_id': '00698L', 'stock_name': '元大美債7-10正2', 'type': 'twse', 'date': '2025-08-27'}"
710,00691R,兆豐藍籌30反1,ETF,twse,2025-08-27,"{'industry_category': 'ETF', 'stock_id': '00691R', 'stock_name': '兆豐藍籌30反1', 'type': 'twse', 'date': '2025-08-27'}"
711,00677U,期富邦VIX,ETF,twse,2025-08-27,"{'industry_category': 'ETF', 'stock_id': '00677U', 'stock_name': '期富邦VIX', 'type': 'twse', 'date': '2025-08-27'}"
712,00704L,台新MSCI台灣正2,ETF,twse,2025-08-27,"{'industry_category': 'ETF', 'stock_id': '00704L', 'stock_name': '台新MSCI台灣正2', 'type': 'twse', 'date': '2025-08-27'}"
713,00705R,台新MSCI台灣反1,ETF,twse,2025-08-27,"{'industry_category': 'ETF', 'stock_id': '00705R', 'stock_name': '台新MSCI台灣反1', 'type': 'twse', 'date': '2025-08-27'}"
714,00658L,國泰日本正2,ETF,twse,2025-08-27,"{'industry_category': 'ETF', 'stock_id': '00658L', 'stock_name': '國泰日本正2', 'type': 'twse', 'date': '2025-08-27'}"
715,00649,FH香港,ETF,twse,2025-08-27,"{'industry_category': 'ETF', 'stock_id': '00649', 'stock_name': 'FH香港', 'type': 'twse', 'date': '2025-08-27'}"
716,0054,元大台商50,ETF,twse,2025-08-27,"{'industry_category': 'ETF', 'stock_id': '0054', 'stock_name': '元大台商50', 'type': 'twse', 'date': '2025-08-27'}"
717,00659R,國泰日本反1,ETF,twse,2025-08-27,"{'industry_category': 'ETF', 'stock_id': '00659R', 'stock_name': '國泰日本反1', 'type': 'twse', 'date': '2025-08-27'}"
718,00716R,華頓S&P布蘭特反1,ETF,twse,2025-08-27,"{'industry_category': 'ETF', 'stock_id': '00716R', 'stock_name': '華頓S&P布蘭特反1', 'type': 'twse', 'date': '2025-08-27'}"
719,0058,富邦發達,ETF,twse,2025-08-27,"{'industry_category': 'ETF', 'stock_id': '0058', 'stock_name': '富邦發達', 'type': 'twse', 'date': '2025-08-27'}"
720,00672L,元大S&P原油正2,ETF,twse,2025-08-27,"{'industry_category': 'ETF', 'stock_id': '00672L', 'stock_name': '元大S&P原油正2', 'type': 'twse', 'date': '2025-08-27'}"
721,00667,元大韓國,ETF,twse,2025-08-27,"{'industry_category': 'ETF', 'stock_id': '00667', 'stock_name': '元大韓國', 'type': 'twse', 'date': '2025-08-27'}"
722,0059,富邦金融,ETF,twse,2025-08-27,"{'industry_category': 'ETF', 'stock_id': '0059', 'stock_name': '富邦金融', 'type': 'twse', 'date': '2025-08-27'}"
723,4984,科納-KY,通信網路業,twse,2025-08-29,"{'industry_category': '通信網路業', 'stock_id': '4984', 'stock_name': '科納-KY', 'type': 'twse', 'date': '2025-08-29'}"
724,3682,亞太電,通信網路業,twse,2025-08-29,"{'industry_category': '通信網路業', 'stock_id': '3682', 'stock_name': '亞太電', 'type': 'twse', 'date': '2025-08-29'}"
725,1592,英瑞-KY,汽車工業,twse,2025-09-01,"{'industry_category': '汽車工業', 'stock_id': '1592', 'stock_name': '英瑞-KY', 'type': 'twse', 'date': '2025-09-01'}"
726,4141,龍燈-KY,生技醫療業,twse,2025-09-03,"{'industry_category': '生技醫療業', 'stock_id': '4141', 'stock_name': '龍燈-KY', 'type': 'twse', 'date': '2025-09-03'}"
727,1701,中化,生技醫療業,twse,2025-09-03,"{'industry_category': '生技醫療業', 'stock_id': '1701', 'stock_name': '中化', 'type': 'twse', 'date': '2025-09-03'}"
728,6452,康友-KY,生技醫療業,twse,2025-09-03,"{'industry_category': '生技醫療業', 'stock_id': '6452', 'stock_name': '康友-KY', 'type': 'twse', 'date': '2025-09-03'}"
729,4144,康聯-KY,生技醫療業,twse,2025-09-03,"{'industry_category': '生技醫療業', 'stock_id': '4144', 'stock_name': '康聯-KY', 'type': 'twse', 'date': '2025-09-03'}"
730,4945,陞達科技,半導體業,tpex,2025-09-04,"{'industry_category': '半導體業', 'stock_id': '4945', 'stock_name': '陞達科技', 'type': 'tpex', 'date': '2025-09-04'}"
731,2823,中壽,金融保險,twse,2025-09-09,"{'industry_category': '金融保險', 'stock_id': '2823', 'stock_name': '中壽', 'type': 'twse', 'date': '2025-09-09'}"
732,2856,元富證,金融保險,twse,2025-09-09,"{'industry_category': '金融保險', 'stock_id': '2856', 'stock_name': '元富證', 'type': 'twse', 'date': '2025-09-09'}"
733,2888,新光金,金融保險,twse,2025-09-09,"{'industry_category': '金融保險', 'stock_id': '2888', 'stock_name': '新光金', 'type': 'twse', 'date': '2025-09-09'}"
734,7860,得生製藥,化學生技醫療,emerging,2025-09-10,"{'industry_category': '化學生技醫療', 'stock_id': '7860', 'stock_name': '得生製藥', 'type': 'emerging', 'date': '2025-09-10'}"
735,2936,客思達-KY,貿易百貨,twse,2025-09-15,"{'industry_category': '貿易百貨', 'stock_id': '2936', 'stock_name': '客思達-KY', 'type': 'twse', 'date': '2025-09-15'}"
736,2809,京城銀,金融保險,twse,2025-09-18,"{'industry_category': '金融保險', 'stock_id': '2809', 'stock_name': '京城銀', 'type': 'twse', 'date': '2025-09-18'}"
737,1469,理隆,紡織纖維,twse,2025-09-20,"{'industry_category': '紡織纖維', 'stock_id': '1469', 'stock_name': '理隆', 'type': 'twse', 'date': '2025-09-20'}"
738,6172,互億,電子工業,twse,2025-09-24,"{'industry_category': '電子工業', 'stock_id': '6172', 'stock_name': '互億', 'type': 'twse', 'date': '2025-09-24'}"
739,5305,敦南,電子工業,twse,2025-09-24,"{'industry_category': '電子工業', 'stock_id': '5305', 'stock_name': '敦南', 'type': 'twse', 'date': '2025-09-24'}"
740,5264,鎧勝-KY,電子工業,twse,2025-09-24,"{'industry_category': '電子工業', 'stock_id': '5264', 'stock_name': '鎧勝-KY', 'type': 'twse', 'date': '2025-09-24'}"
741,2325,矽品,電子工業,twse,2025-09-24,"{'industry_category': '電子工業', 'stock_id': '2325', 'stock_name': '矽品', 'type': 'twse', 'date': '2025-09-24'}"
742,6131,鈞泰,電子工業,twse,2025-09-24,"{'industry_category': '電子工業', 'stock_id': '6131', 'stock_name': '鈞泰', 'type': 'twse', 'date': '2025-09-24'}"
743,5259,奕智博,電子工業,twse,2025-09-24,"{'industry_category': '電子工業', 'stock_id': '5259', 'stock_name': '奕智博', 'type': 'twse', 'date': '2025-09-24'}"
744,6251,定穎,電子工業,twse,2025-09-24,"{'industry_category': '電子工業', 'stock_id': '6251', 'stock_name': '定穎', 'type': 'twse', 'date': '2025-09-24'}"
745,3514,昱晶,電子工業,twse,2025-09-24,"{'industry_category': '電子工業', 'stock_id': '3514', 'stock_name': '昱晶', 'type': 'twse', 'date': '2025-09-24'}"
746,3383,新世紀,電子工業,twse,2025-09-24,"{'industry_category': '電子工業', 'stock_id': '3383', 'stock_name': '新世紀', 'type': 'twse', 'date': '2025-09-24'}"
747,6289,華上,電子工業,twse,2025-09-24,"{'industry_category': '電子工業', 'stock_id': '6289', 'stock_name': '華上', 'type': 'twse', 'date': '2025-09-24'}"
748,6145,勁永,電子工業,twse,2025-09-24,"{'industry_category': '電子工業', 'stock_id': '6145', 'stock_name': '勁永', 'type': 'twse', 'date': '2025-09-24'}"
749,4984,科納-KY,電子工業,twse,2025-09-24,"{'industry_category': '電子工業', 'stock_id': '4984', 'stock_name': '科納-KY', 'type': 'twse', 'date': '2025-09-24'}"
750,1724,台硝,化學工業,twse,2025-09-24,"{'industry_category': '化學工業', 'stock_id': '1724', 'stock_name': '台硝', 'type': 'twse', 'date': '2025-09-24'}"
751,3682,亞太電,電子工業,twse,2025-09-24,"{'industry_category': '電子工業', 'stock_id': '3682', 'stock_name': '亞太電', 'type': 'twse', 'date': '2025-09-24'}"
752,3519,綠能,電子工業,twse,2025-09-24,"{'industry_category': '電子工業', 'stock_id': '3519', 'stock_name': '綠能', 'type': 'twse', 'date': '2025-09-24'}"
753,4725,信昌化,化學工業,twse,2025-09-24,"{'industry_category': '化學工業', 'stock_id': '4725', 'stock_name': '信昌化', 'type': 'twse', 'date': '2025-09-24'}"
754,2311,日月光,電子工業,twse,2025-09-24,"{'industry_category': '電子工業', 'stock_id': '2311', 'stock_name': '日月光', 'type': 'twse', 'date': '2025-09-24'}"
755,2448,晶電,電子工業,twse,2025-09-24,"{'industry_category': '電子工業', 'stock_id': '2448', 'stock_name': '晶電', 'type': 'twse', 'date': '2025-09-24'}"
756,2499,東貝,電子工業,twse,2025-09-24,"{'industry_category': '電子工業', 'stock_id': '2499', 'stock_name': '東貝', 'type': 'twse', 'date': '2025-09-24'}"
757,3698,隆達,電子工業,twse,2025-09-24,"{'industry_category': '電子工業', 'stock_id': '3698', 'stock_name': '隆達', 'type': 'twse', 'date': '2025-09-24'}"
758,2475,華映,電子工業,twse,2025-09-24,"{'industry_category': '電子工業', 'stock_id': '2475', 'stock_name': '華映', 'type': 'twse', 'date': '2025-09-24'}"
759,3579,尚志,電子工業,twse,2025-09-24,"{'industry_category': '電子工業', 'stock_id': '3579', 'stock_name': '尚志', 'type': 'twse', 'date': '2025-09-24'}"
760,2750,桃禧,觀光餐旅,emerging,2025-09-24,"{'industry_category': '觀光餐旅', 'stock_id': '2750', 'stock_name': '桃禧', 'type': 'emerging', 'date': '2025-09-24'}"
761,6422,君耀-KY,電子工業,twse,2025-09-24,"{'industry_category': '電子工業', 'stock_id': '6422', 'stock_name': '君耀-KY', 'type': 'twse', 'date': '2025-09-24'}"
762,2456,奇力新,電子工業,twse,2025-09-24,"{'industry_category': '電子工業', 'stock_id': '2456', 'stock_name': '奇力新', 'type': 'twse', 'date': '2025-09-24'}"
763,3561,昇陽光電,電子工業,twse,2025-09-24,"{'industry_category': '電子工業', 'stock_id': '3561', 'stock_name': '昇陽光電', 'type': 'twse', 'date': '2025-09-24'}"
764,1704,榮化,化學工業,twse,2025-09-24,"{'industry_category': '化學工業', 'stock_id': '1704', 'stock_name': '榮化', 'type': 'twse', 'date': '2025-09-24'}"
765,3536,誠創,電子工業,twse,2025-09-24,"{'industry_category': '電子工業', 'stock_id': '3536', 'stock_name': '誠創', 'type': 'twse', 'date': '2025-09-24'}"
766,2489,瑞軒,光電業,twse,2025-09-25,"{'industry_category': '光電業', 'stock_id': '2489', 'stock_name': '瑞軒', 'type': 'twse', 'date': '2025-09-25'}"
767,3057,喬鼎,電腦及週邊設備業,twse,2025-09-25,"{'industry_category': '電腦及週邊設備業', 'stock_id': '3057', 'stock_name': '喬鼎', 'type': 'twse', 'date': '2025-09-25'}"
768,2352,佳世達,電腦及週邊設備業,twse,2025-09-25,"{'industry_category': '電腦及週邊設備業', 'stock_id': '2352', 'stock_name': '佳世達', 'type': 'twse', 'date': '2025-09-25'}"
769,2489,瑞軒,電子工業,twse,2025-09-25,"{'industry_category': '電子工業', 'stock_id': '2489', 'stock_name': '瑞軒', 'type': 'twse', 'date': '2025-09-25'}"
770,2352,佳世達,電子工業,twse,2025-09-25,"{'industry_category': '電子工業', 'stock_id': '2352', 'stock_name': '佳世達', 'type': 'twse', 'date': '2025-09-25'}"
771,9924,福興,居家生活,twse,2025-09-25,"{'industry_category': '居家生活', 'stock_id': '9924', 'stock_name': '福興', 'type': 'twse', 'date': '2025-09-25'}"
772,3057,喬鼎,電子工業,twse,2025-09-25,"{'industry_category': '電子工業', 'stock_id': '3057', 'stock_name': '喬鼎', 'type': 'twse', 'date': '2025-09-25'}"
773,2607,榮運,航運業,twse,2025-09-25,"{'industry_category': '航運業', 'stock_id': '2607', 'stock_name': '榮運', 'type': 'twse', 'date': '2025-09-25'}"
774,2443,昶虹,其他,twse,2025-09-26,"{'industry_category': '其他', 'stock_id': '2443', 'stock_name': '昶虹', 'type': 'twse', 'date': '2025-09-26'}"
775,8427,基勝-KY,其他,twse,2025-09-26,"{'industry_category': '其他', 'stock_id': '8427', 'stock_name': '基勝-KY', 'type': 'twse', 'date': '2025-09-26'}"
776,8480,泰昇-KY,其他,twse,2025-09-26,"{'industry_category': '其他', 'stock_id': '8480', 'stock_name': '泰昇-KY', 'type': 'twse', 'date': '2025-09-26'}"
777,2358,廷鑫,其他,twse,2025-09-26,"{'industry_category': '其他', 'stock_id': '2358', 'stock_name': '廷鑫', 'type': 'twse', 'date': '2025-09-26'}"
778,8497,格威傳媒,其他,twse,2025-09-26,"{'industry_category': '其他', 'stock_id': '8497', 'stock_name': '格威傳媒', 'type': 'twse', 'date': '2025-09-26'}"
779,1262,綠悅-KY,其他,twse,2025-09-26,"{'industry_category': '其他', 'stock_id': '1262', 'stock_name': '綠悅-KY', 'type': 'twse', 'date': '2025-09-26'}"
780,4806,桂田文創,文化創意業,tpex,2025-09-27,"{'industry_category': '文化創意業', 'stock_id': '4806', 'stock_name': '桂田文創', 'type': 'tpex', 'date': '2025-09-27'}"
781,6499,益安,生技醫療業,tpex,2025-09-30,"{'industry_category': '生技醫療業', 'stock_id': '6499', 'stock_name': '益安', 'type': 'tpex', 'date': '2025-09-30'}"
782,6230,尼得科超眾,電子工業,twse,2025-09-30,"{'industry_category': '電子工業', 'stock_id': '6230', 'stock_name': '尼得科超眾', 'type': 'twse', 'date': '2025-09-30'}"
783,6504,南六,其他,twse,2025-09-30,"{'industry_category': '其他', 'stock_id': '6504', 'stock_name': '南六', 'type': 'twse', 'date': '2025-09-30'}"
784,6235,華孚,電子工業,twse,2025-09-30,"{'industry_category': '電子工業', 'stock_id': '6235', 'stock_name': '華孚', 'type': 'twse', 'date': '2025-09-30'}"
785,6492,生華科,生技醫療業,tpex,2025-09-30,"{'industry_category': '生技醫療業', 'stock_id': '6492', 'stock_name': '生華科', 'type': 'tpex', 'date': '2025-09-30'}"
786,6229,研通,半導體業,tpex,2025-09-30,"{'industry_category': '半導體業', 'stock_id': '6229', 'stock_name': '研通', 'type': 'tpex', 'date': '2025-09-30'}"
787,6508,惠光,農業科技業,tpex,2025-09-30,"{'industry_category': '農業科技業', 'stock_id': '6508', 'stock_name': '惠光', 'type': 'tpex', 'date': '2025-09-30'}"
788,6233,旺玖,半導體業,tpex,2025-09-30,"{'industry_category': '半導體業', 'stock_id': '6233', 'stock_name': '旺玖', 'type': 'tpex', 'date': '2025-09-30'}"
789,6494,九齊,半導體業,tpex,2025-09-30,"{'industry_category': '半導體業', 'stock_id': '6494', 'stock_name': '九齊', 'type': 'tpex', 'date': '2025-09-30'}"
790,6498,久禾光,光電業,tpex,2025-09-30,"{'industry_category': '光電業', 'stock_id': '6498', 'stock_name': '久禾光', 'type': 'tpex', 'date': '2025-09-30'}"
791,6505,台塑化,油電燃氣業,twse,2025-09-30,"{'industry_category': '油電燃氣業', 'stock_id': '6505', 'stock_name': '台塑化', 'type': 'twse', 'date': '2025-09-30'}"
792,6228,全譜,電腦及週邊設備業,tpex,2025-09-30,"{'industry_category': '電腦及週邊設備業', 'stock_id': '6228', 'stock_name': '全譜', 'type': 'tpex', 'date': '2025-09-30'}"
793,6227,茂綸,電子通路業,tpex,2025-09-30,"{'industry_category': '電子通路業', 'stock_id': '6227', 'stock_name': '茂綸', 'type': 'tpex', 'date': '2025-09-30'}"
794,6496,科懋,生技醫療業,tpex,2025-09-30,"{'industry_category': '生技醫療業', 'stock_id': '6496', 'stock_name': '科懋', 'type': 'tpex', 'date': '2025-09-30'}"
795,6230,尼得科超眾,電腦及週邊設備業,twse,2025-09-30,"{'industry_category': '電腦及週邊設備業', 'stock_id': '6230', 'stock_name': '尼得科超眾', 'type': 'twse', 'date': '2025-09-30'}"
796,6506,雙邦,紡織纖維,tpex,2025-09-30,"{'industry_category': '紡織纖維', 'stock_id': '6506', 'stock_name': '雙邦', 'type': 'tpex', 'date': '2025-09-30'}"
797,6231,系微,資訊服務業,tpex,2025-09-30,"{'industry_category': '資訊服務業', 'stock_id': '6231', 'stock_name': '系微', 'type': 'tpex', 'date': '2025-09-30'}"
798,6234,高僑,光電業,tpex,2025-09-30,"{'industry_category': '光電業', 'stock_id': '6234', 'stock_name': '高僑', 'type': 'tpex', 'date': '2025-09-30'}"
799,6493,雷虎生,生技醫療業,emerging,2025-09-30,"{'industry_category': '生技醫療業', 'stock_id': '6493', 'stock_name': '雷虎生', 'type': 'emerging', 'date': '2025-09-30'}"
800,6277,宏正,電子工業,twse,2025-09-30,"{'industry_category': '電子工業', 'stock_id': '6277', 'stock_name': '宏正', 'type': 'twse', 'date': '2025-09-30'}"
801,6510,精測,半導體業,tpex,2025-09-30,"{'industry_category': '半導體業', 'stock_id': '6510', 'stock_name': '精測', 'type': 'tpex', 'date': '2025-09-30'}"
802,6216,居易,電子工業,twse,2025-09-30,"{'industry_category': '電子工業', 'stock_id': '6216', 'stock_name': '居易', 'type': 'twse', 'date': '2025-09-30'}"
803,6216,居易,通信網路業,twse,2025-09-30,"{'industry_category': '通信網路業', 'stock_id': '6216', 'stock_name': '居易', 'type': 'twse', 'date': '2025-09-30'}"
804,6527,明達醫,生技醫療業,tpex,2025-09-30,"{'industry_category': '生技醫療業', 'stock_id': '6527', 'stock_name': '明達醫', 'type': 'tpex', 'date': '2025-09-30'}"
805,6530,創威,通信網路業,tpex,2025-09-30,"{'industry_category': '通信網路業', 'stock_id': '6530', 'stock_name': '創威', 'type': 'tpex', 'date': '2025-09-30'}"
806,6531,愛普*,半導體業,twse,2025-09-30,"{'industry_category': '半導體業', 'stock_id': '6531', 'stock_name': '愛普*', 'type': 'twse', 'date': '2025-09-30'}"
807,6531,愛普*,電子工業,twse,2025-09-30,"{'industry_category': '電子工業', 'stock_id': '6531', 'stock_name': '愛普*', 'type': 'twse', 'date': '2025-09-30'}"
808,6532,瑞耘,半導體業,tpex,2025-09-30,"{'industry_category': '半導體業', 'stock_id': '6532', 'stock_name': '瑞耘', 'type': 'tpex', 'date': '2025-09-30'}"
809,6533,晶心科,半導體業,twse,2025-09-30,"{'industry_category': '半導體業', 'stock_id': '6533', 'stock_name': '晶心科', 'type': 'twse', 'date': '2025-09-30'}"
810,6533,晶心科,電子工業,twse,2025-09-30,"{'industry_category': '電子工業', 'stock_id': '6533', 'stock_name': '晶心科', 'type': 'twse', 'date': '2025-09-30'}"
811,6215,和椿,電子工業,twse,2025-09-30,"{'industry_category': '電子工業', 'stock_id': '6215', 'stock_name': '和椿', 'type': 'twse', 'date': '2025-09-30'}"
812,6215,和椿,其他電子業,twse,2025-09-30,"{'industry_category': '其他電子業', 'stock_id': '6215', 'stock_name': '和椿', 'type': 'twse', 'date': '2025-09-30'}"
813,6214,精誠,電子工業,twse,2025-09-30,"{'industry_category': '電子工業', 'stock_id': '6214', 'stock_name': '精誠', 'type': 'twse', 'date': '2025-09-30'}"
814,6214,精誠,資訊服務業,twse,2025-09-30,"{'industry_category': '資訊服務業', 'stock_id': '6214', 'stock_name': '精誠', 'type': 'twse', 'date': '2025-09-30'}"
815,6213,聯茂,電子零組件業,twse,2025-09-30,"{'industry_category': '電子零組件業', 'stock_id': '6213', 'stock_name': '聯茂', 'type': 'twse', 'date': '2025-09-30'}"
816,6213,聯茂,電子工業,twse,2025-09-30,"{'industry_category': '電子工業', 'stock_id': '6213', 'stock_name': '聯茂', 'type': 'twse', 'date': '2025-09-30'}"
817,6534,正瀚-創,創新板股票,twse,2025-09-30,"{'industry_category': '創新板股票', 'stock_id': '6534', 'stock_name': '正瀚-創', 'type': 'twse', 'date': '2025-09-30'}"
818,6212,理銘,建材營造,tpex,2025-09-30,"{'industry_category': '建材營造', 'stock_id': '6212', 'stock_name': '理銘', 'type': 'tpex', 'date': '2025-09-30'}"
819,6210,慶生,電子零組件業,tpex,2025-09-30,"{'industry_category': '電子零組件業', 'stock_id': '6210', 'stock_name': '慶生', 'type': 'tpex', 'date': '2025-09-30'}"
820,6209,今國光,電子工業,twse,2025-09-30,"{'industry_category': '電子工業', 'stock_id': '6209', 'stock_name': '今國光', 'type': 'twse', 'date': '2025-09-30'}"
821,6217,中探針,電子零組件業,tpex,2025-09-30,"{'industry_category': '電子零組件業', 'stock_id': '6217', 'stock_name': '中探針', 'type': 'tpex', 'date': '2025-09-30'}"
822,6526,達發,電子工業,twse,2025-09-30,"{'industry_category': '電子工業', 'stock_id': '6526', 'stock_name': '達發', 'type': 'twse', 'date': '2025-09-30'}"
823,6218,豪勉,通信網路業,tpex,2025-09-30,"{'industry_category': '通信網路業', 'stock_id': '6218', 'stock_name': '豪勉', 'type': 'tpex', 'date': '2025-09-30'}"
824,6219,富旺,建材營造,tpex,2025-09-30,"{'industry_category': '建材營造', 'stock_id': '6219', 'stock_name': '富旺', 'type': 'tpex', 'date': '2025-09-30'}"
825,6226,光鼎,電子工業,twse,2025-09-30,"{'industry_category': '電子工業', 'stock_id': '6226', 'stock_name': '光鼎', 'type': 'twse', 'date': '2025-09-30'}"
826,6512,啟發電,其他電子類,tpex,2025-09-30,"{'industry_category': '其他電子類', 'stock_id': '6512', 'stock_name': '啟發電', 'type': 'tpex', 'date': '2025-09-30'}"
827,6226,光鼎,光電業,twse,2025-09-30,"{'industry_category': '光電業', 'stock_id': '6226', 'stock_name': '光鼎', 'type': 'twse', 'date': '2025-09-30'}"
828,6225,天瀚,電子工業,twse,2025-09-30,"{'industry_category': '電子工業', 'stock_id': '6225', 'stock_name': '天瀚', 'type': 'twse', 'date': '2025-09-30'}"
829,6515,穎崴,半導體業,twse,2025-09-30,"{'industry_category': '半導體業', 'stock_id': '6515', 'stock_name': '穎崴', 'type': 'twse', 'date': '2025-09-30'}"
830,6515,穎崴,電子工業,twse,2025-09-30,"{'industry_category': '電子工業', 'stock_id': '6515', 'stock_name': '穎崴', 'type': 'twse', 'date': '2025-09-30'}"
831,6516,勤崴國際,資訊服務業,tpex,2025-09-30,"{'industry_category': '資訊服務業', 'stock_id': '6516', 'stock_name': '勤崴國際', 'type': 'tpex', 'date': '2025-09-30'}"
832,6225,天瀚,光電業,twse,2025-09-30,"{'industry_category': '光電業', 'stock_id': '6225', 'stock_name': '天瀚', 'type': 'twse', 'date': '2025-09-30'}"
833,6517,保勝光學,光電業,tpex,2025-09-30,"{'industry_category': '光電業', 'stock_id': '6517', 'stock_name': '保勝光學', 'type': 'tpex', 'date': '2025-09-30'}"
834,6509,聚和,化學工業,tpex,2025-09-30,"{'industry_category': '化學工業', 'stock_id': '6509', 'stock_name': '聚和', 'type': 'tpex', 'date': '2025-09-30'}"
835,6224,聚鼎,電子零組件業,twse,2025-09-30,"{'industry_category': '電子零組件業', 'stock_id': '6224', 'stock_name': '聚鼎', 'type': 'twse', 'date': '2025-09-30'}"
836,6223,旺矽,半導體業,tpex,2025-09-30,"{'industry_category': '半導體業', 'stock_id': '6223', 'stock_name': '旺矽', 'type': 'tpex', 'date': '2025-09-30'}"
837,6518,康科特,生技醫療業,emerging,2025-09-30,"{'industry_category': '生技醫療業', 'stock_id': '6518', 'stock_name': '康科特', 'type': 'emerging', 'date': '2025-09-30'}"
838,6491,晶碩,生技醫療業,twse,2025-09-30,"{'industry_category': '生技醫療業', 'stock_id': '6491', 'stock_name': '晶碩', 'type': 'twse', 'date': '2025-09-30'}"
839,6523,達爾膚,生技醫療業,tpex,2025-09-30,"{'industry_category': '生技醫療業', 'stock_id': '6523', 'stock_name': '達爾膚', 'type': 'tpex', 'date': '2025-09-30'}"
840,6525,捷敏-KY,半導體業,twse,2025-09-30,"{'industry_category': '半導體業', 'stock_id': '6525', 'stock_name': '捷敏-KY', 'type': 'twse', 'date': '2025-09-30'}"
841,6525,捷敏-KY,電子工業,twse,2025-09-30,"{'industry_category': '電子工業', 'stock_id': '6525', 'stock_name': '捷敏-KY', 'type': 'twse', 'date': '2025-09-30'}"
842,6526,達發,半導體業,twse,2025-09-30,"{'industry_category': '半導體業', 'stock_id': '6526', 'stock_name': '達發', 'type': 'twse', 'date': '2025-09-30'}"
843,6221,晉泰,資訊服務業,tpex,2025-09-30,"{'industry_category': '資訊服務業', 'stock_id': '6221', 'stock_name': '晉泰', 'type': 'tpex', 'date': '2025-09-30'}"
844,6220,岳豐,電子零組件業,tpex,2025-09-30,"{'industry_category': '電子零組件業', 'stock_id': '6220', 'stock_name': '岳豐', 'type': 'tpex', 'date': '2025-09-30'}"
845,6224,聚鼎,電子工業,twse,2025-09-30,"{'industry_category': '電子工業', 'stock_id': '6224', 'stock_name': '聚鼎', 'type': 'twse', 'date': '2025-09-30'}"
846,6222,立軒,光電業,tpex,2025-09-30,"{'industry_category': '光電業', 'stock_id': '6222', 'stock_name': '立軒', 'type': 'tpex', 'date': '2025-09-30'}"
847,6461,益得,生技醫療業,tpex,2025-09-30,"{'industry_category': '生技醫療業', 'stock_id': '6461', 'stock_name': '益得', 'type': 'tpex', 'date': '2025-09-30'}"
848,6235,華孚,電腦及週邊設備業,twse,2025-09-30,"{'industry_category': '電腦及週邊設備業', 'stock_id': '6235', 'stock_name': '華孚', 'type': 'twse', 'date': '2025-09-30'}"
849,6409,旭隼,電子工業,twse,2025-09-30,"{'industry_category': '電子工業', 'stock_id': '6409', 'stock_name': '旭隼', 'type': 'twse', 'date': '2025-09-30'}"
850,6411,晶焱,半導體業,tpex,2025-09-30,"{'industry_category': '半導體業', 'stock_id': '6411', 'stock_name': '晶焱', 'type': 'tpex', 'date': '2025-09-30'}"
851,6412,群電,電子工業,twse,2025-09-30,"{'industry_category': '電子工業', 'stock_id': '6412', 'stock_name': '群電', 'type': 'twse', 'date': '2025-09-30'}"
852,6412,群電,電子零組件業,twse,2025-09-30,"{'industry_category': '電子零組件業', 'stock_id': '6412', 'stock_name': '群電', 'type': 'twse', 'date': '2025-09-30'}"
853,6414,樺漢,電子工業,twse,2025-09-30,"{'industry_category': '電子工業', 'stock_id': '6414', 'stock_name': '樺漢', 'type': 'twse', 'date': '2025-09-30'}"
854,6414,樺漢,電腦及週邊設備業,twse,2025-09-30,"{'industry_category': '電腦及週邊設備業', 'stock_id': '6414', 'stock_name': '樺漢', 'type': 'twse', 'date': '2025-09-30'}"
855,6415,矽力*-KY,半導體業,twse,2025-09-30,"{'industry_category': '半導體業', 'stock_id': '6415', 'stock_name': '矽力*-KY', 'type': 'twse', 'date': '2025-09-30'}"
856,6415,矽力*-KY,電子工業,twse,2025-09-30,"{'industry_category': '電子工業', 'stock_id': '6415', 'stock_name': '矽力*-KY', 'type': 'twse', 'date': '2025-09-30'}"
857,6416,瑞祺電通,通信網路業,twse,2025-09-30,"{'industry_category': '通信網路業', 'stock_id': '6416', 'stock_name': '瑞祺電通', 'type': 'twse', 'date': '2025-09-30'}"
858,6416,瑞祺電通,電子工業,twse,2025-09-30,"{'industry_category': '電子工業', 'stock_id': '6416', 'stock_name': '瑞祺電通', 'type': 'twse', 'date': '2025-09-30'}"
859,6417,韋僑,通信網路業,tpex,2025-09-30,"{'industry_category': '通信網路業', 'stock_id': '6417', 'stock_name': '韋僑', 'type': 'tpex', 'date': '2025-09-30'}"
860,6409,旭隼,其他電子業,twse,2025-09-30,"{'industry_category': '其他電子業', 'stock_id': '6409', 'stock_name': '旭隼', 'type': 'twse', 'date': '2025-09-30'}"
861,6418,詠昇,電子零組件業,tpex,2025-09-30,"{'industry_category': '電子零組件業', 'stock_id': '6418', 'stock_name': '詠昇', 'type': 'tpex', 'date': '2025-09-30'}"
862,6423,億而得-創,創新板股票,twse,2025-09-30,"{'industry_category': '創新板股票', 'stock_id': '6423', 'stock_name': '億而得-創', 'type': 'twse', 'date': '2025-09-30'}"
863,6423,億而得-創,半導體業,twse,2025-09-30,"{'industry_category': '半導體業', 'stock_id': '6423', 'stock_name': '億而得-創', 'type': 'twse', 'date': '2025-09-30'}"
864,6423,億而得-創,電子工業,twse,2025-09-30,"{'industry_category': '電子工業', 'stock_id': '6423', 'stock_name': '億而得-創', 'type': 'twse', 'date': '2025-09-30'}"
865,6425,易發,電機機械,tpex,2025-09-30,"{'industry_category': '電機機械', 'stock_id': '6425', 'stock_name': '易發', 'type': 'tpex', 'date': '2025-09-30'}"
866,6426,統新,通信網路業,twse,2025-09-30,"{'industry_category': '通信網路業', 'stock_id': '6426', 'stock_name': '統新', 'type': 'twse', 'date': '2025-09-30'}"
867,6209,今國光,光電業,twse,2025-09-30,"{'industry_category': '光電業', 'stock_id': '6209', 'stock_name': '今國光', 'type': 'twse', 'date': '2025-09-30'}"
868,6426,統新,電子工業,twse,2025-09-30,"{'industry_category': '電子工業', 'stock_id': '6426', 'stock_name': '統新', 'type': 'twse', 'date': '2025-09-30'}"
869,6428,台灣淘米,文化創意業,emerging,2025-09-30,"{'industry_category': '文化創意業', 'stock_id': '6428', 'stock_name': '台灣淘米', 'type': 'emerging', 'date': '2025-09-30'}"
870,6431,光麗-KY,化學生技醫療,twse,2025-09-30,"{'industry_category': '化學生技醫療', 'stock_id': '6431', 'stock_name': '光麗-KY', 'type': 'twse', 'date': '2025-09-30'}"
871,6431,光麗-KY,生技醫療業,twse,2025-09-30,"{'industry_category': '生技醫療業', 'stock_id': '6431', 'stock_name': '光麗-KY', 'type': 'twse', 'date': '2025-09-30'}"
872,6269,台郡,電子工業,twse,2025-09-30,"{'industry_category': '電子工業', 'stock_id': '6269', 'stock_name': '台郡', 'type': 'twse', 'date': '2025-09-30'}"
873,6419,京晨科,光電業,tpex,2025-09-30,"{'industry_category': '光電業', 'stock_id': '6419', 'stock_name': '京晨科', 'type': 'tpex', 'date': '2025-09-30'}"
874,6407,相互,電子零組件業,emerging,2025-09-30,"{'industry_category': '電子零組件業', 'stock_id': '6407', 'stock_name': '相互', 'type': 'emerging', 'date': '2025-09-30'}"
875,6405,悅城,電子工業,twse,2025-09-30,"{'industry_category': '電子工業', 'stock_id': '6405', 'stock_name': '悅城', 'type': 'twse', 'date': '2025-09-30'}"
876,6269,台郡,電子零組件業,twse,2025-09-30,"{'industry_category': '電子零組件業', 'stock_id': '6269', 'stock_name': '台郡', 'type': 'twse', 'date': '2025-09-30'}"
877,6277,宏正,電腦及週邊設備業,twse,2025-09-30,"{'industry_category': '電腦及週邊設備業', 'stock_id': '6277', 'stock_name': '宏正', 'type': 'twse', 'date': '2025-09-30'}"
878,6275,元山,電子零組件業,tpex,2025-09-30,"{'industry_category': '電子零組件業', 'stock_id': '6275', 'stock_name': '元山', 'type': 'tpex', 'date': '2025-09-30'}"
879,6278,台表科,光電業,twse,2025-09-30,"{'industry_category': '光電業', 'stock_id': '6278', 'stock_name': '台表科', 'type': 'twse', 'date': '2025-09-30'}"
880,6278,台表科,電子工業,twse,2025-09-30,"{'industry_category': '電子工業', 'stock_id': '6278', 'stock_name': '台表科', 'type': 'twse', 'date': '2025-09-30'}"
881,6279,胡連,電子零組件業,tpex,2025-09-30,"{'industry_category': '電子零組件業', 'stock_id': '6279', 'stock_name': '胡連', 'type': 'tpex', 'date': '2025-09-30'}"
882,6281,全國電,電子工業,twse,2025-09-30,"{'industry_category': '電子工業', 'stock_id': '6281', 'stock_name': '全國電', 'type': 'twse', 'date': '2025-09-30'}"
883,6274,台燿,電子零組件業,tpex,2025-09-30,"{'industry_category': '電子零組件業', 'stock_id': '6274', 'stock_name': '台燿', 'type': 'tpex', 'date': '2025-09-30'}"
884,6281,全國電,電子通路業,twse,2025-09-30,"{'industry_category': '電子通路業', 'stock_id': '6281', 'stock_name': '全國電', 'type': 'twse', 'date': '2025-09-30'}"
885,6282,康舒,電子工業,twse,2025-09-30,"{'industry_category': '電子工業', 'stock_id': '6282', 'stock_name': '康舒', 'type': 'twse', 'date': '2025-09-30'}"
886,6282,康舒,電子零組件業,twse,2025-09-30,"{'industry_category': '電子零組件業', 'stock_id': '6282', 'stock_name': '康舒', 'type': 'twse', 'date': '2025-09-30'}"
887,6283,淳安,其他電子業,twse,2025-09-30,"{'industry_category': '其他電子業', 'stock_id': '6283', 'stock_name': '淳安', 'type': 'twse', 'date': '2025-09-30'}"
888,6283,淳安,電子工業,twse,2025-09-30,"{'industry_category': '電子工業', 'stock_id': '6283', 'stock_name': '淳安', 'type': 'twse', 'date': '2025-09-30'}"
889,6284,佳邦,電子零組件業,tpex,2025-09-30,"{'industry_category': '電子零組件業', 'stock_id': '6284', 'stock_name': '佳邦', 'type': 'tpex', 'date': '2025-09-30'}"
890,6285,啟碁,通信網路業,twse,2025-09-30,"{'industry_category': '通信網路業', 'stock_id': '6285', 'stock_name': '啟碁', 'type': 'twse', 'date': '2025-09-30'}"
891,6285,啟碁,電子工業,twse,2025-09-30,"{'industry_category': '電子工業', 'stock_id': '6285', 'stock_name': '啟碁', 'type': 'twse', 'date': '2025-09-30'}"
892,6272,驊陞,電子零組件業,emerging,2025-09-30,"{'industry_category': '電子零組件業', 'stock_id': '6272', 'stock_name': '驊陞', 'type': 'emerging', 'date': '2025-09-30'}"
893,6271,同欣電,電子工業,twse,2025-09-30,"{'industry_category': '電子工業', 'stock_id': '6271', 'stock_name': '同欣電', 'type': 'twse', 'date': '2025-09-30'}"
894,6271,同欣電,半導體業,twse,2025-09-30,"{'industry_category': '半導體業', 'stock_id': '6271', 'stock_name': '同欣電', 'type': 'twse', 'date': '2025-09-30'}"
895,6290,良維,電子零組件業,tpex,2025-09-30,"{'industry_category': '電子零組件業', 'stock_id': '6290', 'stock_name': '良維', 'type': 'tpex', 'date': '2025-09-30'}"
896,6291,沛亨,半導體業,tpex,2025-09-30,"{'industry_category': '半導體業', 'stock_id': '6291', 'stock_name': '沛亨', 'type': 'tpex', 'date': '2025-09-30'}"
897,6292,迅德,電子零組件業,tpex,2025-09-30,"{'industry_category': '電子零組件業', 'stock_id': '6292', 'stock_name': '迅德', 'type': 'tpex', 'date': '2025-09-30'}"
898,6270,倍微,電子通路業,tpex,2025-09-30,"{'industry_category': '電子通路業', 'stock_id': '6270', 'stock_name': '倍微', 'type': 'tpex', 'date': '2025-09-30'}"
899,6294,智基,文化創意業,tpex,2025-09-30,"{'industry_category': '文化創意業', 'stock_id': '6294', 'stock_name': '智基', 'type': 'tpex', 'date': '2025-09-30'}"
900,6403,群登,通信網路業,emerging,2025-09-30,"{'industry_category': '通信網路業', 'stock_id': '6403', 'stock_name': '群登', 'type': 'emerging', 'date': '2025-09-30'}"
901,6405,悅城,光電業,twse,2025-09-30,"{'industry_category': '光電業', 'stock_id': '6405', 'stock_name': '悅城', 'type': 'twse', 'date': '2025-09-30'}"
902,6266,泰詠,電子零組件業,tpex,2025-09-30,"{'industry_category': '電子零組件業', 'stock_id': '6266', 'stock_name': '泰詠', 'type': 'tpex', 'date': '2025-09-30'}"
903,6491,晶碩,化學生技醫療,twse,2025-09-30,"{'industry_category': '化學生技醫療', 'stock_id': '6491', 'stock_name': '晶碩', 'type': 'twse', 'date': '2025-09-30'}"
904,6432,今展科,電子零組件業,tpex,2025-09-30,"{'industry_category': '電子零組件業', 'stock_id': '6432', 'stock_name': '今展科', 'type': 'tpex', 'date': '2025-09-30'}"
905,6435,大中,半導體業,tpex,2025-09-30,"{'industry_category': '半導體業', 'stock_id': '6435', 'stock_name': '大中', 'type': 'tpex', 'date': '2025-09-30'}"
906,6467,泰合,生技醫療業,emerging,2025-09-30,"{'industry_category': '生技醫療業', 'stock_id': '6467', 'stock_name': '泰合', 'type': 'emerging', 'date': '2025-09-30'}"
907,6469,大樹,生技醫療業,tpex,2025-09-30,"{'industry_category': '生技醫療業', 'stock_id': '6469', 'stock_name': '大樹', 'type': 'tpex', 'date': '2025-09-30'}"
908,6470,宇智,通信網路業,tpex,2025-09-30,"{'industry_category': '通信網路業', 'stock_id': '6470', 'stock_name': '宇智', 'type': 'tpex', 'date': '2025-09-30'}"
909,6244,茂迪,光電業,tpex,2025-09-30,"{'industry_category': '光電業', 'stock_id': '6244', 'stock_name': '茂迪', 'type': 'tpex', 'date': '2025-09-30'}"
910,6472,保瑞,化學生技醫療,twse,2025-09-30,"{'industry_category': '化學生技醫療', 'stock_id': '6472', 'stock_name': '保瑞', 'type': 'twse', 'date': '2025-09-30'}"
911,6472,保瑞,生技醫療業,twse,2025-09-30,"{'industry_category': '生技醫療業', 'stock_id': '6472', 'stock_name': '保瑞', 'type': 'twse', 'date': '2025-09-30'}"
912,6243,迅杰,電子工業,twse,2025-09-30,"{'industry_category': '電子工業', 'stock_id': '6243', 'stock_name': '迅杰', 'type': 'twse', 'date': '2025-09-30'}"
913,6243,迅杰,半導體業,twse,2025-09-30,"{'industry_category': '半導體業', 'stock_id': '6243', 'stock_name': '迅杰', 'type': 'twse', 'date': '2025-09-30'}"
914,6242,立康,生技醫療業,tpex,2025-09-30,"{'industry_category': '生技醫療業', 'stock_id': '6242', 'stock_name': '立康', 'type': 'tpex', 'date': '2025-09-30'}"
915,6473,美賣*,數位雲端,emerging,2025-09-30,"{'industry_category': '數位雲端', 'stock_id': '6473', 'stock_name': '美賣*', 'type': 'emerging', 'date': '2025-09-30'}"
916,6241,易通展,通信網路業,tpex,2025-09-30,"{'industry_category': '通信網路業', 'stock_id': '6241', 'stock_name': '易通展', 'type': 'tpex', 'date': '2025-09-30'}"
917,6245,立端,通信網路業,tpex,2025-09-30,"{'industry_category': '通信網路業', 'stock_id': '6245', 'stock_name': '立端', 'type': 'tpex', 'date': '2025-09-30'}"
918,6240,松崗,資訊服務業,tpex,2025-09-30,"{'industry_category': '資訊服務業', 'stock_id': '6240', 'stock_name': '松崗', 'type': 'tpex', 'date': '2025-09-30'}"
919,6477,安集,光電業,twse,2025-09-30,"{'industry_category': '光電業', 'stock_id': '6477', 'stock_name': '安集', 'type': 'twse', 'date': '2025-09-30'}"
920,6239,力成,電子工業,twse,2025-09-30,"{'industry_category': '電子工業', 'stock_id': '6239', 'stock_name': '力成', 'type': 'twse', 'date': '2025-09-30'}"
921,6477,安集,電子工業,twse,2025-09-30,"{'industry_category': '電子工業', 'stock_id': '6477', 'stock_name': '安集', 'type': 'twse', 'date': '2025-09-30'}"
922,6239,力成,半導體業,twse,2025-09-30,"{'industry_category': '半導體業', 'stock_id': '6239', 'stock_name': '力成', 'type': 'twse', 'date': '2025-09-30'}"
923,6482,弘煜科,文化創意業,tpex,2025-09-30,"{'industry_category': '文化創意業', 'stock_id': '6482', 'stock_name': '弘煜科', 'type': 'tpex', 'date': '2025-09-30'}"
924,6483,原創生醫,生技醫療業,emerging,2025-09-30,"{'industry_category': '生技醫療業', 'stock_id': '6483', 'stock_name': '原創生醫', 'type': 'emerging', 'date': '2025-09-30'}"
925,6485,點序,半導體業,tpex,2025-09-30,"{'industry_category': '半導體業', 'stock_id': '6485', 'stock_name': '點序', 'type': 'tpex', 'date': '2025-09-30'}"
926,6486,互動,通信網路業,tpex,2025-09-30,"{'industry_category': '通信網路業', 'stock_id': '6486', 'stock_name': '互動', 'type': 'tpex', 'date': '2025-09-30'}"
927,6237,驊訊,半導體業,tpex,2025-09-30,"{'industry_category': '半導體業', 'stock_id': '6237', 'stock_name': '驊訊', 'type': 'tpex', 'date': '2025-09-30'}"
928,6488,環球晶,半導體業,tpex,2025-09-30,"{'industry_category': '半導體業', 'stock_id': '6488', 'stock_name': '環球晶', 'type': 'tpex', 'date': '2025-09-30'}"
929,6236,中湛,其他,tpex,2025-09-30,"{'industry_category': '其他', 'stock_id': '6236', 'stock_name': '中湛', 'type': 'tpex', 'date': '2025-09-30'}"
930,6474,華豫寧,電子通路業,emerging,2025-09-30,"{'industry_category': '電子通路業', 'stock_id': '6474', 'stock_name': '華豫寧', 'type': 'emerging', 'date': '2025-09-30'}"
931,6465,威潤,通信網路業,tpex,2025-09-30,"{'industry_category': '通信網路業', 'stock_id': '6465', 'stock_name': '威潤', 'type': 'tpex', 'date': '2025-09-30'}"
932,6246,臺龍,光電業,tpex,2025-09-30,"{'industry_category': '光電業', 'stock_id': '6246', 'stock_name': '臺龍', 'type': 'tpex', 'date': '2025-09-30'}"
933,6464,台數科,其他,twse,2025-09-30,"{'industry_category': '其他', 'stock_id': '6464', 'stock_name': '台數科', 'type': 'twse', 'date': '2025-09-30'}"
934,6265,方土昶,電子通路業,tpex,2025-09-30,"{'industry_category': '電子通路業', 'stock_id': '6265', 'stock_name': '方土昶', 'type': 'tpex', 'date': '2025-09-30'}"
935,6438,迅得,其他電子業,twse,2025-09-30,"{'industry_category': '其他電子業', 'stock_id': '6438', 'stock_name': '迅得', 'type': 'twse', 'date': '2025-09-30'}"
936,6264,富裔,建材營造,tpex,2025-09-30,"{'industry_category': '建材營造', 'stock_id': '6264', 'stock_name': '富裔', 'type': 'tpex', 'date': '2025-09-30'}"
937,6438,迅得,電子工業,twse,2025-09-30,"{'industry_category': '電子工業', 'stock_id': '6438', 'stock_name': '迅得', 'type': 'twse', 'date': '2025-09-30'}"
938,6263,普萊德,通信網路業,tpex,2025-09-30,"{'industry_category': '通信網路業', 'stock_id': '6263', 'stock_name': '普萊德', 'type': 'tpex', 'date': '2025-09-30'}"
939,6261,久元,半導體業,tpex,2025-09-30,"{'industry_category': '半導體業', 'stock_id': '6261', 'stock_name': '久元', 'type': 'tpex', 'date': '2025-09-30'}"
940,6441,廣錠,電腦及週邊設備業,tpex,2025-09-30,"{'industry_category': '電腦及週邊設備業', 'stock_id': '6441', 'stock_name': '廣錠', 'type': 'tpex', 'date': '2025-09-30'}"
941,6259,百徽,電子零組件業,tpex,2025-09-30,"{'industry_category': '電子零組件業', 'stock_id': '6259', 'stock_name': '百徽', 'type': 'tpex', 'date': '2025-09-30'}"
942,6442,光聖,通信網路業,twse,2025-09-30,"{'industry_category': '通信網路業', 'stock_id': '6442', 'stock_name': '光聖', 'type': 'twse', 'date': '2025-09-30'}"
943,6442,光聖,電子工業,twse,2025-09-30,"{'industry_category': '電子工業', 'stock_id': '6442', 'stock_name': '光聖', 'type': 'twse', 'date': '2025-09-30'}"
944,6257,矽格,電子工業,twse,2025-09-30,"{'industry_category': '電子工業', 'stock_id': '6257', 'stock_name': '矽格', 'type': 'twse', 'date': '2025-09-30'}"
945,6443,元晶,光電業,twse,2025-09-30,"{'industry_category': '光電業', 'stock_id': '6443', 'stock_name': '元晶', 'type': 'twse', 'date': '2025-09-30'}"
946,6443,元晶,電子工業,twse,2025-09-30,"{'industry_category': '電子工業', 'stock_id': '6443', 'stock_name': '元晶', 'type': 'twse', 'date': '2025-09-30'}"
947,6446,藥華藥,化學生技醫療,twse,2025-09-30,"{'industry_category': '化學生技醫療', 'stock_id': '6446', 'stock_name': '藥華藥', 'type': 'twse', 'date': '2025-09-30'}"
948,6446,藥華藥,生技醫療業,twse,2025-09-30,"{'industry_category': '生技醫療業', 'stock_id': '6446', 'stock_name': '藥華藥', 'type': 'twse', 'date': '2025-09-30'}"
949,6257,矽格,半導體業,twse,2025-09-30,"{'industry_category': '半導體業', 'stock_id': '6257', 'stock_name': '矽格', 'type': 'twse', 'date': '2025-09-30'}"
950,6449,鈺邦,電子工業,twse,2025-09-30,"{'industry_category': '電子工業', 'stock_id': '6449', 'stock_name': '鈺邦', 'type': 'twse', 'date': '2025-09-30'}"
951,6449,鈺邦,電子零組件業,twse,2025-09-30,"{'industry_category': '電子零組件業', 'stock_id': '6449', 'stock_name': '鈺邦', 'type': 'twse', 'date': '2025-09-30'}"
952,6451,訊芯-KY,半導體業,twse,2025-09-30,"{'industry_category': '半導體業', 'stock_id': '6451', 'stock_name': '訊芯-KY', 'type': 'twse', 'date': '2025-09-30'}"
953,6451,訊芯-KY,電子工業,twse,2025-09-30,"{'industry_category': '電子工業', 'stock_id': '6451', 'stock_name': '訊芯-KY', 'type': 'twse', 'date': '2025-09-30'}"
954,6248,沛波,鋼鐵工業,tpex,2025-09-30,"{'industry_category': '鋼鐵工業', 'stock_id': '6248', 'stock_name': '沛波', 'type': 'tpex', 'date': '2025-09-30'}"
955,6456,GIS-KY,光電業,twse,2025-09-30,"{'industry_category': '光電業', 'stock_id': '6456', 'stock_name': 'GIS-KY', 'type': 'twse', 'date': '2025-09-30'}"
956,6456,GIS-KY,電子工業,twse,2025-09-30,"{'industry_category': '電子工業', 'stock_id': '6456', 'stock_name': 'GIS-KY', 'type': 'twse', 'date': '2025-09-30'}"
957,6276,安鈦克,電腦及週邊設備業,tpex,2025-09-30,"{'industry_category': '電腦及週邊設備業', 'stock_id': '6276', 'stock_name': '安鈦克', 'type': 'tpex', 'date': '2025-09-30'}"
958,6462,神盾,半導體業,tpex,2025-09-30,"{'industry_category': '半導體業', 'stock_id': '6462', 'stock_name': '神盾', 'type': 'tpex', 'date': '2025-09-30'}"
959,6434,達輝光電,光電業,emerging,2025-09-30,"{'industry_category': '光電業', 'stock_id': '6434', 'stock_name': '達輝光電', 'type': 'emerging', 'date': '2025-09-30'}"
960,0050,元大台灣50,ETF,twse,2025-09-30,"{'industry_category': 'ETF', 'stock_id': '0050', 'stock_name': '元大台灣50', 'type': 'twse', 'date': '2025-09-30'}"
961,5871,中租-KY,其他,twse,2025-09-30,"{'industry_category': '其他', 'stock_id': '5871', 'stock_name': '中租-KY', 'type': 'twse', 'date': '2025-09-30'}"
962,6207,雷科,電子零組件業,tpex,2025-09-30,"{'industry_category': '電子零組件業', 'stock_id': '6207', 'stock_name': '雷科', 'type': 'tpex', 'date': '2025-09-30'}"
963,5234,達興材料,電子工業,twse,2025-09-30,"{'industry_category': '電子工業', 'stock_id': '5234', 'stock_name': '達興材料', 'type': 'twse', 'date': '2025-09-30'}"
964,5236,凌陽創新,半導體業,tpex,2025-09-30,"{'industry_category': '半導體業', 'stock_id': '5236', 'stock_name': '凌陽創新', 'type': 'tpex', 'date': '2025-09-30'}"
965,5240,建騰,光電業,emerging,2025-09-30,"{'industry_category': '光電業', 'stock_id': '5240', 'stock_name': '建騰', 'type': 'emerging', 'date': '2025-09-30'}"
966,5243,乙盛-KY,光電業,twse,2025-09-30,"{'industry_category': '光電業', 'stock_id': '5243', 'stock_name': '乙盛-KY', 'type': 'twse', 'date': '2025-09-30'}"
967,5243,乙盛-KY,電子工業,twse,2025-09-30,"{'industry_category': '電子工業', 'stock_id': '5243', 'stock_name': '乙盛-KY', 'type': 'twse', 'date': '2025-09-30'}"
968,5244,弘凱,光電業,twse,2025-09-30,"{'industry_category': '光電業', 'stock_id': '5244', 'stock_name': '弘凱', 'type': 'twse', 'date': '2025-09-30'}"
969,5244,弘凱,電子工業,twse,2025-09-30,"{'industry_category': '電子工業', 'stock_id': '5244', 'stock_name': '弘凱', 'type': 'twse', 'date': '2025-09-30'}"
970,5245,智晶,光電業,tpex,2025-09-30,"{'industry_category': '光電業', 'stock_id': '5245', 'stock_name': '智晶', 'type': 'tpex', 'date': '2025-09-30'}"
971,5246,勵威,半導體業,emerging,2025-09-30,"{'industry_category': '半導體業', 'stock_id': '5246', 'stock_name': '勵威', 'type': 'emerging', 'date': '2025-09-30'}"
972,5248,景傳,光電業,emerging,2025-09-30,"{'industry_category': '光電業', 'stock_id': '5248', 'stock_name': '景傳', 'type': 'emerging', 'date': '2025-09-30'}"
973,5251,天鉞電,光電業,tpex,2025-09-30,"{'industry_category': '光電業', 'stock_id': '5251', 'stock_name': '天鉞電', 'type': 'tpex', 'date': '2025-09-30'}"
974,5254,欣訊科技,電子零組件業,emerging,2025-09-30,"{'industry_category': '電子零組件業', 'stock_id': '5254', 'stock_name': '欣訊科技', 'type': 'emerging', 'date': '2025-09-30'}"
975,5258,虹堡,電子工業,twse,2025-09-30,"{'industry_category': '電子工業', 'stock_id': '5258', 'stock_name': '虹堡', 'type': 'twse', 'date': '2025-09-30'}"
976,5258,虹堡,電腦及週邊設備業,twse,2025-09-30,"{'industry_category': '電腦及週邊設備業', 'stock_id': '5258', 'stock_name': '虹堡', 'type': 'twse', 'date': '2025-09-30'}"
977,5262,立達,半導體業,emerging,2025-09-30,"{'industry_category': '半導體業', 'stock_id': '5262', 'stock_name': '立達', 'type': 'emerging', 'date': '2025-09-30'}"
978,5263,智崴,文化創意業,tpex,2025-09-30,"{'industry_category': '文化創意業', 'stock_id': '5263', 'stock_name': '智崴', 'type': 'tpex', 'date': '2025-09-30'}"
979,5267,龍翩,光電業,emerging,2025-09-30,"{'industry_category': '光電業', 'stock_id': '5267', 'stock_name': '龍翩', 'type': 'emerging', 'date': '2025-09-30'}"
980,5269,祥碩,半導體業,twse,2025-09-30,"{'industry_category': '半導體業', 'stock_id': '5269', 'stock_name': '祥碩', 'type': 'twse', 'date': '2025-09-30'}"
981,5269,祥碩,電子工業,twse,2025-09-30,"{'industry_category': '電子工業', 'stock_id': '5269', 'stock_name': '祥碩', 'type': 'twse', 'date': '2025-09-30'}"
982,5271,紘通,電子零組件業,emerging,2025-09-30,"{'industry_category': '電子零組件業', 'stock_id': '5271', 'stock_name': '紘通', 'type': 'emerging', 'date': '2025-09-30'}"
983,5272,笙科,半導體業,tpex,2025-09-30,"{'industry_category': '半導體業', 'stock_id': '5272', 'stock_name': '笙科', 'type': 'tpex', 'date': '2025-09-30'}"
984,5234,達興材料,光電業,twse,2025-09-30,"{'industry_category': '光電業', 'stock_id': '5234', 'stock_name': '達興材料', 'type': 'twse', 'date': '2025-09-30'}"
985,5274,信驊,半導體業,tpex,2025-09-30,"{'industry_category': '半導體業', 'stock_id': '5274', 'stock_name': '信驊', 'type': 'tpex', 'date': '2025-09-30'}"
986,5230,雷笛克光學,光電業,tpex,2025-09-30,"{'industry_category': '光電業', 'stock_id': '5230', 'stock_name': '雷笛克光學', 'type': 'tpex', 'date': '2025-09-30'}"
987,5227,立凱-KY,電子零組件業,tpex,2025-09-30,"{'industry_category': '電子零組件業', 'stock_id': '5227', 'stock_name': '立凱-KY', 'type': 'tpex', 'date': '2025-09-30'}"
988,5015,華祺,鋼鐵工業,tpex,2025-09-30,"{'industry_category': '鋼鐵工業', 'stock_id': '5015', 'stock_name': '華祺', 'type': 'tpex', 'date': '2025-09-30'}"
989,5016,松和,鋼鐵工業,tpex,2025-09-30,"{'industry_category': '鋼鐵工業', 'stock_id': '5016', 'stock_name': '松和', 'type': 'tpex', 'date': '2025-09-30'}"
990,5201,凱衛,資訊服務業,tpex,2025-09-30,"{'industry_category': '資訊服務業', 'stock_id': '5201', 'stock_name': '凱衛', 'type': 'tpex', 'date': '2025-09-30'}"
991,5202,力新,資訊服務業,tpex,2025-09-30,"{'industry_category': '資訊服務業', 'stock_id': '5202', 'stock_name': '力新', 'type': 'tpex', 'date': '2025-09-30'}"
992,5203,訊連,資訊服務業,twse,2025-09-30,"{'industry_category': '資訊服務業', 'stock_id': '5203', 'stock_name': '訊連', 'type': 'twse', 'date': '2025-09-30'}"
993,5203,訊連,電子工業,twse,2025-09-30,"{'industry_category': '電子工業', 'stock_id': '5203', 'stock_name': '訊連', 'type': 'twse', 'date': '2025-09-30'}"
994,5205,中茂,綠能環保類,tpex,2025-09-30,"{'industry_category': '綠能環保類', 'stock_id': '5205', 'stock_name': '中茂', 'type': 'tpex', 'date': '2025-09-30'}"
995,5206,坤悅,建材營造,tpex,2025-09-30,"{'industry_category': '建材營造', 'stock_id': '5206', 'stock_name': '坤悅', 'type': 'tpex', 'date': '2025-09-30'}"
996,5209,新鼎,其他,tpex,2025-09-30,"{'industry_category': '其他', 'stock_id': '5209', 'stock_name': '新鼎', 'type': 'tpex', 'date': '2025-09-30'}"
997,5210,寶碩,資訊服務業,tpex,2025-09-30,"{'industry_category': '資訊服務業', 'stock_id': '5210', 'stock_name': '寶碩', 'type': 'tpex', 'date': '2025-09-30'}"
998,5211,蒙恬,資訊服務業,tpex,2025-09-30,"{'industry_category': '資訊服務業', 'stock_id': '5211', 'stock_name': '蒙恬', 'type': 'tpex', 'date': '2025-09-30'}"
999,5212,凌網,資訊服務業,tpex,2025-09-30,"{'industry_category': '資訊服務業', 'stock_id': '5212', 'stock_name': '凌網', 'type': 'tpex', 'date': '2025-09-30'}"
1000,5213,亞昕,建材營造,tpex,2025-09-30,"{'industry_category': '建材營造', 'stock_id': '5213', 'stock_name': '亞昕', 'type': 'tpex', 'date': '2025-09-30'}"
1001,5215,科嘉-KY,電子工業,twse,2025-09-30,"{'industry_category': '電子工業', 'stock_id': '5215', 'stock_name': '科嘉-KY', 'type': 'twse', 'date': '2025-09-30'}"
1002,5215,科嘉-KY,電腦及週邊設備業,twse,2025-09-30,"{'industry_category': '電腦及週邊設備業', 'stock_id': '5215', 'stock_name': '科嘉-KY', 'type': 'twse', 'date': '2025-09-30'}"
1003,5220,萬達光電,光電業,tpex,2025-09-30,"{'industry_category': '光電業', 'stock_id': '5220', 'stock_name': '萬達光電', 'type': 'tpex', 'date': '2025-09-30'}"
1004,5222,全訊,半導體業,twse,2025-09-30,"{'industry_category': '半導體業', 'stock_id': '5222', 'stock_name': '全訊', 'type': 'twse', 'date': '2025-09-30'}"
1005,5222,全訊,電子工業,twse,2025-09-30,"{'industry_category': '電子工業', 'stock_id': '5222', 'stock_name': '全訊', 'type': 'twse', 'date': '2025-09-30'}"
1006,5223,安力-KY,電腦及週邊設備業,tpex,2025-09-30,"{'industry_category': '電腦及週邊設備業', 'stock_id': '5223', 'stock_name': '安力-KY', 'type': 'tpex', 'date': '2025-09-30'}"
1007,5225,東科-KY,其他電子業,twse,2025-09-30,"{'industry_category': '其他電子業', 'stock_id': '5225', 'stock_name': '東科-KY', 'type': 'twse', 'date': '2025-09-30'}"
1008,5225,東科-KY,電子工業,twse,2025-09-30,"{'industry_category': '電子工業', 'stock_id': '5225', 'stock_name': '東科-KY', 'type': 'twse', 'date': '2025-09-30'}"
1009,5228,鈺鎧,電子零組件業,tpex,2025-09-30,"{'industry_category': '電子零組件業', 'stock_id': '5228', 'stock_name': '鈺鎧', 'type': 'tpex', 'date': '2025-09-30'}"
1010,5014,建錩,鋼鐵工業,tpex,2025-09-30,"{'industry_category': '鋼鐵工業', 'stock_id': '5014', 'stock_name': '建錩', 'type': 'tpex', 'date': '2025-09-30'}"
1011,5276,達輝-KY,其他,tpex,2025-09-30,"{'industry_category': '其他', 'stock_id': '5276', 'stock_name': '達輝-KY', 'type': 'tpex', 'date': '2025-09-30'}"
1012,5283,禾聯碩,電器電纜,twse,2025-09-30,"{'industry_category': '電器電纜', 'stock_id': '5283', 'stock_name': '禾聯碩', 'type': 'twse', 'date': '2025-09-30'}"
1013,5348,正能量智能,運動休閒類,tpex,2025-09-30,"{'industry_category': '運動休閒類', 'stock_id': '5348', 'stock_name': '正能量智能', 'type': 'tpex', 'date': '2025-09-30'}"
1014,5351,鈺創,半導體業,tpex,2025-09-30,"{'industry_category': '半導體業', 'stock_id': '5351', 'stock_name': '鈺創', 'type': 'tpex', 'date': '2025-09-30'}"
1015,5353,台林,通信網路業,tpex,2025-09-30,"{'industry_category': '通信網路業', 'stock_id': '5353', 'stock_name': '台林', 'type': 'tpex', 'date': '2025-09-30'}"
1016,5355,佳總,電子零組件業,tpex,2025-09-30,"{'industry_category': '電子零組件業', 'stock_id': '5355', 'stock_name': '佳總', 'type': 'tpex', 'date': '2025-09-30'}"
1017,5356,協益,電腦及週邊設備業,tpex,2025-09-30,"{'industry_category': '電腦及週邊設備業', 'stock_id': '5356', 'stock_name': '協益', 'type': 'tpex', 'date': '2025-09-30'}"
1018,5364,力麗店,觀光餐旅,tpex,2025-09-30,"{'industry_category': '觀光餐旅', 'stock_id': '5364', 'stock_name': '力麗店', 'type': 'tpex', 'date': '2025-09-30'}"
1019,5371,中光電,光電業,tpex,2025-09-30,"{'industry_category': '光電業', 'stock_id': '5371', 'stock_name': '中光電', 'type': 'tpex', 'date': '2025-09-30'}"
1020,5381,合正,電子零組件業,tpex,2025-09-30,"{'industry_category': '電子零組件業', 'stock_id': '5381', 'stock_name': '合正', 'type': 'tpex', 'date': '2025-09-30'}"
1021,5386,青雲,電腦及週邊設備業,tpex,2025-09-30,"{'industry_category': '電腦及週邊設備業', 'stock_id': '5386', 'stock_name': '青雲', 'type': 'tpex', 'date': '2025-09-30'}"
1022,5388,中磊,通信網路業,twse,2025-09-30,"{'industry_category': '通信網路業', 'stock_id': '5388', 'stock_name': '中磊', 'type': 'twse', 'date': '2025-09-30'}"
1023,5388,中磊,電子工業,twse,2025-09-30,"{'industry_category': '電子工業', 'stock_id': '5388', 'stock_name': '中磊', 'type': 'twse', 'date': '2025-09-30'}"
1024,5392,能率,光電業,tpex,2025-09-30,"{'industry_category': '光電業', 'stock_id': '5392', 'stock_name': '能率', 'type': 'tpex', 'date': '2025-09-30'}"
1025,5398,慕康生醫,其他,tpex,2025-09-30,"{'industry_category': '其他', 'stock_id': '5398', 'stock_name': '慕康生醫', 'type': 'tpex', 'date': '2025-09-30'}"
1026,5403,中菲,資訊服務業,tpex,2025-09-30,"{'industry_category': '資訊服務業', 'stock_id': '5403', 'stock_name': '中菲', 'type': 'tpex', 'date': '2025-09-30'}"
1027,5410,國眾,資訊服務業,tpex,2025-09-30,"{'industry_category': '資訊服務業', 'stock_id': '5410', 'stock_name': '國眾', 'type': 'tpex', 'date': '2025-09-30'}"
1028,5425,台半,半導體業,tpex,2025-09-30,"{'industry_category': '半導體業', 'stock_id': '5425', 'stock_name': '台半', 'type': 'tpex', 'date': '2025-09-30'}"
1029,5426,振發,電腦及週邊設備業,tpex,2025-09-30,"{'industry_category': '電腦及週邊設備業', 'stock_id': '5426', 'stock_name': '振發', 'type': 'tpex', 'date': '2025-09-30'}"
1030,5432,新門,綠能環保類,tpex,2025-09-30,"{'industry_category': '綠能環保類', 'stock_id': '5432', 'stock_name': '新門', 'type': 'tpex', 'date': '2025-09-30'}"
1031,5434,崇越,電子工業,twse,2025-09-30,"{'industry_category': '電子工業', 'stock_id': '5434', 'stock_name': '崇越', 'type': 'twse', 'date': '2025-09-30'}"
1032,5434,崇越,電子通路業,twse,2025-09-30,"{'industry_category': '電子通路業', 'stock_id': '5434', 'stock_name': '崇越', 'type': 'twse', 'date': '2025-09-30'}"
1033,5438,東友,電腦及週邊設備業,tpex,2025-09-30,"{'industry_category': '電腦及週邊設備業', 'stock_id': '5438', 'stock_name': '東友', 'type': 'tpex', 'date': '2025-09-30'}"
1034,5347,世界,半導體業,tpex,2025-09-30,"{'industry_category': '半導體業', 'stock_id': '5347', 'stock_name': '世界', 'type': 'tpex', 'date': '2025-09-30'}"
1035,5278,尚凡*,數位雲端類,tpex,2025-09-30,"{'industry_category': '數位雲端類', 'stock_id': '5278', 'stock_name': '尚凡*', 'type': 'tpex', 'date': '2025-09-30'}"
1036,5345,馥鴻,其他,tpex,2025-09-30,"{'industry_category': '其他', 'stock_id': '5345', 'stock_name': '馥鴻', 'type': 'tpex', 'date': '2025-09-30'}"
1037,5340,建榮,電子零組件業,tpex,2025-09-30,"{'industry_category': '電子零組件業', 'stock_id': '5340', 'stock_name': '建榮', 'type': 'tpex', 'date': '2025-09-30'}"
1038,5284,jpp-KY,其他,twse,2025-09-30,"{'industry_category': '其他', 'stock_id': '5284', 'stock_name': 'jpp-KY', 'type': 'twse', 'date': '2025-09-30'}"
1039,5285,界霖,半導體業,twse,2025-09-30,"{'industry_category': '半導體業', 'stock_id': '5285', 'stock_name': '界霖', 'type': 'twse', 'date': '2025-09-30'}"
1040,5285,界霖,電子工業,twse,2025-09-30,"{'industry_category': '電子工業', 'stock_id': '5285', 'stock_name': '界霖', 'type': 'twse', 'date': '2025-09-30'}"
1041,5287,數字,數位雲端類,tpex,2025-09-30,"{'industry_category': '數位雲端類', 'stock_id': '5287', 'stock_name': '數字', 'type': 'tpex', 'date': '2025-09-30'}"
1042,5288,豐祥-KY,電機機械,twse,2025-09-30,"{'industry_category': '電機機械', 'stock_id': '5288', 'stock_name': '豐祥-KY', 'type': 'twse', 'date': '2025-09-30'}"
1043,5289,宜鼎,電腦及週邊設備業,tpex,2025-09-30,"{'industry_category': '電腦及週邊設備業', 'stock_id': '5289', 'stock_name': '宜鼎', 'type': 'tpex', 'date': '2025-09-30'}"
1044,5291,邑昇,電子零組件業,tpex,2025-09-30,"{'industry_category': '電子零組件業', 'stock_id': '5291', 'stock_name': '邑昇', 'type': 'tpex', 'date': '2025-09-30'}"
1045,5292,華懋,綠能環保,twse,2025-09-30,"{'industry_category': '綠能環保', 'stock_id': '5292', 'stock_name': '華懋', 'type': 'twse', 'date': '2025-09-30'}"
1046,5297,廣化,半導體業,emerging,2025-09-30,"{'industry_category': '半導體業', 'stock_id': '5297', 'stock_name': '廣化', 'type': 'emerging', 'date': '2025-09-30'}"
1047,5299,杰力,半導體業,tpex,2025-09-30,"{'industry_category': '半導體業', 'stock_id': '5299', 'stock_name': '杰力', 'type': 'tpex', 'date': '2025-09-30'}"
1048,5301,寶得利,觀光餐旅,tpex,2025-09-30,"{'industry_category': '觀光餐旅', 'stock_id': '5301', 'stock_name': '寶得利', 'type': 'tpex', 'date': '2025-09-30'}"
1049,5302,太欣,半導體業,tpex,2025-09-30,"{'industry_category': '半導體業', 'stock_id': '5302', 'stock_name': '太欣', 'type': 'tpex', 'date': '2025-09-30'}"
1050,5306,桂盟,運動休閒,twse,2025-09-30,"{'industry_category': '運動休閒', 'stock_id': '5306', 'stock_name': '桂盟', 'type': 'twse', 'date': '2025-09-30'}"
1051,5309,系統電,電子零組件業,tpex,2025-09-30,"{'industry_category': '電子零組件業', 'stock_id': '5309', 'stock_name': '系統電', 'type': 'tpex', 'date': '2025-09-30'}"
1052,5310,天剛,資訊服務業,tpex,2025-09-30,"{'industry_category': '資訊服務業', 'stock_id': '5310', 'stock_name': '天剛', 'type': 'tpex', 'date': '2025-09-30'}"
1053,5312,寶島科,生技醫療業,tpex,2025-09-30,"{'industry_category': '生技醫療業', 'stock_id': '5312', 'stock_name': '寶島科', 'type': 'tpex', 'date': '2025-09-30'}"
1054,5314,世紀*,其他,tpex,2025-09-30,"{'industry_category': '其他', 'stock_id': '5314', 'stock_name': '世紀*', 'type': 'tpex', 'date': '2025-09-30'}"
1055,5315,光聯,光電業,tpex,2025-09-30,"{'industry_category': '光電業', 'stock_id': '5315', 'stock_name': '光聯', 'type': 'tpex', 'date': '2025-09-30'}"
1056,5321,美而快,數位雲端類,tpex,2025-09-30,"{'industry_category': '數位雲端類', 'stock_id': '5321', 'stock_name': '美而快', 'type': 'tpex', 'date': '2025-09-30'}"
1057,5324,士開,建材營造,tpex,2025-09-30,"{'industry_category': '建材營造', 'stock_id': '5324', 'stock_name': '士開', 'type': 'tpex', 'date': '2025-09-30'}"
1058,5328,華容,電子零組件業,tpex,2025-09-30,"{'industry_category': '電子零組件業', 'stock_id': '5328', 'stock_name': '華容', 'type': 'tpex', 'date': '2025-09-30'}"
1059,5344,立衛,半導體業,tpex,2025-09-30,"{'industry_category': '半導體業', 'stock_id': '5344', 'stock_name': '立衛', 'type': 'tpex', 'date': '2025-09-30'}"
1060,5439,高技,電子零組件業,tpex,2025-09-30,"{'industry_category': '電子零組件業', 'stock_id': '5439', 'stock_name': '高技', 'type': 'tpex', 'date': '2025-09-30'}"
1061,5013,強新,鋼鐵工業,tpex,2025-09-30,"{'industry_category': '鋼鐵工業', 'stock_id': '5013', 'stock_name': '強新', 'type': 'tpex', 'date': '2025-09-30'}"
1062,5009,榮剛,鋼鐵工業,tpex,2025-09-30,"{'industry_category': '鋼鐵工業', 'stock_id': '5009', 'stock_name': '榮剛', 'type': 'tpex', 'date': '2025-09-30'}"
1063,4908,前鼎,通信網路業,tpex,2025-09-30,"{'industry_category': '通信網路業', 'stock_id': '4908', 'stock_name': '前鼎', 'type': 'tpex', 'date': '2025-09-30'}"
1064,4909,新復興,通信網路業,tpex,2025-09-30,"{'industry_category': '通信網路業', 'stock_id': '4909', 'stock_name': '新復興', 'type': 'tpex', 'date': '2025-09-30'}"
1065,4911,德英,生技醫療業,tpex,2025-09-30,"{'industry_category': '生技醫療業', 'stock_id': '4911', 'stock_name': '德英', 'type': 'tpex', 'date': '2025-09-30'}"
1066,4912,聯德控股-KY,電子工業,twse,2025-09-30,"{'industry_category': '電子工業', 'stock_id': '4912', 'stock_name': '聯德控股-KY', 'type': 'twse', 'date': '2025-09-30'}"
1067,4912,聯德控股-KY,電子零組件業,twse,2025-09-30,"{'industry_category': '電子零組件業', 'stock_id': '4912', 'stock_name': '聯德控股-KY', 'type': 'twse', 'date': '2025-09-30'}"
1068,4915,致伸,電子工業,twse,2025-09-30,"{'industry_category': '電子工業', 'stock_id': '4915', 'stock_name': '致伸', 'type': 'twse', 'date': '2025-09-30'}"
1069,4915,致伸,電子零組件業,twse,2025-09-30,"{'industry_category': '電子零組件業', 'stock_id': '4915', 'stock_name': '致伸', 'type': 'twse', 'date': '2025-09-30'}"
1070,4916,事欣科,電子工業,twse,2025-09-30,"{'industry_category': '電子工業', 'stock_id': '4916', 'stock_name': '事欣科', 'type': 'twse', 'date': '2025-09-30'}"
1071,4916,事欣科,電腦及週邊設備業,twse,2025-09-30,"{'industry_category': '電腦及週邊設備業', 'stock_id': '4916', 'stock_name': '事欣科', 'type': 'twse', 'date': '2025-09-30'}"
1072,4919,新唐,半導體業,twse,2025-09-30,"{'industry_category': '半導體業', 'stock_id': '4919', 'stock_name': '新唐', 'type': 'twse', 'date': '2025-09-30'}"
1073,4919,新唐,電子工業,twse,2025-09-30,"{'industry_category': '電子工業', 'stock_id': '4919', 'stock_name': '新唐', 'type': 'twse', 'date': '2025-09-30'}"
1074,4923,力士,半導體業,tpex,2025-09-30,"{'industry_category': '半導體業', 'stock_id': '4923', 'stock_name': '力士', 'type': 'tpex', 'date': '2025-09-30'}"
1075,4924,欣厚-KY,電腦及週邊設備業,tpex,2025-09-30,"{'industry_category': '電腦及週邊設備業', 'stock_id': '4924', 'stock_name': '欣厚-KY', 'type': 'tpex', 'date': '2025-09-30'}"
1076,4925,智微,半導體業,emerging,2025-09-30,"{'industry_category': '半導體業', 'stock_id': '4925', 'stock_name': '智微', 'type': 'emerging', 'date': '2025-09-30'}"
1077,4927,泰鼎-KY,電子工業,twse,2025-09-30,"{'industry_category': '電子工業', 'stock_id': '4927', 'stock_name': '泰鼎-KY', 'type': 'twse', 'date': '2025-09-30'}"
1078,4927,泰鼎-KY,電子零組件業,twse,2025-09-30,"{'industry_category': '電子零組件業', 'stock_id': '4927', 'stock_name': '泰鼎-KY', 'type': 'twse', 'date': '2025-09-30'}"
1079,4930,燦星網,電器電纜,twse,2025-09-30,"{'industry_category': '電器電纜', 'stock_id': '4930', 'stock_name': '燦星網', 'type': 'twse', 'date': '2025-09-30'}"
1080,4931,新盛力,電腦及週邊設備業,tpex,2025-09-30,"{'industry_category': '電腦及週邊設備業', 'stock_id': '4931', 'stock_name': '新盛力', 'type': 'tpex', 'date': '2025-09-30'}"
1081,4933,友輝,光電業,tpex,2025-09-30,"{'industry_category': '光電業', 'stock_id': '4933', 'stock_name': '友輝', 'type': 'tpex', 'date': '2025-09-30'}"
1082,4934,太極,光電業,twse,2025-09-30,"{'industry_category': '光電業', 'stock_id': '4934', 'stock_name': '太極', 'type': 'twse', 'date': '2025-09-30'}"
1083,4934,太極,電子工業,twse,2025-09-30,"{'industry_category': '電子工業', 'stock_id': '4934', 'stock_name': '太極', 'type': 'twse', 'date': '2025-09-30'}"
1084,4907,富宇,建材營造,tpex,2025-09-30,"{'industry_category': '建材營造', 'stock_id': '4907', 'stock_name': '富宇', 'type': 'tpex', 'date': '2025-09-30'}"
1085,4935,茂林-KY,光電業,twse,2025-09-30,"{'industry_category': '光電業', 'stock_id': '4935', 'stock_name': '茂林-KY', 'type': 'twse', 'date': '2025-09-30'}"
1086,4906,正文,電子工業,twse,2025-09-30,"{'industry_category': '電子工業', 'stock_id': '4906', 'stock_name': '正文', 'type': 'twse', 'date': '2025-09-30'}"
1087,4905,台聯電,通信網路業,tpex,2025-09-30,"{'industry_category': '通信網路業', 'stock_id': '4905', 'stock_name': '台聯電', 'type': 'tpex', 'date': '2025-09-30'}"
1088,4760,勤凱,其他電子類,tpex,2025-09-30,"{'industry_category': '其他電子類', 'stock_id': '4760', 'stock_name': '勤凱', 'type': 'tpex', 'date': '2025-09-30'}"
1089,4763,材料*-KY,化學工業,twse,2025-09-30,"{'industry_category': '化學工業', 'stock_id': '4763', 'stock_name': '材料*-KY', 'type': 'twse', 'date': '2025-09-30'}"
1090,4763,材料*-KY,化學生技醫療,twse,2025-09-30,"{'industry_category': '化學生技醫療', 'stock_id': '4763', 'stock_name': '材料*-KY', 'type': 'twse', 'date': '2025-09-30'}"
1091,4764,雙鍵,化學工業,twse,2025-09-30,"{'industry_category': '化學工業', 'stock_id': '4764', 'stock_name': '雙鍵', 'type': 'twse', 'date': '2025-09-30'}"
1092,4764,雙鍵,化學生技醫療,twse,2025-09-30,"{'industry_category': '化學生技醫療', 'stock_id': '4764', 'stock_name': '雙鍵', 'type': 'twse', 'date': '2025-09-30'}"
1093,4765,磐采,化學工業,emerging,2025-09-30,"{'industry_category': '化學工業', 'stock_id': '4765', 'stock_name': '磐采', 'type': 'emerging', 'date': '2025-09-30'}"
1094,4766,南寶,化學工業,twse,2025-09-30,"{'industry_category': '化學工業', 'stock_id': '4766', 'stock_name': '南寶', 'type': 'twse', 'date': '2025-09-30'}"
1095,4766,南寶,化學生技醫療,twse,2025-09-30,"{'industry_category': '化學生技醫療', 'stock_id': '4766', 'stock_name': '南寶', 'type': 'twse', 'date': '2025-09-30'}"
1096,4767,誠泰科技,化學工業,tpex,2025-09-30,"{'industry_category': '化學工業', 'stock_id': '4767', 'stock_name': '誠泰科技', 'type': 'tpex', 'date': '2025-09-30'}"
1097,4768,晶呈科技,化學工業,tpex,2025-09-30,"{'industry_category': '化學工業', 'stock_id': '4768', 'stock_name': '晶呈科技', 'type': 'tpex', 'date': '2025-09-30'}"
1098,4770,上品,化學工業,twse,2025-09-30,"{'industry_category': '化學工業', 'stock_id': '4770', 'stock_name': '上品', 'type': 'twse', 'date': '2025-09-30'}"
1099,4770,上品,化學生技醫療,twse,2025-09-30,"{'industry_category': '化學生技醫療', 'stock_id': '4770', 'stock_name': '上品', 'type': 'twse', 'date': '2025-09-30'}"
1100,4771,望隼,化學生技醫療,twse,2025-09-30,"{'industry_category': '化學生技醫療', 'stock_id': '4771', 'stock_name': '望隼', 'type': 'twse', 'date': '2025-09-30'}"
1101,4771,望隼,生技醫療業,twse,2025-09-30,"{'industry_category': '生技醫療業', 'stock_id': '4771', 'stock_name': '望隼', 'type': 'twse', 'date': '2025-09-30'}"
1102,4772,台特化,化學工業,tpex,2025-09-30,"{'industry_category': '化學工業', 'stock_id': '4772', 'stock_name': '台特化', 'type': 'tpex', 'date': '2025-09-30'}"
1103,4773,高福,化學工業,emerging,2025-09-30,"{'industry_category': '化學工業', 'stock_id': '4773', 'stock_name': '高福', 'type': 'emerging', 'date': '2025-09-30'}"
1104,4804,大略-KY,觀光餐旅,tpex,2025-09-30,"{'industry_category': '觀光餐旅', 'stock_id': '4804', 'stock_name': '大略-KY', 'type': 'tpex', 'date': '2025-09-30'}"
1105,4807,日成-KY,貿易百貨,twse,2025-09-30,"{'industry_category': '貿易百貨', 'stock_id': '4807', 'stock_name': '日成-KY', 'type': 'twse', 'date': '2025-09-30'}"
1106,4903,聯光通,通信網路業,tpex,2025-09-30,"{'industry_category': '通信網路業', 'stock_id': '4903', 'stock_name': '聯光通', 'type': 'tpex', 'date': '2025-09-30'}"
1107,4904,遠傳,通信網路業,twse,2025-09-30,"{'industry_category': '通信網路業', 'stock_id': '4904', 'stock_name': '遠傳', 'type': 'twse', 'date': '2025-09-30'}"
1108,4904,遠傳,電子工業,twse,2025-09-30,"{'industry_category': '電子工業', 'stock_id': '4904', 'stock_name': '遠傳', 'type': 'twse', 'date': '2025-09-30'}"
1109,4906,正文,通信網路業,twse,2025-09-30,"{'industry_category': '通信網路業', 'stock_id': '4906', 'stock_name': '正文', 'type': 'twse', 'date': '2025-09-30'}"
1110,5011,久陽,鋼鐵工業,tpex,2025-09-30,"{'industry_category': '鋼鐵工業', 'stock_id': '5011', 'stock_name': '久陽', 'type': 'tpex', 'date': '2025-09-30'}"
1111,4935,茂林-KY,電子工業,twse,2025-09-30,"{'industry_category': '電子工業', 'stock_id': '4935', 'stock_name': '茂林-KY', 'type': 'twse', 'date': '2025-09-30'}"
1112,4938,和碩,電腦及週邊設備業,twse,2025-09-30,"{'industry_category': '電腦及週邊設備業', 'stock_id': '4938', 'stock_name': '和碩', 'type': 'twse', 'date': '2025-09-30'}"
1113,4968,立積,電子工業,twse,2025-09-30,"{'industry_category': '電子工業', 'stock_id': '4968', 'stock_name': '立積', 'type': 'twse', 'date': '2025-09-30'}"
1114,4971,IET-KY,半導體業,tpex,2025-09-30,"{'industry_category': '半導體業', 'stock_id': '4971', 'stock_name': 'IET-KY', 'type': 'tpex', 'date': '2025-09-30'}"
1115,4972,湯石照明,光電業,tpex,2025-09-30,"{'industry_category': '光電業', 'stock_id': '4972', 'stock_name': '湯石照明', 'type': 'tpex', 'date': '2025-09-30'}"
1116,4973,廣穎,半導體業,tpex,2025-09-30,"{'industry_category': '半導體業', 'stock_id': '4973', 'stock_name': '廣穎', 'type': 'tpex', 'date': '2025-09-30'}"
1117,4974,亞泰,電子零組件業,tpex,2025-09-30,"{'industry_category': '電子零組件業', 'stock_id': '4974', 'stock_name': '亞泰', 'type': 'tpex', 'date': '2025-09-30'}"
1118,4976,佳凌,光電業,twse,2025-09-30,"{'industry_category': '光電業', 'stock_id': '4976', 'stock_name': '佳凌', 'type': 'twse', 'date': '2025-09-30'}"
1119,4976,佳凌,電子工業,twse,2025-09-30,"{'industry_category': '電子工業', 'stock_id': '4976', 'stock_name': '佳凌', 'type': 'twse', 'date': '2025-09-30'}"
1120,4977,眾達-KY,通信網路業,twse,2025-09-30,"{'industry_category': '通信網路業', 'stock_id': '4977', 'stock_name': '眾達-KY', 'type': 'twse', 'date': '2025-09-30'}"
1121,4977,眾達-KY,電子工業,twse,2025-09-30,"{'industry_category': '電子工業', 'stock_id': '4977', 'stock_name': '眾達-KY', 'type': 'twse', 'date': '2025-09-30'}"
1122,4979,華星光,通信網路業,tpex,2025-09-30,"{'industry_category': '通信網路業', 'stock_id': '4979', 'stock_name': '華星光', 'type': 'tpex', 'date': '2025-09-30'}"
1123,4980,佐臻,電子零組件業,emerging,2025-09-30,"{'industry_category': '電子零組件業', 'stock_id': '4980', 'stock_name': '佐臻', 'type': 'emerging', 'date': '2025-09-30'}"
1124,4987,科誠,電腦及週邊設備業,tpex,2025-09-30,"{'industry_category': '電腦及週邊設備業', 'stock_id': '4987', 'stock_name': '科誠', 'type': 'tpex', 'date': '2025-09-30'}"
1125,4989,榮科,電子工業,twse,2025-09-30,"{'industry_category': '電子工業', 'stock_id': '4989', 'stock_name': '榮科', 'type': 'twse', 'date': '2025-09-30'}"
1126,4989,榮科,電子零組件業,twse,2025-09-30,"{'industry_category': '電子零組件業', 'stock_id': '4989', 'stock_name': '榮科', 'type': 'twse', 'date': '2025-09-30'}"
1127,4991,環宇-KY,半導體業,tpex,2025-09-30,"{'industry_category': '半導體業', 'stock_id': '4991', 'stock_name': '環宇-KY', 'type': 'tpex', 'date': '2025-09-30'}"
1128,4994,傳奇,資訊服務業,twse,2025-09-30,"{'industry_category': '資訊服務業', 'stock_id': '4994', 'stock_name': '傳奇', 'type': 'twse', 'date': '2025-09-30'}"
1129,4994,傳奇,電子工業,twse,2025-09-30,"{'industry_category': '電子工業', 'stock_id': '4994', 'stock_name': '傳奇', 'type': 'twse', 'date': '2025-09-30'}"
1130,4995,晶達,光電業,tpex,2025-09-30,"{'industry_category': '光電業', 'stock_id': '4995', 'stock_name': '晶達', 'type': 'tpex', 'date': '2025-09-30'}"
1131,4999,鑫禾,電子工業,twse,2025-09-30,"{'industry_category': '電子工業', 'stock_id': '4999', 'stock_name': '鑫禾', 'type': 'twse', 'date': '2025-09-30'}"
1132,4999,鑫禾,電子零組件業,twse,2025-09-30,"{'industry_category': '電子零組件業', 'stock_id': '4999', 'stock_name': '鑫禾', 'type': 'twse', 'date': '2025-09-30'}"
1133,5007,三星,鋼鐵工業,twse,2025-09-30,"{'industry_category': '鋼鐵工業', 'stock_id': '5007', 'stock_name': '三星', 'type': 'twse', 'date': '2025-09-30'}"
1134,4968,立積,半導體業,twse,2025-09-30,"{'industry_category': '半導體業', 'stock_id': '4968', 'stock_name': '立積', 'type': 'twse', 'date': '2025-09-30'}"
1135,4938,和碩,電子工業,twse,2025-09-30,"{'industry_category': '電子工業', 'stock_id': '4938', 'stock_name': '和碩', 'type': 'twse', 'date': '2025-09-30'}"
1136,4967,十銓,電子工業,twse,2025-09-30,"{'industry_category': '電子工業', 'stock_id': '4967', 'stock_name': '十銓', 'type': 'twse', 'date': '2025-09-30'}"
1137,4966,譜瑞-KY,半導體業,tpex,2025-09-30,"{'industry_category': '半導體業', 'stock_id': '4966', 'stock_name': '譜瑞-KY', 'type': 'tpex', 'date': '2025-09-30'}"
1138,4939,亞電,電子零組件業,tpex,2025-09-30,"{'industry_category': '電子零組件業', 'stock_id': '4939', 'stock_name': '亞電', 'type': 'tpex', 'date': '2025-09-30'}"
1139,4942,嘉彰,光電業,twse,2025-09-30,"{'industry_category': '光電業', 'stock_id': '4942', 'stock_name': '嘉彰', 'type': 'twse', 'date': '2025-09-30'}"
1140,4942,嘉彰,電子工業,twse,2025-09-30,"{'industry_category': '電子工業', 'stock_id': '4942', 'stock_name': '嘉彰', 'type': 'twse', 'date': '2025-09-30'}"
1141,4943,康控-KY,電子工業,twse,2025-09-30,"{'industry_category': '電子工業', 'stock_id': '4943', 'stock_name': '康控-KY', 'type': 'twse', 'date': '2025-09-30'}"
1142,4943,康控-KY,電子零組件業,twse,2025-09-30,"{'industry_category': '電子零組件業', 'stock_id': '4943', 'stock_name': '康控-KY', 'type': 'twse', 'date': '2025-09-30'}"
1143,4946,辣椒,文化創意業,tpex,2025-09-30,"{'industry_category': '文化創意業', 'stock_id': '4946', 'stock_name': '辣椒', 'type': 'tpex', 'date': '2025-09-30'}"
1144,4949,有成精密,光電業,twse,2025-09-30,"{'industry_category': '光電業', 'stock_id': '4949', 'stock_name': '有成精密', 'type': 'twse', 'date': '2025-09-30'}"
1145,4949,有成精密,電子工業,twse,2025-09-30,"{'industry_category': '電子工業', 'stock_id': '4949', 'stock_name': '有成精密', 'type': 'twse', 'date': '2025-09-30'}"
1146,4950,金耘國際,鋼鐵工業,tpex,2025-09-30,"{'industry_category': '鋼鐵工業', 'stock_id': '4950', 'stock_name': '金耘國際', 'type': 'tpex', 'date': '2025-09-30'}"
1147,4951,精拓科,半導體業,tpex,2025-09-30,"{'industry_category': '半導體業', 'stock_id': '4951', 'stock_name': '精拓科', 'type': 'tpex', 'date': '2025-09-30'}"
1148,4952,凌通,半導體業,twse,2025-09-30,"{'industry_category': '半導體業', 'stock_id': '4952', 'stock_name': '凌通', 'type': 'twse', 'date': '2025-09-30'}"
1149,4952,凌通,電子工業,twse,2025-09-30,"{'industry_category': '電子工業', 'stock_id': '4952', 'stock_name': '凌通', 'type': 'twse', 'date': '2025-09-30'}"
1150,4953,緯軟,資訊服務業,tpex,2025-09-30,"{'industry_category': '資訊服務業', 'stock_id': '4953', 'stock_name': '緯軟', 'type': 'tpex', 'date': '2025-09-30'}"
1151,4956,光鋐,光電業,twse,2025-09-30,"{'industry_category': '光電業', 'stock_id': '4956', 'stock_name': '光鋐', 'type': 'twse', 'date': '2025-09-30'}"
1152,4956,光鋐,電子工業,twse,2025-09-30,"{'industry_category': '電子工業', 'stock_id': '4956', 'stock_name': '光鋐', 'type': 'twse', 'date': '2025-09-30'}"
1153,4958,臻鼎-KY,電子工業,twse,2025-09-30,"{'industry_category': '電子工業', 'stock_id': '4958', 'stock_name': '臻鼎-KY', 'type': 'twse', 'date': '2025-09-30'}"
1154,4958,臻鼎-KY,電子零組件業,twse,2025-09-30,"{'industry_category': '電子零組件業', 'stock_id': '4958', 'stock_name': '臻鼎-KY', 'type': 'twse', 'date': '2025-09-30'}"
1155,4960,誠美材,光電業,twse,2025-09-30,"{'industry_category': '光電業', 'stock_id': '4960', 'stock_name': '誠美材', 'type': 'twse', 'date': '2025-09-30'}"
1156,4960,誠美材,電子工業,twse,2025-09-30,"{'industry_category': '電子工業', 'stock_id': '4960', 'stock_name': '誠美材', 'type': 'twse', 'date': '2025-09-30'}"
1157,4961,天鈺,半導體業,twse,2025-09-30,"{'industry_category': '半導體業', 'stock_id': '4961', 'stock_name': '天鈺', 'type': 'twse', 'date': '2025-09-30'}"
1158,4961,天鈺,電子工業,twse,2025-09-30,"{'industry_category': '電子工業', 'stock_id': '4961', 'stock_name': '天鈺', 'type': 'twse', 'date': '2025-09-30'}"
1159,4967,十銓,半導體業,twse,2025-09-30,"{'industry_category': '半導體業', 'stock_id': '4967', 'stock_name': '十銓', 'type': 'twse', 'date': '2025-09-30'}"
1160,6208,日揚,半導體業,tpex,2025-09-30,"{'industry_category': '半導體業', 'stock_id': '6208', 'stock_name': '日揚', 'type': 'tpex', 'date': '2025-09-30'}"
1161,5443,均豪,半導體業,tpex,2025-09-30,"{'industry_category': '半導體業', 'stock_id': '5443', 'stock_name': '均豪', 'type': 'tpex', 'date': '2025-09-30'}"
1162,5452,佶優,其他電子類,tpex,2025-09-30,"{'industry_category': '其他電子類', 'stock_id': '5452', 'stock_name': '佶優', 'type': 'tpex', 'date': '2025-09-30'}"
1163,6143,振曜,通信網路業,tpex,2025-09-30,"{'industry_category': '通信網路業', 'stock_id': '6143', 'stock_name': '振曜', 'type': 'tpex', 'date': '2025-09-30'}"
1164,6144,得利影,文化創意業,tpex,2025-09-30,"{'industry_category': '文化創意業', 'stock_id': '6144', 'stock_name': '得利影', 'type': 'tpex', 'date': '2025-09-30'}"
1165,6146,耕興,其他電子類,tpex,2025-09-30,"{'industry_category': '其他電子類', 'stock_id': '6146', 'stock_name': '耕興', 'type': 'tpex', 'date': '2025-09-30'}"
1166,6147,頎邦,半導體業,tpex,2025-09-30,"{'industry_category': '半導體業', 'stock_id': '6147', 'stock_name': '頎邦', 'type': 'tpex', 'date': '2025-09-30'}"
1167,6148,驊宏資,資訊服務業,tpex,2025-09-30,"{'industry_category': '資訊服務業', 'stock_id': '6148', 'stock_name': '驊宏資', 'type': 'tpex', 'date': '2025-09-30'}"
1168,6150,撼訊,電腦及週邊設備業,tpex,2025-09-30,"{'industry_category': '電腦及週邊設備業', 'stock_id': '6150', 'stock_name': '撼訊', 'type': 'tpex', 'date': '2025-09-30'}"
1169,6151,晉倫,其他電子類,tpex,2025-09-30,"{'industry_category': '其他電子類', 'stock_id': '6151', 'stock_name': '晉倫', 'type': 'tpex', 'date': '2025-09-30'}"
1170,6152,百一,通信網路業,twse,2025-09-30,"{'industry_category': '通信網路業', 'stock_id': '6152', 'stock_name': '百一', 'type': 'twse', 'date': '2025-09-30'}"
1171,6152,百一,電子工業,twse,2025-09-30,"{'industry_category': '電子工業', 'stock_id': '6152', 'stock_name': '百一', 'type': 'twse', 'date': '2025-09-30'}"
1172,6153,嘉聯益,電子工業,twse,2025-09-30,"{'industry_category': '電子工業', 'stock_id': '6153', 'stock_name': '嘉聯益', 'type': 'twse', 'date': '2025-09-30'}"
1173,6153,嘉聯益,電子零組件業,twse,2025-09-30,"{'industry_category': '電子零組件業', 'stock_id': '6153', 'stock_name': '嘉聯益', 'type': 'twse', 'date': '2025-09-30'}"
1174,6154,順發,電子通路業,tpex,2025-09-30,"{'industry_category': '電子通路業', 'stock_id': '6154', 'stock_name': '順發', 'type': 'tpex', 'date': '2025-09-30'}"
1175,6155,鈞寶,電子工業,twse,2025-09-30,"{'industry_category': '電子工業', 'stock_id': '6155', 'stock_name': '鈞寶', 'type': 'twse', 'date': '2025-09-30'}"
1176,6155,鈞寶,電子零組件業,twse,2025-09-30,"{'industry_category': '電子零組件業', 'stock_id': '6155', 'stock_name': '鈞寶', 'type': 'twse', 'date': '2025-09-30'}"
1177,6156,松上,電子零組件業,tpex,2025-09-30,"{'industry_category': '電子零組件業', 'stock_id': '6156', 'stock_name': '松上', 'type': 'tpex', 'date': '2025-09-30'}"
1178,6158,禾昌,電子零組件業,tpex,2025-09-30,"{'industry_category': '電子零組件業', 'stock_id': '6158', 'stock_name': '禾昌', 'type': 'tpex', 'date': '2025-09-30'}"
1179,6160,欣技,電腦及週邊設備業,tpex,2025-09-30,"{'industry_category': '電腦及週邊設備業', 'stock_id': '6160', 'stock_name': '欣技', 'type': 'tpex', 'date': '2025-09-30'}"
1180,6161,捷波,電腦及週邊設備業,tpex,2025-09-30,"{'industry_category': '電腦及週邊設備業', 'stock_id': '6161', 'stock_name': '捷波', 'type': 'tpex', 'date': '2025-09-30'}"
1181,6163,華電網,通信網路業,tpex,2025-09-30,"{'industry_category': '通信網路業', 'stock_id': '6163', 'stock_name': '華電網', 'type': 'tpex', 'date': '2025-09-30'}"
1182,6164,華興,光電業,twse,2025-09-30,"{'industry_category': '光電業', 'stock_id': '6164', 'stock_name': '華興', 'type': 'twse', 'date': '2025-09-30'}"
1183,6164,華興,電子工業,twse,2025-09-30,"{'industry_category': '電子工業', 'stock_id': '6164', 'stock_name': '華興', 'type': 'twse', 'date': '2025-09-30'}"
1184,6142,友勁,電子工業,twse,2025-09-30,"{'industry_category': '電子工業', 'stock_id': '6142', 'stock_name': '友勁', 'type': 'twse', 'date': '2025-09-30'}"
1185,6165,浪凡,數位雲端,twse,2025-09-30,"{'industry_category': '數位雲端', 'stock_id': '6165', 'stock_name': '浪凡', 'type': 'twse', 'date': '2025-09-30'}"
1186,6142,友勁,通信網路業,twse,2025-09-30,"{'industry_category': '通信網路業', 'stock_id': '6142', 'stock_name': '友勁', 'type': 'twse', 'date': '2025-09-30'}"
1187,6141,柏承,電子工業,twse,2025-09-30,"{'industry_category': '電子工業', 'stock_id': '6141', 'stock_name': '柏承', 'type': 'twse', 'date': '2025-09-30'}"
1188,6120,達運,電子工業,twse,2025-09-30,"{'industry_category': '電子工業', 'stock_id': '6120', 'stock_name': '達運', 'type': 'twse', 'date': '2025-09-30'}"
1189,6121,新普,電腦及週邊設備業,tpex,2025-09-30,"{'industry_category': '電腦及週邊設備業', 'stock_id': '6121', 'stock_name': '新普', 'type': 'tpex', 'date': '2025-09-30'}"
1190,6122,擎邦,電機機械,tpex,2025-09-30,"{'industry_category': '電機機械', 'stock_id': '6122', 'stock_name': '擎邦', 'type': 'tpex', 'date': '2025-09-30'}"
1191,6123,上奇,資訊服務業,tpex,2025-09-30,"{'industry_category': '資訊服務業', 'stock_id': '6123', 'stock_name': '上奇', 'type': 'tpex', 'date': '2025-09-30'}"
1192,6124,業強,電子零組件業,tpex,2025-09-30,"{'industry_category': '電子零組件業', 'stock_id': '6124', 'stock_name': '業強', 'type': 'tpex', 'date': '2025-09-30'}"
1193,6125,廣運,光電業,tpex,2025-09-30,"{'industry_category': '光電業', 'stock_id': '6125', 'stock_name': '廣運', 'type': 'tpex', 'date': '2025-09-30'}"
1194,6126,信音,電子零組件業,tpex,2025-09-30,"{'industry_category': '電子零組件業', 'stock_id': '6126', 'stock_name': '信音', 'type': 'tpex', 'date': '2025-09-30'}"
1195,6127,九豪,電子零組件業,tpex,2025-09-30,"{'industry_category': '電子零組件業', 'stock_id': '6127', 'stock_name': '九豪', 'type': 'tpex', 'date': '2025-09-30'}"
1196,6128,上福,電子工業,twse,2025-09-30,"{'industry_category': '電子工業', 'stock_id': '6128', 'stock_name': '上福', 'type': 'twse', 'date': '2025-09-30'}"
1197,6128,上福,電腦及週邊設備業,twse,2025-09-30,"{'industry_category': '電腦及週邊設備業', 'stock_id': '6128', 'stock_name': '上福', 'type': 'twse', 'date': '2025-09-30'}"
1198,6129,普誠,半導體業,tpex,2025-09-30,"{'industry_category': '半導體業', 'stock_id': '6129', 'stock_name': '普誠', 'type': 'tpex', 'date': '2025-09-30'}"
1199,6130,上亞科技,生技醫療業,tpex,2025-09-30,"{'industry_category': '生技醫療業', 'stock_id': '6130', 'stock_name': '上亞科技', 'type': 'tpex', 'date': '2025-09-30'}"
1200,6133,金橋,電子工業,twse,2025-09-30,"{'industry_category': '電子工業', 'stock_id': '6133', 'stock_name': '金橋', 'type': 'twse', 'date': '2025-09-30'}"
1201,6133,金橋,電子零組件業,twse,2025-09-30,"{'industry_category': '電子零組件業', 'stock_id': '6133', 'stock_name': '金橋', 'type': 'twse', 'date': '2025-09-30'}"
1202,6134,萬旭,電子零組件業,tpex,2025-09-30,"{'industry_category': '電子零組件業', 'stock_id': '6134', 'stock_name': '萬旭', 'type': 'tpex', 'date': '2025-09-30'}"
1203,6136,富爾特,通信網路業,twse,2025-09-30,"{'industry_category': '通信網路業', 'stock_id': '6136', 'stock_name': '富爾特', 'type': 'twse', 'date': '2025-09-30'}"
1204,6136,富爾特,電子工業,twse,2025-09-30,"{'industry_category': '電子工業', 'stock_id': '6136', 'stock_name': '富爾特', 'type': 'twse', 'date': '2025-09-30'}"
1205,6138,茂達,半導體業,tpex,2025-09-30,"{'industry_category': '半導體業', 'stock_id': '6138', 'stock_name': '茂達', 'type': 'tpex', 'date': '2025-09-30'}"
1206,6139,亞翔,其他電子業,twse,2025-09-30,"{'industry_category': '其他電子業', 'stock_id': '6139', 'stock_name': '亞翔', 'type': 'twse', 'date': '2025-09-30'}"
1207,6139,亞翔,電子工業,twse,2025-09-30,"{'industry_category': '電子工業', 'stock_id': '6139', 'stock_name': '亞翔', 'type': 'twse', 'date': '2025-09-30'}"
1208,6140,訊達,資訊服務業,tpex,2025-09-30,"{'industry_category': '資訊服務業', 'stock_id': '6140', 'stock_name': '訊達', 'type': 'tpex', 'date': '2025-09-30'}"
1209,6141,柏承,電子零組件業,twse,2025-09-30,"{'industry_category': '電子零組件業', 'stock_id': '6141', 'stock_name': '柏承', 'type': 'twse', 'date': '2025-09-30'}"
1210,6120,達運,光電業,twse,2025-09-30,"{'industry_category': '光電業', 'stock_id': '6120', 'stock_name': '達運', 'type': 'twse', 'date': '2025-09-30'}"
1211,6166,凌華,電子工業,twse,2025-09-30,"{'industry_category': '電子工業', 'stock_id': '6166', 'stock_name': '凌華', 'type': 'twse', 'date': '2025-09-30'}"
1212,6167,久正,光電業,tpex,2025-09-30,"{'industry_category': '光電業', 'stock_id': '6167', 'stock_name': '久正', 'type': 'tpex', 'date': '2025-09-30'}"
1213,6191,精成科,電子零組件業,twse,2025-09-30,"{'industry_category': '電子零組件業', 'stock_id': '6191', 'stock_name': '精成科', 'type': 'twse', 'date': '2025-09-30'}"
1214,6192,巨路,其他電子業,twse,2025-09-30,"{'industry_category': '其他電子業', 'stock_id': '6192', 'stock_name': '巨路', 'type': 'twse', 'date': '2025-09-30'}"
1215,6192,巨路,電子工業,twse,2025-09-30,"{'industry_category': '電子工業', 'stock_id': '6192', 'stock_name': '巨路', 'type': 'twse', 'date': '2025-09-30'}"
1216,6194,育富,電子零組件業,tpex,2025-09-30,"{'industry_category': '電子零組件業', 'stock_id': '6194', 'stock_name': '育富', 'type': 'tpex', 'date': '2025-09-30'}"
1217,6195,詩肯,居家生活類,tpex,2025-09-30,"{'industry_category': '居家生活類', 'stock_id': '6195', 'stock_name': '詩肯', 'type': 'tpex', 'date': '2025-09-30'}"
1218,6196,帆宣,其他電子業,twse,2025-09-30,"{'industry_category': '其他電子業', 'stock_id': '6196', 'stock_name': '帆宣', 'type': 'twse', 'date': '2025-09-30'}"
1219,6196,帆宣,電子工業,twse,2025-09-30,"{'industry_category': '電子工業', 'stock_id': '6196', 'stock_name': '帆宣', 'type': 'twse', 'date': '2025-09-30'}"
1220,6197,佳必琪,電子工業,twse,2025-09-30,"{'industry_category': '電子工業', 'stock_id': '6197', 'stock_name': '佳必琪', 'type': 'twse', 'date': '2025-09-30'}"
1221,6197,佳必琪,電子零組件業,twse,2025-09-30,"{'industry_category': '電子零組件業', 'stock_id': '6197', 'stock_name': '佳必琪', 'type': 'twse', 'date': '2025-09-30'}"
1222,6198,瑞築,建材營造,tpex,2025-09-30,"{'industry_category': '建材營造', 'stock_id': '6198', 'stock_name': '瑞築', 'type': 'tpex', 'date': '2025-09-30'}"
1223,6199,天品,其他,tpex,2025-09-30,"{'industry_category': '其他', 'stock_id': '6199', 'stock_name': '天品', 'type': 'tpex', 'date': '2025-09-30'}"
1224,6201,亞弘電,其他電子業,twse,2025-09-30,"{'industry_category': '其他電子業', 'stock_id': '6201', 'stock_name': '亞弘電', 'type': 'twse', 'date': '2025-09-30'}"
1225,6201,亞弘電,電子工業,twse,2025-09-30,"{'industry_category': '電子工業', 'stock_id': '6201', 'stock_name': '亞弘電', 'type': 'twse', 'date': '2025-09-30'}"
1226,6202,盛群,半導體業,twse,2025-09-30,"{'industry_category': '半導體業', 'stock_id': '6202', 'stock_name': '盛群', 'type': 'twse', 'date': '2025-09-30'}"
1227,6202,盛群,電子工業,twse,2025-09-30,"{'industry_category': '電子工業', 'stock_id': '6202', 'stock_name': '盛群', 'type': 'twse', 'date': '2025-09-30'}"
1228,6203,海韻電,電子零組件業,tpex,2025-09-30,"{'industry_category': '電子零組件業', 'stock_id': '6203', 'stock_name': '海韻電', 'type': 'tpex', 'date': '2025-09-30'}"
1229,6204,艾華,電子零組件業,tpex,2025-09-30,"{'industry_category': '電子零組件業', 'stock_id': '6204', 'stock_name': '艾華', 'type': 'tpex', 'date': '2025-09-30'}"
1230,6205,詮欣,電子工業,twse,2025-09-30,"{'industry_category': '電子工業', 'stock_id': '6205', 'stock_name': '詮欣', 'type': 'twse', 'date': '2025-09-30'}"
1231,6205,詮欣,電子零組件業,twse,2025-09-30,"{'industry_category': '電子零組件業', 'stock_id': '6205', 'stock_name': '詮欣', 'type': 'twse', 'date': '2025-09-30'}"
1232,6206,飛捷,電子工業,twse,2025-09-30,"{'industry_category': '電子工業', 'stock_id': '6206', 'stock_name': '飛捷', 'type': 'twse', 'date': '2025-09-30'}"
1233,6206,飛捷,電腦及週邊設備業,twse,2025-09-30,"{'industry_category': '電腦及週邊設備業', 'stock_id': '6206', 'stock_name': '飛捷', 'type': 'twse', 'date': '2025-09-30'}"
1234,6191,精成科,電子工業,twse,2025-09-30,"{'industry_category': '電子工業', 'stock_id': '6191', 'stock_name': '精成科', 'type': 'twse', 'date': '2025-09-30'}"
1235,6166,凌華,電腦及週邊設備業,twse,2025-09-30,"{'industry_category': '電腦及週邊設備業', 'stock_id': '6166', 'stock_name': '凌華', 'type': 'twse', 'date': '2025-09-30'}"
1236,6190,萬泰科,通信網路業,tpex,2025-09-30,"{'industry_category': '通信網路業', 'stock_id': '6190', 'stock_name': '萬泰科', 'type': 'tpex', 'date': '2025-09-30'}"
1237,6189,豐藝,電子工業,twse,2025-09-30,"{'industry_category': '電子工業', 'stock_id': '6189', 'stock_name': '豐藝', 'type': 'twse', 'date': '2025-09-30'}"
1238,6168,宏齊,光電業,twse,2025-09-30,"{'industry_category': '光電業', 'stock_id': '6168', 'stock_name': '宏齊', 'type': 'twse', 'date': '2025-09-30'}"
1239,6168,宏齊,電子工業,twse,2025-09-30,"{'industry_category': '電子工業', 'stock_id': '6168', 'stock_name': '宏齊', 'type': 'twse', 'date': '2025-09-30'}"
1240,6169,昱泉,文化創意業,tpex,2025-09-30,"{'industry_category': '文化創意業', 'stock_id': '6169', 'stock_name': '昱泉', 'type': 'tpex', 'date': '2025-09-30'}"
1241,6170,統振,通信網路業,tpex,2025-09-30,"{'industry_category': '通信網路業', 'stock_id': '6170', 'stock_name': '統振', 'type': 'tpex', 'date': '2025-09-30'}"
1242,6171,大城地產,建材營造,tpex,2025-09-30,"{'industry_category': '建材營造', 'stock_id': '6171', 'stock_name': '大城地產', 'type': 'tpex', 'date': '2025-09-30'}"
1243,6173,信昌電,電子零組件業,tpex,2025-09-30,"{'industry_category': '電子零組件業', 'stock_id': '6173', 'stock_name': '信昌電', 'type': 'tpex', 'date': '2025-09-30'}"
1244,6174,安碁,電子零組件業,tpex,2025-09-30,"{'industry_category': '電子零組件業', 'stock_id': '6174', 'stock_name': '安碁', 'type': 'tpex', 'date': '2025-09-30'}"
1245,6175,立敦,電子零組件業,tpex,2025-09-30,"{'industry_category': '電子零組件業', 'stock_id': '6175', 'stock_name': '立敦', 'type': 'tpex', 'date': '2025-09-30'}"
1246,6176,瑞儀,光電業,twse,2025-09-30,"{'industry_category': '光電業', 'stock_id': '6176', 'stock_name': '瑞儀', 'type': 'twse', 'date': '2025-09-30'}"
1247,6176,瑞儀,電子工業,twse,2025-09-30,"{'industry_category': '電子工業', 'stock_id': '6176', 'stock_name': '瑞儀', 'type': 'twse', 'date': '2025-09-30'}"
1248,6177,達麗,建材營造,twse,2025-09-30,"{'industry_category': '建材營造', 'stock_id': '6177', 'stock_name': '達麗', 'type': 'twse', 'date': '2025-09-30'}"
1249,6179,亞通,其他,tpex,2025-09-30,"{'industry_category': '其他', 'stock_id': '6179', 'stock_name': '亞通', 'type': 'tpex', 'date': '2025-09-30'}"
1250,6180,橘子,文化創意業,tpex,2025-09-30,"{'industry_category': '文化創意業', 'stock_id': '6180', 'stock_name': '橘子', 'type': 'tpex', 'date': '2025-09-30'}"
1251,6182,合晶,半導體業,tpex,2025-09-30,"{'industry_category': '半導體業', 'stock_id': '6182', 'stock_name': '合晶', 'type': 'tpex', 'date': '2025-09-30'}"
1252,6183,關貿,資訊服務業,twse,2025-09-30,"{'industry_category': '資訊服務業', 'stock_id': '6183', 'stock_name': '關貿', 'type': 'twse', 'date': '2025-09-30'}"
1253,6183,關貿,電子工業,twse,2025-09-30,"{'industry_category': '電子工業', 'stock_id': '6183', 'stock_name': '關貿', 'type': 'twse', 'date': '2025-09-30'}"
1254,6184,大豐電,其他,twse,2025-09-30,"{'industry_category': '其他', 'stock_id': '6184', 'stock_name': '大豐電', 'type': 'twse', 'date': '2025-09-30'}"
1255,6185,幃翔,電子零組件業,tpex,2025-09-30,"{'industry_category': '電子零組件業', 'stock_id': '6185', 'stock_name': '幃翔', 'type': 'tpex', 'date': '2025-09-30'}"
1256,6186,新潤,建材營造,tpex,2025-09-30,"{'industry_category': '建材營造', 'stock_id': '6186', 'stock_name': '新潤', 'type': 'tpex', 'date': '2025-09-30'}"
1257,6187,萬潤,半導體業,tpex,2025-09-30,"{'industry_category': '半導體業', 'stock_id': '6187', 'stock_name': '萬潤', 'type': 'tpex', 'date': '2025-09-30'}"
1258,6188,廣明,電腦及週邊設備業,tpex,2025-09-30,"{'industry_category': '電腦及週邊設備業', 'stock_id': '6188', 'stock_name': '廣明', 'type': 'tpex', 'date': '2025-09-30'}"
1259,6189,豐藝,電子通路業,twse,2025-09-30,"{'industry_category': '電子通路業', 'stock_id': '6189', 'stock_name': '豐藝', 'type': 'twse', 'date': '2025-09-30'}"
1260,5450,南良,其他,tpex,2025-09-30,"{'industry_category': '其他', 'stock_id': '5450', 'stock_name': '南良', 'type': 'tpex', 'date': '2025-09-30'}"
1261,6118,建達,電子通路業,tpex,2025-09-30,"{'industry_category': '電子通路業', 'stock_id': '6118', 'stock_name': '建達', 'type': 'tpex', 'date': '2025-09-30'}"
1262,6117,迎廣,電子工業,twse,2025-09-30,"{'industry_category': '電子工業', 'stock_id': '6117', 'stock_name': '迎廣', 'type': 'twse', 'date': '2025-09-30'}"
1263,5512,力麒,建材營造,tpex,2025-09-30,"{'industry_category': '建材營造', 'stock_id': '5512', 'stock_name': '力麒', 'type': 'tpex', 'date': '2025-09-30'}"
1264,5514,三豐,建材營造,tpex,2025-09-30,"{'industry_category': '建材營造', 'stock_id': '5514', 'stock_name': '三豐', 'type': 'tpex', 'date': '2025-09-30'}"
1265,5515,建國,建材營造,twse,2025-09-30,"{'industry_category': '建材營造', 'stock_id': '5515', 'stock_name': '建國', 'type': 'twse', 'date': '2025-09-30'}"
1266,5516,雙喜,建材營造,tpex,2025-09-30,"{'industry_category': '建材營造', 'stock_id': '5516', 'stock_name': '雙喜', 'type': 'tpex', 'date': '2025-09-30'}"
1267,5519,隆大,建材營造,twse,2025-09-30,"{'industry_category': '建材營造', 'stock_id': '5519', 'stock_name': '隆大', 'type': 'twse', 'date': '2025-09-30'}"
1268,5520,力泰,建材營造,tpex,2025-09-30,"{'industry_category': '建材營造', 'stock_id': '5520', 'stock_name': '力泰', 'type': 'tpex', 'date': '2025-09-30'}"
1269,5521,工信,建材營造,twse,2025-09-30,"{'industry_category': '建材營造', 'stock_id': '5521', 'stock_name': '工信', 'type': 'twse', 'date': '2025-09-30'}"
1270,5522,遠雄,建材營造,twse,2025-09-30,"{'industry_category': '建材營造', 'stock_id': '5522', 'stock_name': '遠雄', 'type': 'twse', 'date': '2025-09-30'}"
1271,5523,豐謙,建材營造,tpex,2025-09-30,"{'industry_category': '建材營造', 'stock_id': '5523', 'stock_name': '豐謙', 'type': 'tpex', 'date': '2025-09-30'}"
1272,5525,順天,建材營造,twse,2025-09-30,"{'industry_category': '建材營造', 'stock_id': '5525', 'stock_name': '順天', 'type': 'twse', 'date': '2025-09-30'}"
1273,5529,鉅陞,建材營造,tpex,2025-09-30,"{'industry_category': '建材營造', 'stock_id': '5529', 'stock_name': '鉅陞', 'type': 'tpex', 'date': '2025-09-30'}"
1274,5530,龍巖,其他,tpex,2025-09-30,"{'industry_category': '其他', 'stock_id': '5530', 'stock_name': '龍巖', 'type': 'tpex', 'date': '2025-09-30'}"
1275,5531,鄉林,建材營造,twse,2025-09-30,"{'industry_category': '建材營造', 'stock_id': '5531', 'stock_name': '鄉林', 'type': 'twse', 'date': '2025-09-30'}"
1276,5533,皇鼎,建材營造,twse,2025-09-30,"{'industry_category': '建材營造', 'stock_id': '5533', 'stock_name': '皇鼎', 'type': 'twse', 'date': '2025-09-30'}"
1277,5534,長虹,建材營造,twse,2025-09-30,"{'industry_category': '建材營造', 'stock_id': '5534', 'stock_name': '長虹', 'type': 'twse', 'date': '2025-09-30'}"
1278,5536,聖暉*,其他電子類,tpex,2025-09-30,"{'industry_category': '其他電子類', 'stock_id': '5536', 'stock_name': '聖暉*', 'type': 'tpex', 'date': '2025-09-30'}"
1279,5538,東明-KY,鋼鐵工業,twse,2025-09-30,"{'industry_category': '鋼鐵工業', 'stock_id': '5538', 'stock_name': '東明-KY', 'type': 'twse', 'date': '2025-09-30'}"
1280,5543,桓鼎-KY,建材營造,tpex,2025-09-30,"{'industry_category': '建材營造', 'stock_id': '5543', 'stock_name': '桓鼎-KY', 'type': 'tpex', 'date': '2025-09-30'}"
1281,5546,永固-KY,建材營造,twse,2025-09-30,"{'industry_category': '建材營造', 'stock_id': '5546', 'stock_name': '永固-KY', 'type': 'twse', 'date': '2025-09-30'}"
1282,5547,久舜,建材營造,emerging,2025-09-30,"{'industry_category': '建材營造', 'stock_id': '5547', 'stock_name': '久舜', 'type': 'emerging', 'date': '2025-09-30'}"
1283,5548,安倉,建材營造,tpex,2025-09-30,"{'industry_category': '建材營造', 'stock_id': '5548', 'stock_name': '安倉', 'type': 'tpex', 'date': '2025-09-30'}"
1284,5511,德昌,建材營造,tpex,2025-09-30,"{'industry_category': '建材營造', 'stock_id': '5511', 'stock_name': '德昌', 'type': 'tpex', 'date': '2025-09-30'}"
1285,5601,台聯櫃,航運業,tpex,2025-09-30,"{'industry_category': '航運業', 'stock_id': '5601', 'stock_name': '台聯櫃', 'type': 'tpex', 'date': '2025-09-30'}"
1286,5508,永信建,建材營造,tpex,2025-09-30,"{'industry_category': '建材營造', 'stock_id': '5508', 'stock_name': '永信建', 'type': 'tpex', 'date': '2025-09-30'}"
1287,5493,三聯,其他電子類,tpex,2025-09-30,"{'industry_category': '其他電子類', 'stock_id': '5493', 'stock_name': '三聯', 'type': 'tpex', 'date': '2025-09-30'}"
1288,5455,昇益,建材營造,tpex,2025-09-30,"{'industry_category': '建材營造', 'stock_id': '5455', 'stock_name': '昇益', 'type': 'tpex', 'date': '2025-09-30'}"
1289,5457,宣德,電子零組件業,tpex,2025-09-30,"{'industry_category': '電子零組件業', 'stock_id': '5457', 'stock_name': '宣德', 'type': 'tpex', 'date': '2025-09-30'}"
1290,5460,同協,電子零組件業,tpex,2025-09-30,"{'industry_category': '電子零組件業', 'stock_id': '5460', 'stock_name': '同協', 'type': 'tpex', 'date': '2025-09-30'}"
1291,5464,霖宏,電子零組件業,tpex,2025-09-30,"{'industry_category': '電子零組件業', 'stock_id': '5464', 'stock_name': '霖宏', 'type': 'tpex', 'date': '2025-09-30'}"
1292,5465,富驊,電腦及週邊設備業,tpex,2025-09-30,"{'industry_category': '電腦及週邊設備業', 'stock_id': '5465', 'stock_name': '富驊', 'type': 'tpex', 'date': '2025-09-30'}"
1293,5468,凱鈺,半導體業,tpex,2025-09-30,"{'industry_category': '半導體業', 'stock_id': '5468', 'stock_name': '凱鈺', 'type': 'tpex', 'date': '2025-09-30'}"
1294,5469,瀚宇博,電子工業,twse,2025-09-30,"{'industry_category': '電子工業', 'stock_id': '5469', 'stock_name': '瀚宇博', 'type': 'twse', 'date': '2025-09-30'}"
1295,5469,瀚宇博,電子零組件業,twse,2025-09-30,"{'industry_category': '電子零組件業', 'stock_id': '5469', 'stock_name': '瀚宇博', 'type': 'twse', 'date': '2025-09-30'}"
1296,5471,松翰,半導體業,twse,2025-09-30,"{'industry_category': '半導體業', 'stock_id': '5471', 'stock_name': '松翰', 'type': 'twse', 'date': '2025-09-30'}"
1297,5471,松翰,電子工業,twse,2025-09-30,"{'industry_category': '電子工業', 'stock_id': '5471', 'stock_name': '松翰', 'type': 'twse', 'date': '2025-09-30'}"
1298,5474,聰泰,電腦及週邊設備業,tpex,2025-09-30,"{'industry_category': '電腦及週邊設備業', 'stock_id': '5474', 'stock_name': '聰泰', 'type': 'tpex', 'date': '2025-09-30'}"
1299,5475,德宏,電子零組件業,tpex,2025-09-30,"{'industry_category': '電子零組件業', 'stock_id': '5475', 'stock_name': '德宏', 'type': 'tpex', 'date': '2025-09-30'}"
1300,5478,智冠,文化創意業,tpex,2025-09-30,"{'industry_category': '文化創意業', 'stock_id': '5478', 'stock_name': '智冠', 'type': 'tpex', 'date': '2025-09-30'}"
1301,5481,新華,其他,tpex,2025-09-30,"{'industry_category': '其他', 'stock_id': '5481', 'stock_name': '新華', 'type': 'tpex', 'date': '2025-09-30'}"
1302,5483,中美晶,半導體業,tpex,2025-09-30,"{'industry_category': '半導體業', 'stock_id': '5483', 'stock_name': '中美晶', 'type': 'tpex', 'date': '2025-09-30'}"
1303,5484,慧友,光電業,twse,2025-09-30,"{'industry_category': '光電業', 'stock_id': '5484', 'stock_name': '慧友', 'type': 'twse', 'date': '2025-09-30'}"
1304,5484,慧友,電子工業,twse,2025-09-30,"{'industry_category': '電子工業', 'stock_id': '5484', 'stock_name': '慧友', 'type': 'twse', 'date': '2025-09-30'}"
1305,5487,通泰,半導體業,tpex,2025-09-30,"{'industry_category': '半導體業', 'stock_id': '5487', 'stock_name': '通泰', 'type': 'tpex', 'date': '2025-09-30'}"
1306,5488,松普,電子零組件業,tpex,2025-09-30,"{'industry_category': '電子零組件業', 'stock_id': '5488', 'stock_name': '松普', 'type': 'tpex', 'date': '2025-09-30'}"
1307,5489,彩富,其他電子類,tpex,2025-09-30,"{'industry_category': '其他電子類', 'stock_id': '5489', 'stock_name': '彩富', 'type': 'tpex', 'date': '2025-09-30'}"
1308,5490,同亨,電腦及週邊設備業,tpex,2025-09-30,"{'industry_category': '電腦及週邊設備業', 'stock_id': '5490', 'stock_name': '同亨', 'type': 'tpex', 'date': '2025-09-30'}"
1309,5498,凱崴,電子零組件業,tpex,2025-09-30,"{'industry_category': '電子零組件業', 'stock_id': '5498', 'stock_name': '凱崴', 'type': 'tpex', 'date': '2025-09-30'}"
1310,6117,迎廣,電腦及週邊設備業,twse,2025-09-30,"{'industry_category': '電腦及週邊設備業', 'stock_id': '6117', 'stock_name': '迎廣', 'type': 'twse', 'date': '2025-09-30'}"
1311,5603,陸海,航運業,tpex,2025-09-30,"{'industry_category': '航運業', 'stock_id': '5603', 'stock_name': '陸海', 'type': 'tpex', 'date': '2025-09-30'}"
1312,5607,遠雄港,航運業,twse,2025-09-30,"{'industry_category': '航運業', 'stock_id': '5607', 'stock_name': '遠雄港', 'type': 'twse', 'date': '2025-09-30'}"
1313,6023,元大期,金融業,tpex,2025-09-30,"{'industry_category': '金融業', 'stock_id': '6023', 'stock_name': '元大期', 'type': 'tpex', 'date': '2025-09-30'}"
1314,6024,群益期,金融保險,twse,2025-09-30,"{'industry_category': '金融保險', 'stock_id': '6024', 'stock_name': '群益期', 'type': 'twse', 'date': '2025-09-30'}"
1315,6026,福邦證,金融業,tpex,2025-09-30,"{'industry_category': '金融業', 'stock_id': '6026', 'stock_name': '福邦證', 'type': 'tpex', 'date': '2025-09-30'}"
1316,6027,德信,金融業,emerging,2025-09-30,"{'industry_category': '金融業', 'stock_id': '6027', 'stock_name': '德信', 'type': 'emerging', 'date': '2025-09-30'}"
1317,6028,公勝保經,金融業,emerging,2025-09-30,"{'industry_category': '金融業', 'stock_id': '6028', 'stock_name': '公勝保經', 'type': 'emerging', 'date': '2025-09-30'}"
1318,6035,悠遊卡,金融業,emerging,2025-09-30,"{'industry_category': '金融業', 'stock_id': '6035', 'stock_name': '悠遊卡', 'type': 'emerging', 'date': '2025-09-30'}"
1319,6101,寬魚國際,文化創意業,tpex,2025-09-30,"{'industry_category': '文化創意業', 'stock_id': '6101', 'stock_name': '寬魚國際', 'type': 'tpex', 'date': '2025-09-30'}"
1320,6103,合邦,半導體業,tpex,2025-09-30,"{'industry_category': '半導體業', 'stock_id': '6103', 'stock_name': '合邦', 'type': 'tpex', 'date': '2025-09-30'}"
1321,6104,創惟,半導體業,tpex,2025-09-30,"{'industry_category': '半導體業', 'stock_id': '6104', 'stock_name': '創惟', 'type': 'tpex', 'date': '2025-09-30'}"
1322,6108,競國,電子工業,twse,2025-09-30,"{'industry_category': '電子工業', 'stock_id': '6108', 'stock_name': '競國', 'type': 'twse', 'date': '2025-09-30'}"
1323,6108,競國,電子零組件業,twse,2025-09-30,"{'industry_category': '電子零組件業', 'stock_id': '6108', 'stock_name': '競國', 'type': 'twse', 'date': '2025-09-30'}"
1324,6109,亞元,通信網路業,tpex,2025-09-30,"{'industry_category': '通信網路業', 'stock_id': '6109', 'stock_name': '亞元', 'type': 'tpex', 'date': '2025-09-30'}"
1325,6111,大宇資,文化創意業,tpex,2025-09-30,"{'industry_category': '文化創意業', 'stock_id': '6111', 'stock_name': '大宇資', 'type': 'tpex', 'date': '2025-09-30'}"
1326,6112,邁達特,資訊服務業,twse,2025-09-30,"{'industry_category': '資訊服務業', 'stock_id': '6112', 'stock_name': '邁達特', 'type': 'twse', 'date': '2025-09-30'}"
1327,6112,邁達特,電子工業,twse,2025-09-30,"{'industry_category': '電子工業', 'stock_id': '6112', 'stock_name': '邁達特', 'type': 'twse', 'date': '2025-09-30'}"
1328,6113,亞矽,電子通路業,tpex,2025-09-30,"{'industry_category': '電子通路業', 'stock_id': '6113', 'stock_name': '亞矽', 'type': 'tpex', 'date': '2025-09-30'}"
1329,6114,久威,電子零組件業,tpex,2025-09-30,"{'industry_category': '電子零組件業', 'stock_id': '6114', 'stock_name': '久威', 'type': 'tpex', 'date': '2025-09-30'}"
1330,6115,鎰勝,電子工業,twse,2025-09-30,"{'industry_category': '電子工業', 'stock_id': '6115', 'stock_name': '鎰勝', 'type': 'twse', 'date': '2025-09-30'}"
1331,6115,鎰勝,電子零組件業,twse,2025-09-30,"{'industry_category': '電子零組件業', 'stock_id': '6115', 'stock_name': '鎰勝', 'type': 'twse', 'date': '2025-09-30'}"
1332,6116,彩晶,光電業,twse,2025-09-30,"{'industry_category': '光電業', 'stock_id': '6116', 'stock_name': '彩晶', 'type': 'twse', 'date': '2025-09-30'}"
1333,6116,彩晶,電子工業,twse,2025-09-30,"{'industry_category': '電子工業', 'stock_id': '6116', 'stock_name': '彩晶', 'type': 'twse', 'date': '2025-09-30'}"
1334,6021,美好證,金融業,tpex,2025-09-30,"{'industry_category': '金融業', 'stock_id': '6021', 'stock_name': '美好證', 'type': 'tpex', 'date': '2025-09-30'}"
1335,5604,中連,其他,tpex,2025-09-30,"{'industry_category': '其他', 'stock_id': '5604', 'stock_name': '中連', 'type': 'tpex', 'date': '2025-09-30'}"
1336,6020,大展證,金融業,tpex,2025-09-30,"{'industry_category': '金融業', 'stock_id': '6020', 'stock_name': '大展證', 'type': 'tpex', 'date': '2025-09-30'}"
1337,6015,宏遠證,金融業,tpex,2025-09-30,"{'industry_category': '金融業', 'stock_id': '6015', 'stock_name': '宏遠證', 'type': 'tpex', 'date': '2025-09-30'}"
1338,5608,四維航,航運業,twse,2025-09-30,"{'industry_category': '航運業', 'stock_id': '5608', 'stock_name': '四維航', 'type': 'twse', 'date': '2025-09-30'}"
1339,5609,中菲行,航運業,tpex,2025-09-30,"{'industry_category': '航運業', 'stock_id': '5609', 'stock_name': '中菲行', 'type': 'tpex', 'date': '2025-09-30'}"
1340,5701,劍湖山,觀光餐旅,tpex,2025-09-30,"{'industry_category': '觀光餐旅', 'stock_id': '5701', 'stock_name': '劍湖山', 'type': 'tpex', 'date': '2025-09-30'}"
1341,5703,亞都,觀光餐旅,tpex,2025-09-30,"{'industry_category': '觀光餐旅', 'stock_id': '5703', 'stock_name': '亞都', 'type': 'tpex', 'date': '2025-09-30'}"
1342,5704,老爺知,觀光餐旅,tpex,2025-09-30,"{'industry_category': '觀光餐旅', 'stock_id': '5704', 'stock_name': '老爺知', 'type': 'tpex', 'date': '2025-09-30'}"
1343,5706,鳳凰,觀光餐旅,twse,2025-09-30,"{'industry_category': '觀光餐旅', 'stock_id': '5706', 'stock_name': '鳳凰', 'type': 'twse', 'date': '2025-09-30'}"
1344,5859,遠壽,金融業,emerging,2025-09-30,"{'industry_category': '金融業', 'stock_id': '5859', 'stock_name': '遠壽', 'type': 'emerging', 'date': '2025-09-30'}"
1345,5863,瑞興銀,金融業,emerging,2025-09-30,"{'industry_category': '金融業', 'stock_id': '5863', 'stock_name': '瑞興銀', 'type': 'emerging', 'date': '2025-09-30'}"
1346,5864,致和證,金融業,tpex,2025-09-30,"{'industry_category': '金融業', 'stock_id': '5864', 'stock_name': '致和證', 'type': 'tpex', 'date': '2025-09-30'}"
1347,6534,正瀚-創,化學生技醫療,twse,2025-09-30,"{'industry_category': '化學生技醫療', 'stock_id': '6534', 'stock_name': '正瀚-創', 'type': 'twse', 'date': '2025-09-30'}"
1348,5871A,中租-KY甲特,其他,twse,2025-09-30,"{'industry_category': '其他', 'stock_id': '5871A', 'stock_name': '中租-KY甲特', 'type': 'twse', 'date': '2025-09-30'}"
1349,5876,上海商銀,金融保險,twse,2025-09-30,"{'industry_category': '金融保險', 'stock_id': '5876', 'stock_name': '上海商銀', 'type': 'twse', 'date': '2025-09-30'}"
1350,5878,台名,金融業,tpex,2025-09-30,"{'industry_category': '金融業', 'stock_id': '5878', 'stock_name': '台名', 'type': 'tpex', 'date': '2025-09-30'}"
1351,5880,合庫金,金融保險,twse,2025-09-30,"{'industry_category': '金融保險', 'stock_id': '5880', 'stock_name': '合庫金', 'type': 'twse', 'date': '2025-09-30'}"
1352,5902,德記,居家生活類,tpex,2025-09-30,"{'industry_category': '居家生活類', 'stock_id': '5902', 'stock_name': '德記', 'type': 'tpex', 'date': '2025-09-30'}"
1353,5903,全家,居家生活類,tpex,2025-09-30,"{'industry_category': '居家生活類', 'stock_id': '5903', 'stock_name': '全家', 'type': 'tpex', 'date': '2025-09-30'}"
1354,5904,寶雅,居家生活類,tpex,2025-09-30,"{'industry_category': '居家生活類', 'stock_id': '5904', 'stock_name': '寶雅', 'type': 'tpex', 'date': '2025-09-30'}"
1355,5905,南仁湖,觀光餐旅,tpex,2025-09-30,"{'industry_category': '觀光餐旅', 'stock_id': '5905', 'stock_name': '南仁湖', 'type': 'tpex', 'date': '2025-09-30'}"
1356,5906,台南-KY,貿易百貨,twse,2025-09-30,"{'industry_category': '貿易百貨', 'stock_id': '5906', 'stock_name': '台南-KY', 'type': 'twse', 'date': '2025-09-30'}"
1357,5907,大洋-KY,貿易百貨,twse,2025-09-30,"{'industry_category': '貿易百貨', 'stock_id': '5907', 'stock_name': '大洋-KY', 'type': 'twse', 'date': '2025-09-30'}"
1358,6005,群益證,金融保險,twse,2025-09-30,"{'industry_category': '金融保險', 'stock_id': '6005', 'stock_name': '群益證', 'type': 'twse', 'date': '2025-09-30'}"
1359,6016,康和證,金融業,tpex,2025-09-30,"{'industry_category': '金融業', 'stock_id': '6016', 'stock_name': '康和證', 'type': 'tpex', 'date': '2025-09-30'}"
1360,6534,正瀚-創,生技醫療業,twse,2025-09-30,"{'industry_category': '生技醫療業', 'stock_id': '6534', 'stock_name': '正瀚-創', 'type': 'twse', 'date': '2025-09-30'}"
1361,6770,力積電,電子工業,twse,2025-09-30,"{'industry_category': '電子工業', 'stock_id': '6770', 'stock_name': '力積電', 'type': 'twse', 'date': '2025-09-30'}"
1362,6536,碩豐,資訊服務業,emerging,2025-09-30,"{'industry_category': '資訊服務業', 'stock_id': '6536', 'stock_name': '碩豐', 'type': 'emerging', 'date': '2025-09-30'}"
1363,7832,智新生技*,生技醫療業,emerging,2025-09-30,"{'industry_category': '生技醫療業', 'stock_id': '7832', 'stock_name': '智新生技*', 'type': 'emerging', 'date': '2025-09-30'}"
1364,7833,綠岩能源,綠能環保,emerging,2025-09-30,"{'industry_category': '綠能環保', 'stock_id': '7833', 'stock_name': '綠岩能源', 'type': 'emerging', 'date': '2025-09-30'}"
1365,7834,來毅數位,資訊服務業,emerging,2025-09-30,"{'industry_category': '資訊服務業', 'stock_id': '7834', 'stock_name': '來毅數位', 'type': 'emerging', 'date': '2025-09-30'}"
1366,7836,今網智慧,其他,emerging,2025-09-30,"{'industry_category': '其他', 'stock_id': '7836', 'stock_name': '今網智慧', 'type': 'emerging', 'date': '2025-09-30'}"
1367,7837,啟新生,生技醫療業,emerging,2025-09-30,"{'industry_category': '生技醫療業', 'stock_id': '7837', 'stock_name': '啟新生', 'type': 'emerging', 'date': '2025-09-30'}"
1368,7839,達人網,數位雲端,emerging,2025-09-30,"{'industry_category': '數位雲端', 'stock_id': '7839', 'stock_name': '達人網', 'type': 'emerging', 'date': '2025-09-30'}"
1369,7840,祥圃,農業科技,emerging,2025-09-30,"{'industry_category': '農業科技', 'stock_id': '7840', 'stock_name': '祥圃', 'type': 'emerging', 'date': '2025-09-30'}"
1370,7841,經貿聯網,資訊服務業,emerging,2025-09-30,"{'industry_category': '資訊服務業', 'stock_id': '7841', 'stock_name': '經貿聯網', 'type': 'emerging', 'date': '2025-09-30'}"
1371,7842,天能綠電,綠能環保,emerging,2025-09-30,"{'industry_category': '綠能環保', 'stock_id': '7842', 'stock_name': '天能綠電', 'type': 'emerging', 'date': '2025-09-30'}"
1372,7843,英柏得,半導體業,emerging,2025-09-30,"{'industry_category': '半導體業', 'stock_id': '7843', 'stock_name': '英柏得', 'type': 'emerging', 'date': '2025-09-30'}"
1373,7846,德揚,綠能環保,emerging,2025-09-30,"{'industry_category': '綠能環保', 'stock_id': '7846', 'stock_name': '德揚', 'type': 'emerging', 'date': '2025-09-30'}"
1374,7847,豊漁,觀光餐旅,emerging,2025-09-30,"{'industry_category': '觀光餐旅', 'stock_id': '7847', 'stock_name': '豊漁', 'type': 'emerging', 'date': '2025-09-30'}"
1375,7848,騏億鑫,其他電子業,emerging,2025-09-30,"{'industry_category': '其他電子業', 'stock_id': '7848', 'stock_name': '騏億鑫', 'type': 'emerging', 'date': '2025-09-30'}"
1376,7849,旭誼,其他電子業,emerging,2025-09-30,"{'industry_category': '其他電子業', 'stock_id': '7849', 'stock_name': '旭誼', 'type': 'emerging', 'date': '2025-09-30'}"
1377,7850,寶泰生醫,生技醫療業,emerging,2025-09-30,"{'industry_category': '生技醫療業', 'stock_id': '7850', 'stock_name': '寶泰生醫', 'type': 'emerging', 'date': '2025-09-30'}"
1378,7853,政美應用,半導體業,emerging,2025-09-30,"{'industry_category': '半導體業', 'stock_id': '7853', 'stock_name': '政美應用', 'type': 'emerging', 'date': '2025-09-30'}"
1379,7855,和運租車,其他,emerging,2025-09-30,"{'industry_category': '其他', 'stock_id': '7855', 'stock_name': '和運租車', 'type': 'emerging', 'date': '2025-09-30'}"
1380,7856,漢測,半導體業,emerging,2025-09-30,"{'industry_category': '半導體業', 'stock_id': '7856', 'stock_name': '漢測', 'type': 'emerging', 'date': '2025-09-30'}"
1381,7857,合水先進,綠能環保,emerging,2025-09-30,"{'industry_category': '綠能環保', 'stock_id': '7857', 'stock_name': '合水先進', 'type': 'emerging', 'date': '2025-09-30'}"
1382,7858,芝普,化學工業,emerging,2025-09-30,"{'industry_category': '化學工業', 'stock_id': '7858', 'stock_name': '芝普', 'type': 'emerging', 'date': '2025-09-30'}"
1383,7860,得生製藥,生技醫療業,emerging,2025-09-30,"{'industry_category': '生技醫療業', 'stock_id': '7860', 'stock_name': '得生製藥', 'type': 'emerging', 'date': '2025-09-30'}"
1384,7831,捷博,居家生活,emerging,2025-09-30,"{'industry_category': '居家生活', 'stock_id': '7831', 'stock_name': '捷博', 'type': 'emerging', 'date': '2025-09-30'}"
1385,7829,思捷優達-KY,生技醫療業,emerging,2025-09-30,"{'industry_category': '生技醫療業', 'stock_id': '7829', 'stock_name': '思捷優達-KY', 'type': 'emerging', 'date': '2025-09-30'}"
1386,7828,創新服務,半導體業,emerging,2025-09-30,"{'industry_category': '半導體業', 'stock_id': '7828', 'stock_name': '創新服務', 'type': 'emerging', 'date': '2025-09-30'}"
1387,7827,漢康-KY,生技醫療業,emerging,2025-09-30,"{'industry_category': '生技醫療業', 'stock_id': '7827', 'stock_name': '漢康-KY', 'type': 'emerging', 'date': '2025-09-30'}"
1388,7799,禾榮科,化學生技醫療,twse,2025-09-30,"{'industry_category': '化學生技醫療', 'stock_id': '7799', 'stock_name': '禾榮科', 'type': 'twse', 'date': '2025-09-30'}"
1389,7799,禾榮科,生技醫療業,twse,2025-09-30,"{'industry_category': '生技醫療業', 'stock_id': '7799', 'stock_name': '禾榮科', 'type': 'twse', 'date': '2025-09-30'}"
1390,7801,華芸科技,資訊服務業,emerging,2025-09-30,"{'industry_category': '資訊服務業', 'stock_id': '7801', 'stock_name': '華芸科技', 'type': 'emerging', 'date': '2025-09-30'}"
1391,7803,雲象科技,生技醫療業,emerging,2025-09-30,"{'industry_category': '生技醫療業', 'stock_id': '7803', 'stock_name': '雲象科技', 'type': 'emerging', 'date': '2025-09-30'}"
1392,7805,威聯通,數位雲端,emerging,2025-09-30,"{'industry_category': '數位雲端', 'stock_id': '7805', 'stock_name': '威聯通', 'type': 'emerging', 'date': '2025-09-30'}"
1393,7806,精華生醫,食品工業,emerging,2025-09-30,"{'industry_category': '食品工業', 'stock_id': '7806', 'stock_name': '精華生醫', 'type': 'emerging', 'date': '2025-09-30'}"
1394,7808,訊聯智藥,生技醫療業,emerging,2025-09-30,"{'industry_category': '生技醫療業', 'stock_id': '7808', 'stock_name': '訊聯智藥', 'type': 'emerging', 'date': '2025-09-30'}"
1395,7810,捷創科技,半導體業,emerging,2025-09-30,"{'industry_category': '半導體業', 'stock_id': '7810', 'stock_name': '捷創科技', 'type': 'emerging', 'date': '2025-09-30'}"
1396,7811,民盛,運動休閒,emerging,2025-09-30,"{'industry_category': '運動休閒', 'stock_id': '7811', 'stock_name': '民盛', 'type': 'emerging', 'date': '2025-09-30'}"
1397,7812,稜研科技*,通信網路業,emerging,2025-09-30,"{'industry_category': '通信網路業', 'stock_id': '7812', 'stock_name': '稜研科技*', 'type': 'emerging', 'date': '2025-09-30'}"
1398,7863,中科物流,航運業,emerging,2025-09-30,"{'industry_category': '航運業', 'stock_id': '7863', 'stock_name': '中科物流', 'type': 'emerging', 'date': '2025-09-30'}"
1399,7813,宇辰系統,其他電子業,emerging,2025-09-30,"{'industry_category': '其他電子業', 'stock_id': '7813', 'stock_name': '宇辰系統', 'type': 'emerging', 'date': '2025-09-30'}"
1400,7815,新特,半導體業,emerging,2025-09-30,"{'industry_category': '半導體業', 'stock_id': '7815', 'stock_name': '新特', 'type': 'emerging', 'date': '2025-09-30'}"
1401,7816,來穎,電子零組件業,emerging,2025-09-30,"{'industry_category': '電子零組件業', 'stock_id': '7816', 'stock_name': '來穎', 'type': 'emerging', 'date': '2025-09-30'}"
1402,7818,溢泰實業,其他,emerging,2025-09-30,"{'industry_category': '其他', 'stock_id': '7818', 'stock_name': '溢泰實業', 'type': 'emerging', 'date': '2025-09-30'}"
1403,7819,精誠金融,資訊服務業,emerging,2025-09-30,"{'industry_category': '資訊服務業', 'stock_id': '7819', 'stock_name': '精誠金融', 'type': 'emerging', 'date': '2025-09-30'}"
1404,7820,立盈,綠能環保,emerging,2025-09-30,"{'industry_category': '綠能環保', 'stock_id': '7820', 'stock_name': '立盈', 'type': 'emerging', 'date': '2025-09-30'}"
1405,7821,神數,其他電子業,emerging,2025-09-30,"{'industry_category': '其他電子業', 'stock_id': '7821', 'stock_name': '神數', 'type': 'emerging', 'date': '2025-09-30'}"
1406,7822,倍利科,半導體業,emerging,2025-09-30,"{'industry_category': '半導體業', 'stock_id': '7822', 'stock_name': '倍利科', 'type': 'emerging', 'date': '2025-09-30'}"
1407,7824,智寶,其他,emerging,2025-09-30,"{'industry_category': '其他', 'stock_id': '7824', 'stock_name': '智寶', 'type': 'emerging', 'date': '2025-09-30'}"
1408,7825,和亞智慧,其他電子業,emerging,2025-09-30,"{'industry_category': '其他電子業', 'stock_id': '7825', 'stock_name': '和亞智慧', 'type': 'emerging', 'date': '2025-09-30'}"
1409,7826,極風雲創,數位雲端,emerging,2025-09-30,"{'industry_category': '數位雲端', 'stock_id': '7826', 'stock_name': '極風雲創', 'type': 'emerging', 'date': '2025-09-30'}"
1410,7814,海昌生技,生技醫療業,emerging,2025-09-30,"{'industry_category': '生技醫療業', 'stock_id': '7814', 'stock_name': '海昌生技', 'type': 'emerging', 'date': '2025-09-30'}"
1411,7797,Q Burger,觀光餐旅,emerging,2025-09-30,"{'industry_category': '觀光餐旅', 'stock_id': '7797', 'stock_name': 'Q Burger', 'type': 'emerging', 'date': '2025-09-30'}"
1412,8011,台通,通信網路業,twse,2025-09-30,"{'industry_category': '通信網路業', 'stock_id': '8011', 'stock_name': '台通', 'type': 'twse', 'date': '2025-09-30'}"
1413,8016,矽創,半導體業,twse,2025-09-30,"{'industry_category': '半導體業', 'stock_id': '8016', 'stock_name': '矽創', 'type': 'twse', 'date': '2025-09-30'}"
1414,8058,耐特,其他電子業,emerging,2025-09-30,"{'industry_category': '其他電子業', 'stock_id': '8058', 'stock_name': '耐特', 'type': 'emerging', 'date': '2025-09-30'}"
1415,8059,凱碩,通信網路業,tpex,2025-09-30,"{'industry_category': '通信網路業', 'stock_id': '8059', 'stock_name': '凱碩', 'type': 'tpex', 'date': '2025-09-30'}"
1416,8064,東捷,光電業,tpex,2025-09-30,"{'industry_category': '光電業', 'stock_id': '8064', 'stock_name': '東捷', 'type': 'tpex', 'date': '2025-09-30'}"
1417,8066,來思達,居家生活類,tpex,2025-09-30,"{'industry_category': '居家生活類', 'stock_id': '8066', 'stock_name': '來思達', 'type': 'tpex', 'date': '2025-09-30'}"
1418,8067,志旭,電子通路業,tpex,2025-09-30,"{'industry_category': '電子通路業', 'stock_id': '8067', 'stock_name': '志旭', 'type': 'tpex', 'date': '2025-09-30'}"
1419,8068,全達,電子通路業,tpex,2025-09-30,"{'industry_category': '電子通路業', 'stock_id': '8068', 'stock_name': '全達', 'type': 'tpex', 'date': '2025-09-30'}"
1420,8069,元太,光電業,tpex,2025-09-30,"{'industry_category': '光電業', 'stock_id': '8069', 'stock_name': '元太', 'type': 'tpex', 'date': '2025-09-30'}"
1421,8070,長華*,電子工業,twse,2025-09-30,"{'industry_category': '電子工業', 'stock_id': '8070', 'stock_name': '長華*', 'type': 'twse', 'date': '2025-09-30'}"
1422,8070,長華*,電子通路業,twse,2025-09-30,"{'industry_category': '電子通路業', 'stock_id': '8070', 'stock_name': '長華*', 'type': 'twse', 'date': '2025-09-30'}"
1423,8071,能率網通,電子零組件業,tpex,2025-09-30,"{'industry_category': '電子零組件業', 'stock_id': '8071', 'stock_name': '能率網通', 'type': 'tpex', 'date': '2025-09-30'}"
1424,8072,陞泰,電子工業,twse,2025-09-30,"{'industry_category': '電子工業', 'stock_id': '8072', 'stock_name': '陞泰', 'type': 'twse', 'date': '2025-09-30'}"
1425,8072,陞泰,電子通路業,twse,2025-09-30,"{'industry_category': '電子通路業', 'stock_id': '8072', 'stock_name': '陞泰', 'type': 'twse', 'date': '2025-09-30'}"
1426,8074,鉅橡,電子零組件業,tpex,2025-09-30,"{'industry_category': '電子零組件業', 'stock_id': '8074', 'stock_name': '鉅橡', 'type': 'tpex', 'date': '2025-09-30'}"
1427,8076,伍豐,電腦及週邊設備業,tpex,2025-09-30,"{'industry_category': '電腦及週邊設備業', 'stock_id': '8076', 'stock_name': '伍豐', 'type': 'tpex', 'date': '2025-09-30'}"
1428,8077,洛碁,觀光餐旅,tpex,2025-09-30,"{'industry_category': '觀光餐旅', 'stock_id': '8077', 'stock_name': '洛碁', 'type': 'tpex', 'date': '2025-09-30'}"
1429,8080,泰霖,建材營造,tpex,2025-09-30,"{'industry_category': '建材營造', 'stock_id': '8080', 'stock_name': '泰霖', 'type': 'tpex', 'date': '2025-09-30'}"
1430,8081,致新,半導體業,twse,2025-09-30,"{'industry_category': '半導體業', 'stock_id': '8081', 'stock_name': '致新', 'type': 'twse', 'date': '2025-09-30'}"
1431,8081,致新,電子工業,twse,2025-09-30,"{'industry_category': '電子工業', 'stock_id': '8081', 'stock_name': '致新', 'type': 'twse', 'date': '2025-09-30'}"
1432,8083,瑞穎,電機機械,tpex,2025-09-30,"{'industry_category': '電機機械', 'stock_id': '8083', 'stock_name': '瑞穎', 'type': 'tpex', 'date': '2025-09-30'}"
1433,8084,巨虹,電子通路業,tpex,2025-09-30,"{'industry_category': '電子通路業', 'stock_id': '8084', 'stock_name': '巨虹', 'type': 'tpex', 'date': '2025-09-30'}"
1434,8085,福華,其他電子類,tpex,2025-09-30,"{'industry_category': '其他電子類', 'stock_id': '8085', 'stock_name': '福華', 'type': 'tpex', 'date': '2025-09-30'}"
1435,8054,安國,半導體業,tpex,2025-09-30,"{'industry_category': '半導體業', 'stock_id': '8054', 'stock_name': '安國', 'type': 'tpex', 'date': '2025-09-30'}"
1436,8050,廣積,電腦及週邊設備業,tpex,2025-09-30,"{'industry_category': '電腦及週邊設備業', 'stock_id': '8050', 'stock_name': '廣積', 'type': 'tpex', 'date': '2025-09-30'}"
1437,8049,晶采,光電業,tpex,2025-09-30,"{'industry_category': '光電業', 'stock_id': '8049', 'stock_name': '晶采', 'type': 'tpex', 'date': '2025-09-30'}"
1438,8048,德勝,通信網路業,tpex,2025-09-30,"{'industry_category': '通信網路業', 'stock_id': '8048', 'stock_name': '德勝', 'type': 'tpex', 'date': '2025-09-30'}"
1439,8016,矽創,電子工業,twse,2025-09-30,"{'industry_category': '電子工業', 'stock_id': '8016', 'stock_name': '矽創', 'type': 'twse', 'date': '2025-09-30'}"
1440,8021,尖點,其他電子業,twse,2025-09-30,"{'industry_category': '其他電子業', 'stock_id': '8021', 'stock_name': '尖點', 'type': 'twse', 'date': '2025-09-30'}"
1441,8021,尖點,電子工業,twse,2025-09-30,"{'industry_category': '電子工業', 'stock_id': '8021', 'stock_name': '尖點', 'type': 'twse', 'date': '2025-09-30'}"
1442,8024,佑華,半導體業,tpex,2025-09-30,"{'industry_category': '半導體業', 'stock_id': '8024', 'stock_name': '佑華', 'type': 'tpex', 'date': '2025-09-30'}"
1443,8027,鈦昇,電機機械,tpex,2025-09-30,"{'industry_category': '電機機械', 'stock_id': '8027', 'stock_name': '鈦昇', 'type': 'tpex', 'date': '2025-09-30'}"
1444,8028,昇陽半導體,半導體業,twse,2025-09-30,"{'industry_category': '半導體業', 'stock_id': '8028', 'stock_name': '昇陽半導體', 'type': 'twse', 'date': '2025-09-30'}"
1445,8028,昇陽半導體,電子工業,twse,2025-09-30,"{'industry_category': '電子工業', 'stock_id': '8028', 'stock_name': '昇陽半導體', 'type': 'twse', 'date': '2025-09-30'}"
1446,8032,光菱,電子通路業,tpex,2025-09-30,"{'industry_category': '電子通路業', 'stock_id': '8032', 'stock_name': '光菱', 'type': 'tpex', 'date': '2025-09-30'}"
1447,8033,雷虎,其他,twse,2025-09-30,"{'industry_category': '其他', 'stock_id': '8033', 'stock_name': '雷虎', 'type': 'twse', 'date': '2025-09-30'}"
1448,8034,榮群,通信網路業,tpex,2025-09-30,"{'industry_category': '通信網路業', 'stock_id': '8034', 'stock_name': '榮群', 'type': 'tpex', 'date': '2025-09-30'}"
1449,8011,台通,電子工業,twse,2025-09-30,"{'industry_category': '電子工業', 'stock_id': '8011', 'stock_name': '台通', 'type': 'twse', 'date': '2025-09-30'}"
1450,8038,長園科,電子零組件業,tpex,2025-09-30,"{'industry_category': '電子零組件業', 'stock_id': '8038', 'stock_name': '長園科', 'type': 'tpex', 'date': '2025-09-30'}"
1451,8039,台虹,電子零組件業,twse,2025-09-30,"{'industry_category': '電子零組件業', 'stock_id': '8039', 'stock_name': '台虹', 'type': 'twse', 'date': '2025-09-30'}"
1452,8040,九暘,半導體業,tpex,2025-09-30,"{'industry_category': '半導體業', 'stock_id': '8040', 'stock_name': '九暘', 'type': 'tpex', 'date': '2025-09-30'}"
1453,8042,金山電,電子零組件業,tpex,2025-09-30,"{'industry_category': '電子零組件業', 'stock_id': '8042', 'stock_name': '金山電', 'type': 'tpex', 'date': '2025-09-30'}"
1454,8043,蜜望實,電子零組件業,tpex,2025-09-30,"{'industry_category': '電子零組件業', 'stock_id': '8043', 'stock_name': '蜜望實', 'type': 'tpex', 'date': '2025-09-30'}"
1455,8044,網家,數位雲端類,tpex,2025-09-30,"{'industry_category': '數位雲端類', 'stock_id': '8044', 'stock_name': '網家', 'type': 'tpex', 'date': '2025-09-30'}"
1456,8045,達運光電,通信網路業,twse,2025-09-30,"{'industry_category': '通信網路業', 'stock_id': '8045', 'stock_name': '達運光電', 'type': 'twse', 'date': '2025-09-30'}"
1457,8045,達運光電,電子工業,twse,2025-09-30,"{'industry_category': '電子工業', 'stock_id': '8045', 'stock_name': '達運光電', 'type': 'twse', 'date': '2025-09-30'}"
1458,8046,南電,電子工業,twse,2025-09-30,"{'industry_category': '電子工業', 'stock_id': '8046', 'stock_name': '南電', 'type': 'twse', 'date': '2025-09-30'}"
1459,8046,南電,電子零組件業,twse,2025-09-30,"{'industry_category': '電子零組件業', 'stock_id': '8046', 'stock_name': '南電', 'type': 'twse', 'date': '2025-09-30'}"
1460,8047,星雲,其他電子類,tpex,2025-09-30,"{'industry_category': '其他電子類', 'stock_id': '8047', 'stock_name': '星雲', 'type': 'tpex', 'date': '2025-09-30'}"
1461,8039,台虹,電子工業,twse,2025-09-30,"{'industry_category': '電子工業', 'stock_id': '8039', 'stock_name': '台虹', 'type': 'twse', 'date': '2025-09-30'}"
1462,8086,宏捷科,半導體業,tpex,2025-09-30,"{'industry_category': '半導體業', 'stock_id': '8086', 'stock_name': '宏捷科', 'type': 'tpex', 'date': '2025-09-30'}"
1463,7796,擷發科,半導體業,emerging,2025-09-30,"{'industry_category': '半導體業', 'stock_id': '7796', 'stock_name': '擷發科', 'type': 'emerging', 'date': '2025-09-30'}"
1464,7794,宏碁智新,居家生活,emerging,2025-09-30,"{'industry_category': '居家生活', 'stock_id': '7794', 'stock_name': '宏碁智新', 'type': 'emerging', 'date': '2025-09-30'}"
1465,7705,三商餐飲,觀光餐旅,twse,2025-09-30,"{'industry_category': '觀光餐旅', 'stock_id': '7705', 'stock_name': '三商餐飲', 'type': 'twse', 'date': '2025-09-30'}"
1466,7706,宏碁創達,其他,emerging,2025-09-30,"{'industry_category': '其他', 'stock_id': '7706', 'stock_name': '宏碁創達', 'type': 'emerging', 'date': '2025-09-30'}"
1467,7707,益芯科,半導體業,emerging,2025-09-30,"{'industry_category': '半導體業', 'stock_id': '7707', 'stock_name': '益芯科', 'type': 'emerging', 'date': '2025-09-30'}"
1468,7708,全家餐飲,觀光餐旅,tpex,2025-09-30,"{'industry_category': '觀光餐旅', 'stock_id': '7708', 'stock_name': '全家餐飲', 'type': 'tpex', 'date': '2025-09-30'}"
1469,7709,榮田,電機機械,tpex,2025-09-30,"{'industry_category': '電機機械', 'stock_id': '7709', 'stock_name': '榮田', 'type': 'tpex', 'date': '2025-09-30'}"
1470,7711,永擎,電腦及週邊設備業,emerging,2025-09-30,"{'industry_category': '電腦及週邊設備業', 'stock_id': '7711', 'stock_name': '永擎', 'type': 'emerging', 'date': '2025-09-30'}"
1471,7712,博盛半導體,半導體業,tpex,2025-09-30,"{'industry_category': '半導體業', 'stock_id': '7712', 'stock_name': '博盛半導體', 'type': 'tpex', 'date': '2025-09-30'}"
1472,7713,威力德生醫,生技醫療業,tpex,2025-09-30,"{'industry_category': '生技醫療業', 'stock_id': '7713', 'stock_name': '威力德生醫', 'type': 'tpex', 'date': '2025-09-30'}"
1473,7714,創泓科技,數位雲端類,tpex,2025-09-30,"{'industry_category': '數位雲端類', 'stock_id': '7714', 'stock_name': '創泓科技', 'type': 'tpex', 'date': '2025-09-30'}"
1474,7715,裕山,綠能環保類,tpex,2025-09-30,"{'industry_category': '綠能環保類', 'stock_id': '7715', 'stock_name': '裕山', 'type': 'tpex', 'date': '2025-09-30'}"
1475,7716,昱臺國際,航運業,emerging,2025-09-30,"{'industry_category': '航運業', 'stock_id': '7716', 'stock_name': '昱臺國際', 'type': 'emerging', 'date': '2025-09-30'}"
1476,7718,友鋮,鋼鐵工業,tpex,2025-09-30,"{'industry_category': '鋼鐵工業', 'stock_id': '7718', 'stock_name': '友鋮', 'type': 'tpex', 'date': '2025-09-30'}"
1477,7719,碳基,其他,emerging,2025-09-30,"{'industry_category': '其他', 'stock_id': '7719', 'stock_name': '碳基', 'type': 'emerging', 'date': '2025-09-30'}"
1478,7721,微程式,數位雲端,twse,2025-09-30,"{'industry_category': '數位雲端', 'stock_id': '7721', 'stock_name': '微程式', 'type': 'twse', 'date': '2025-09-30'}"
1479,7722,LINEPAY,數位雲端,twse,2025-09-30,"{'industry_category': '數位雲端', 'stock_id': '7722', 'stock_name': 'LINEPAY', 'type': 'twse', 'date': '2025-09-30'}"
1480,7723,築間,觀光餐旅,tpex,2025-09-30,"{'industry_category': '觀光餐旅', 'stock_id': '7723', 'stock_name': '築間', 'type': 'tpex', 'date': '2025-09-30'}"
1481,7724,諾亞克,生技醫療業,emerging,2025-09-30,"{'industry_category': '生技醫療業', 'stock_id': '7724', 'stock_name': '諾亞克', 'type': 'emerging', 'date': '2025-09-30'}"
1482,7725,列特博,生技醫療業,emerging,2025-09-30,"{'industry_category': '生技醫療業', 'stock_id': '7725', 'stock_name': '列特博', 'type': 'emerging', 'date': '2025-09-30'}"
1483,7726,暄達,生技醫療業,emerging,2025-09-30,"{'industry_category': '生技醫療業', 'stock_id': '7726', 'stock_name': '暄達', 'type': 'emerging', 'date': '2025-09-30'}"
1484,7728,光焱科技,其他電子類,tpex,2025-09-30,"{'industry_category': '其他電子類', 'stock_id': '7728', 'stock_name': '光焱科技', 'type': 'tpex', 'date': '2025-09-30'}"
1485,7729,仲恩生醫,生技醫療業,emerging,2025-09-30,"{'industry_category': '生技醫療業', 'stock_id': '7729', 'stock_name': '仲恩生醫', 'type': 'emerging', 'date': '2025-09-30'}"
1486,7704,明遠精密,半導體業,tpex,2025-09-30,"{'industry_category': '半導體業', 'stock_id': '7704', 'stock_name': '明遠精密', 'type': 'tpex', 'date': '2025-09-30'}"
1487,7703,銳澤,其他電子類,tpex,2025-09-30,"{'industry_category': '其他電子類', 'stock_id': '7703', 'stock_name': '銳澤', 'type': 'tpex', 'date': '2025-09-30'}"
1488,7702,前端風電,綠能環保,emerging,2025-09-30,"{'industry_category': '綠能環保', 'stock_id': '7702', 'stock_name': '前端風電', 'type': 'emerging', 'date': '2025-09-30'}"
1489,7642,昶瑞機電,電機機械,tpex,2025-09-30,"{'industry_category': '電機機械', 'stock_id': '7642', 'stock_name': '昶瑞機電', 'type': 'tpex', 'date': '2025-09-30'}"
1490,7507,環拓科技,綠能環保,emerging,2025-09-30,"{'industry_category': '綠能環保', 'stock_id': '7507', 'stock_name': '環拓科技', 'type': 'emerging', 'date': '2025-09-30'}"
1491,7516,清淨海,其他,emerging,2025-09-30,"{'industry_category': '其他', 'stock_id': '7516', 'stock_name': '清淨海', 'type': 'emerging', 'date': '2025-09-30'}"
1492,7530,鋒魁科技,半導體業,emerging,2025-09-30,"{'industry_category': '半導體業', 'stock_id': '7530', 'stock_name': '鋒魁科技', 'type': 'emerging', 'date': '2025-09-30'}"
1493,7547,碩網,數位雲端類,tpex,2025-09-30,"{'industry_category': '數位雲端類', 'stock_id': '7547', 'stock_name': '碩網', 'type': 'tpex', 'date': '2025-09-30'}"
1494,7551,知識科技,數位雲端,emerging,2025-09-30,"{'industry_category': '數位雲端', 'stock_id': '7551', 'stock_name': '知識科技', 'type': 'emerging', 'date': '2025-09-30'}"
1495,7556,意德士,半導體業,tpex,2025-09-30,"{'industry_category': '半導體業', 'stock_id': '7556', 'stock_name': '意德士', 'type': 'tpex', 'date': '2025-09-30'}"
1496,7558,群利科技,其他,emerging,2025-09-30,"{'industry_category': '其他', 'stock_id': '7558', 'stock_name': '群利科技', 'type': 'emerging', 'date': '2025-09-30'}"
1497,7561,光晟生技,生技醫療業,emerging,2025-09-30,"{'industry_category': '生技醫療業', 'stock_id': '7561', 'stock_name': '光晟生技', 'type': 'emerging', 'date': '2025-09-30'}"
1498,7562,博來科技,電腦及週邊設備業,emerging,2025-09-30,"{'industry_category': '電腦及週邊設備業', 'stock_id': '7562', 'stock_name': '博來科技', 'type': 'emerging', 'date': '2025-09-30'}"
1499,7566,亞果遊艇,觀光餐旅,emerging,2025-09-30,"{'industry_category': '觀光餐旅', 'stock_id': '7566', 'stock_name': '亞果遊艇', 'type': 'emerging', 'date': '2025-09-30'}"
1500,7730,暉盛,半導體業,emerging,2025-09-30,"{'industry_category': '半導體業', 'stock_id': '7730', 'stock_name': '暉盛', 'type': 'emerging', 'date': '2025-09-30'}"
1501,7575,安美得,生技醫療業,emerging,2025-09-30,"{'industry_category': '生技醫療業', 'stock_id': '7575', 'stock_name': '安美得', 'type': 'emerging', 'date': '2025-09-30'}"
1502,7583,國際海洋,綠能環保,emerging,2025-09-30,"{'industry_category': '綠能環保', 'stock_id': '7583', 'stock_name': '國際海洋', 'type': 'emerging', 'date': '2025-09-30'}"
1503,7584,樂意,文化創意業,tpex,2025-09-30,"{'industry_category': '文化創意業', 'stock_id': '7584', 'stock_name': '樂意', 'type': 'tpex', 'date': '2025-09-30'}"
1504,7590,怡和國際,其他,emerging,2025-09-30,"{'industry_category': '其他', 'stock_id': '7590', 'stock_name': '怡和國際', 'type': 'emerging', 'date': '2025-09-30'}"
1505,7595,世基生醫,生技醫療業,emerging,2025-09-30,"{'industry_category': '生技醫療業', 'stock_id': '7595', 'stock_name': '世基生醫', 'type': 'emerging', 'date': '2025-09-30'}"
1506,7607,通用幹細胞*,生技醫療業,emerging,2025-09-30,"{'industry_category': '生技醫療業', 'stock_id': '7607', 'stock_name': '通用幹細胞*', 'type': 'emerging', 'date': '2025-09-30'}"
1507,7610,聯友金屬-創,創新板股票,twse,2025-09-30,"{'industry_category': '創新板股票', 'stock_id': '7610', 'stock_name': '聯友金屬-創', 'type': 'twse', 'date': '2025-09-30'}"
1508,7610,聯友金屬-創,綠能環保,twse,2025-09-30,"{'industry_category': '綠能環保', 'stock_id': '7610', 'stock_name': '聯友金屬-創', 'type': 'twse', 'date': '2025-09-30'}"
1509,7631,聚賢研發-創,其他電子業,twse,2025-09-30,"{'industry_category': '其他電子業', 'stock_id': '7631', 'stock_name': '聚賢研發-創', 'type': 'twse', 'date': '2025-09-30'}"
1510,7631,聚賢研發-創,創新板股票,twse,2025-09-30,"{'industry_category': '創新板股票', 'stock_id': '7631', 'stock_name': '聚賢研發-創', 'type': 'twse', 'date': '2025-09-30'}"
1511,7631,聚賢研發-創,電子工業,twse,2025-09-30,"{'industry_category': '電子工業', 'stock_id': '7631', 'stock_name': '聚賢研發-創', 'type': 'twse', 'date': '2025-09-30'}"
1512,7578,利百景,其他,emerging,2025-09-30,"{'industry_category': '其他', 'stock_id': '7578', 'stock_name': '利百景', 'type': 'emerging', 'date': '2025-09-30'}"
1513,7795,長廣,電子零組件業,emerging,2025-09-30,"{'industry_category': '電子零組件業', 'stock_id': '7795', 'stock_name': '長廣', 'type': 'emerging', 'date': '2025-09-30'}"
1514,7731,火星生技*,食品工業,emerging,2025-09-30,"{'industry_category': '食品工業', 'stock_id': '7731', 'stock_name': '火星生技*', 'type': 'emerging', 'date': '2025-09-30'}"
1515,7734,印能科技,半導體業,tpex,2025-09-30,"{'industry_category': '半導體業', 'stock_id': '7734', 'stock_name': '印能科技', 'type': 'tpex', 'date': '2025-09-30'}"
1516,7765,中華資安,數位雲端,twse,2025-09-30,"{'industry_category': '數位雲端', 'stock_id': '7765', 'stock_name': '中華資安', 'type': 'twse', 'date': '2025-09-30'}"
1517,7767,仁大資訊,資訊服務業,emerging,2025-09-30,"{'industry_category': '資訊服務業', 'stock_id': '7767', 'stock_name': '仁大資訊', 'type': 'emerging', 'date': '2025-09-30'}"
1518,7768,頌勝科技,半導體業,emerging,2025-09-30,"{'industry_category': '半導體業', 'stock_id': '7768', 'stock_name': '頌勝科技', 'type': 'emerging', 'date': '2025-09-30'}"
1519,7769,鴻勁,半導體業,emerging,2025-09-30,"{'industry_category': '半導體業', 'stock_id': '7769', 'stock_name': '鴻勁', 'type': 'emerging', 'date': '2025-09-30'}"
1520,7770,君曜,半導體業,emerging,2025-09-30,"{'industry_category': '半導體業', 'stock_id': '7770', 'stock_name': '君曜', 'type': 'emerging', 'date': '2025-09-30'}"
1521,7772,耀穎,半導體業,emerging,2025-09-30,"{'industry_category': '半導體業', 'stock_id': '7772', 'stock_name': '耀穎', 'type': 'emerging', 'date': '2025-09-30'}"
1522,7773,富禾生醫,生技醫療業,emerging,2025-09-30,"{'industry_category': '生技醫療業', 'stock_id': '7773', 'stock_name': '富禾生醫', 'type': 'emerging', 'date': '2025-09-30'}"
1523,7776,奧孟亞,生技醫療業,emerging,2025-09-30,"{'industry_category': '生技醫療業', 'stock_id': '7776', 'stock_name': '奧孟亞', 'type': 'emerging', 'date': '2025-09-30'}"
1524,7777,能率亞洲,其他,emerging,2025-09-30,"{'industry_category': '其他', 'stock_id': '7777', 'stock_name': '能率亞洲', 'type': 'emerging', 'date': '2025-09-30'}"
1525,7779,鍇睿國際,運動休閒,emerging,2025-09-30,"{'industry_category': '運動休閒', 'stock_id': '7779', 'stock_name': '鍇睿國際', 'type': 'emerging', 'date': '2025-09-30'}"
1526,7780,大研生醫,食品工業,twse,2025-09-30,"{'industry_category': '食品工業', 'stock_id': '7780', 'stock_name': '大研生醫', 'type': 'twse', 'date': '2025-09-30'}"
1527,7781,昕力資*,數位雲端,emerging,2025-09-30,"{'industry_category': '數位雲端', 'stock_id': '7781', 'stock_name': '昕力資*', 'type': 'emerging', 'date': '2025-09-30'}"
1528,7782,光速火箭,居家生活,emerging,2025-09-30,"{'industry_category': '居家生活', 'stock_id': '7782', 'stock_name': '光速火箭', 'type': 'emerging', 'date': '2025-09-30'}"
1529,7783,佳運,綠能環保,emerging,2025-09-30,"{'industry_category': '綠能環保', 'stock_id': '7783', 'stock_name': '佳運', 'type': 'emerging', 'date': '2025-09-30'}"
1530,7785,北祥科服,數位雲端,emerging,2025-09-30,"{'industry_category': '數位雲端', 'stock_id': '7785', 'stock_name': '北祥科服', 'type': 'emerging', 'date': '2025-09-30'}"
1531,7786,東方風能,綠能環保,emerging,2025-09-30,"{'industry_category': '綠能環保', 'stock_id': '7786', 'stock_name': '東方風能', 'type': 'emerging', 'date': '2025-09-30'}"
1532,7788,松川精密,電子零組件業,emerging,2025-09-30,"{'industry_category': '電子零組件業', 'stock_id': '7788', 'stock_name': '松川精密', 'type': 'emerging', 'date': '2025-09-30'}"
1533,7789,開展,觀光餐旅,emerging,2025-09-30,"{'industry_category': '觀光餐旅', 'stock_id': '7789', 'stock_name': '開展', 'type': 'emerging', 'date': '2025-09-30'}"
1534,7790,思必瑞特,生技醫療業,emerging,2025-09-30,"{'industry_category': '生技醫療業', 'stock_id': '7790', 'stock_name': '思必瑞特', 'type': 'emerging', 'date': '2025-09-30'}"
1535,7791,皇家可口,食品工業,emerging,2025-09-30,"{'industry_category': '食品工業', 'stock_id': '7791', 'stock_name': '皇家可口', 'type': 'emerging', 'date': '2025-09-30'}"
1536,7792,安葆,其他電子業,emerging,2025-09-30,"{'industry_category': '其他電子業', 'stock_id': '7792', 'stock_name': '安葆', 'type': 'emerging', 'date': '2025-09-30'}"
1537,7764,聖州,其他,emerging,2025-09-30,"{'industry_category': '其他', 'stock_id': '7764', 'stock_name': '聖州', 'type': 'emerging', 'date': '2025-09-30'}"
1538,7763,崇舜,化學工業,emerging,2025-09-30,"{'industry_category': '化學工業', 'stock_id': '7763', 'stock_name': '崇舜', 'type': 'emerging', 'date': '2025-09-30'}"
1539,7762,吉晟生,生技醫療業,emerging,2025-09-30,"{'industry_category': '生技醫療業', 'stock_id': '7762', 'stock_name': '吉晟生', 'type': 'emerging', 'date': '2025-09-30'}"
1540,7761,三大未來,綠能環保,emerging,2025-09-30,"{'industry_category': '綠能環保', 'stock_id': '7761', 'stock_name': '三大未來', 'type': 'emerging', 'date': '2025-09-30'}"
1541,7736,虎山,汽車工業,twse,2025-09-30,"{'industry_category': '汽車工業', 'stock_id': '7736', 'stock_name': '虎山', 'type': 'twse', 'date': '2025-09-30'}"
1542,7737,凱鈿,數位雲端,emerging,2025-09-30,"{'industry_category': '數位雲端', 'stock_id': '7737', 'stock_name': '凱鈿', 'type': 'emerging', 'date': '2025-09-30'}"
1543,7738,東聯互動,數位雲端,emerging,2025-09-30,"{'industry_category': '數位雲端', 'stock_id': '7738', 'stock_name': '東聯互動', 'type': 'emerging', 'date': '2025-09-30'}"
1544,7740,熙特爾-創,創新板股票,twse,2025-09-30,"{'industry_category': '創新板股票', 'stock_id': '7740', 'stock_name': '熙特爾-創', 'type': 'twse', 'date': '2025-09-30'}"
1545,7740,熙特爾-創,綠能環保,twse,2025-09-30,"{'industry_category': '綠能環保', 'stock_id': '7740', 'stock_name': '熙特爾-創', 'type': 'twse', 'date': '2025-09-30'}"
1546,7742,天弘化,化學工業,emerging,2025-09-30,"{'industry_category': '化學工業', 'stock_id': '7742', 'stock_name': '天弘化', 'type': 'emerging', 'date': '2025-09-30'}"
1547,7743,金利食安,食品工業,tpex,2025-09-30,"{'industry_category': '食品工業', 'stock_id': '7743', 'stock_name': '金利食安', 'type': 'tpex', 'date': '2025-09-30'}"
1548,7744,崴寶,電子零組件業,emerging,2025-09-30,"{'industry_category': '電子零組件業', 'stock_id': '7744', 'stock_name': '崴寶', 'type': 'emerging', 'date': '2025-09-30'}"
1549,7747,昕奇雲端,數位雲端類,tpex,2025-09-30,"{'industry_category': '數位雲端類', 'stock_id': '7747', 'stock_name': '昕奇雲端', 'type': 'tpex', 'date': '2025-09-30'}"
1550,7748,鑫囍創業,其他,emerging,2025-09-30,"{'industry_category': '其他', 'stock_id': '7748', 'stock_name': '鑫囍創業', 'type': 'emerging', 'date': '2025-09-30'}"
1551,7732,金興精密,汽車工業,twse,2025-09-30,"{'industry_category': '汽車工業', 'stock_id': '7732', 'stock_name': '金興精密', 'type': 'twse', 'date': '2025-09-30'}"
1552,7749,意騰-KY,半導體業,twse,2025-09-30,"{'industry_category': '半導體業', 'stock_id': '7749', 'stock_name': '意騰-KY', 'type': 'twse', 'date': '2025-09-30'}"
1553,7750,新代,電機機械,twse,2025-09-30,"{'industry_category': '電機機械', 'stock_id': '7750', 'stock_name': '新代', 'type': 'twse', 'date': '2025-09-30'}"
1554,7751,竑騰,半導體業,tpex,2025-09-30,"{'industry_category': '半導體業', 'stock_id': '7751', 'stock_name': '竑騰', 'type': 'tpex', 'date': '2025-09-30'}"
1555,7752,世紀樺欣,綠能環保,emerging,2025-09-30,"{'industry_category': '綠能環保', 'stock_id': '7752', 'stock_name': '世紀樺欣', 'type': 'emerging', 'date': '2025-09-30'}"
1556,7753,星亞,光電業,tpex,2025-09-30,"{'industry_category': '光電業', 'stock_id': '7753', 'stock_name': '星亞', 'type': 'tpex', 'date': '2025-09-30'}"
1557,7754,安基生技,生技醫療業,emerging,2025-09-30,"{'industry_category': '生技醫療業', 'stock_id': '7754', 'stock_name': '安基生技', 'type': 'emerging', 'date': '2025-09-30'}"
1558,7756,多那之,觀光餐旅,emerging,2025-09-30,"{'industry_category': '觀光餐旅', 'stock_id': '7756', 'stock_name': '多那之', 'type': 'emerging', 'date': '2025-09-30'}"
1559,7757,金色三麥,觀光餐旅,emerging,2025-09-30,"{'industry_category': '觀光餐旅', 'stock_id': '7757', 'stock_name': '金色三麥', 'type': 'emerging', 'date': '2025-09-30'}"
1560,7758,睿騰能源,電子零組件業,emerging,2025-09-30,"{'industry_category': '電子零組件業', 'stock_id': '7758', 'stock_name': '睿騰能源', 'type': 'emerging', 'date': '2025-09-30'}"
1561,7759,視航生醫,生技醫療業,emerging,2025-09-30,"{'industry_category': '生技醫療業', 'stock_id': '7759', 'stock_name': '視航生醫', 'type': 'emerging', 'date': '2025-09-30'}"
1562,7760,享溫馨,觀光餐旅,emerging,2025-09-30,"{'industry_category': '觀光餐旅', 'stock_id': '7760', 'stock_name': '享溫馨', 'type': 'emerging', 'date': '2025-09-30'}"
1563,7749,意騰-KY,電子工業,twse,2025-09-30,"{'industry_category': '電子工業', 'stock_id': '7749', 'stock_name': '意騰-KY', 'type': 'twse', 'date': '2025-09-30'}"
1564,8087,麗升能源,綠能環保類,tpex,2025-09-30,"{'industry_category': '綠能環保類', 'stock_id': '8087', 'stock_name': '麗升能源', 'type': 'tpex', 'date': '2025-09-30'}"
1565,8088,品安,半導體業,tpex,2025-09-30,"{'industry_category': '半導體業', 'stock_id': '8088', 'stock_name': '品安', 'type': 'tpex', 'date': '2025-09-30'}"
1566,8089,康全電訊,通信網路業,tpex,2025-09-30,"{'industry_category': '通信網路業', 'stock_id': '8089', 'stock_name': '康全電訊', 'type': 'tpex', 'date': '2025-09-30'}"
1567,8499,鼎炫-KY,其他電子業,twse,2025-09-30,"{'industry_category': '其他電子業', 'stock_id': '8499', 'stock_name': '鼎炫-KY', 'type': 'twse', 'date': '2025-09-30'}"
1568,8499,鼎炫-KY,電子工業,twse,2025-09-30,"{'industry_category': '電子工業', 'stock_id': '8499', 'stock_name': '鼎炫-KY', 'type': 'twse', 'date': '2025-09-30'}"
1569,8905,裕國,其他,tpex,2025-09-30,"{'industry_category': '其他', 'stock_id': '8905', 'stock_name': '裕國', 'type': 'tpex', 'date': '2025-09-30'}"
1570,8906,花王,其他,tpex,2025-09-30,"{'industry_category': '其他', 'stock_id': '8906', 'stock_name': '花王', 'type': 'tpex', 'date': '2025-09-30'}"
1571,8908,欣雄,油電燃氣業,tpex,2025-09-30,"{'industry_category': '油電燃氣業', 'stock_id': '8908', 'stock_name': '欣雄', 'type': 'tpex', 'date': '2025-09-30'}"
1572,8916,光隆,其他,tpex,2025-09-30,"{'industry_category': '其他', 'stock_id': '8916', 'stock_name': '光隆', 'type': 'tpex', 'date': '2025-09-30'}"
1573,8917,欣泰,油電燃氣業,tpex,2025-09-30,"{'industry_category': '油電燃氣業', 'stock_id': '8917', 'stock_name': '欣泰', 'type': 'tpex', 'date': '2025-09-30'}"
1574,8921,沈氏,其他,tpex,2025-09-30,"{'industry_category': '其他', 'stock_id': '8921', 'stock_name': '沈氏', 'type': 'tpex', 'date': '2025-09-30'}"
1575,8923,時報,文化創意業,tpex,2025-09-30,"{'industry_category': '文化創意業', 'stock_id': '8923', 'stock_name': '時報', 'type': 'tpex', 'date': '2025-09-30'}"
1576,8924,大田,運動休閒類,tpex,2025-09-30,"{'industry_category': '運動休閒類', 'stock_id': '8924', 'stock_name': '大田', 'type': 'tpex', 'date': '2025-09-30'}"
1577,8926,台汽電,油電燃氣業,twse,2025-09-30,"{'industry_category': '油電燃氣業', 'stock_id': '8926', 'stock_name': '台汽電', 'type': 'twse', 'date': '2025-09-30'}"
1578,8927,北基,油電燃氣業,tpex,2025-09-30,"{'industry_category': '油電燃氣業', 'stock_id': '8927', 'stock_name': '北基', 'type': 'tpex', 'date': '2025-09-30'}"
1579,8928,鉅明,運動休閒類,tpex,2025-09-30,"{'industry_category': '運動休閒類', 'stock_id': '8928', 'stock_name': '鉅明', 'type': 'tpex', 'date': '2025-09-30'}"
1580,8929,富堡,其他,tpex,2025-09-30,"{'industry_category': '其他', 'stock_id': '8929', 'stock_name': '富堡', 'type': 'tpex', 'date': '2025-09-30'}"
1581,8930,青鋼,鋼鐵工業,tpex,2025-09-30,"{'industry_category': '鋼鐵工業', 'stock_id': '8930', 'stock_name': '青鋼', 'type': 'tpex', 'date': '2025-09-30'}"
1582,8931,大汽電,油電燃氣業,tpex,2025-09-30,"{'industry_category': '油電燃氣業', 'stock_id': '8931', 'stock_name': '大汽電', 'type': 'tpex', 'date': '2025-09-30'}"
1583,8932,智通*,其他,tpex,2025-09-30,"{'industry_category': '其他', 'stock_id': '8932', 'stock_name': '智通*', 'type': 'tpex', 'date': '2025-09-30'}"
1584,8933,愛地雅,運動休閒類,tpex,2025-09-30,"{'industry_category': '運動休閒類', 'stock_id': '8933', 'stock_name': '愛地雅', 'type': 'tpex', 'date': '2025-09-30'}"
1585,8935,邦泰,其他,tpex,2025-09-30,"{'industry_category': '其他', 'stock_id': '8935', 'stock_name': '邦泰', 'type': 'tpex', 'date': '2025-09-30'}"
1586,8936,國統,其他,tpex,2025-09-30,"{'industry_category': '其他', 'stock_id': '8936', 'stock_name': '國統', 'type': 'tpex', 'date': '2025-09-30'}"
1587,8937,合騏,其他,tpex,2025-09-30,"{'industry_category': '其他', 'stock_id': '8937', 'stock_name': '合騏', 'type': 'tpex', 'date': '2025-09-30'}"
1588,8489,三貝德,其他,tpex,2025-09-30,"{'industry_category': '其他', 'stock_id': '8489', 'stock_name': '三貝德', 'type': 'tpex', 'date': '2025-09-30'}"
1589,8488,吉源-KY,其他,twse,2025-09-30,"{'industry_category': '其他', 'stock_id': '8488', 'stock_name': '吉源-KY', 'type': 'twse', 'date': '2025-09-30'}"
1590,8487,愛爾達-創,數位雲端,twse,2025-09-30,"{'industry_category': '數位雲端', 'stock_id': '8487', 'stock_name': '愛爾達-創', 'type': 'twse', 'date': '2025-09-30'}"
1591,8487,愛爾達-創,創新板股票,twse,2025-09-30,"{'industry_category': '創新板股票', 'stock_id': '8487', 'stock_name': '愛爾達-創', 'type': 'twse', 'date': '2025-09-30'}"
1592,8438,昶昕,綠能環保,twse,2025-09-30,"{'industry_category': '綠能環保', 'stock_id': '8438', 'stock_name': '昶昕', 'type': 'twse', 'date': '2025-09-30'}"
1593,8440,綠電,綠能環保類,tpex,2025-09-30,"{'industry_category': '綠能環保類', 'stock_id': '8440', 'stock_name': '綠電', 'type': 'tpex', 'date': '2025-09-30'}"
1594,8442,威宏-KY,其他,twse,2025-09-30,"{'industry_category': '其他', 'stock_id': '8442', 'stock_name': '威宏-KY', 'type': 'twse', 'date': '2025-09-30'}"
1595,8443,阿瘦,貿易百貨,twse,2025-09-30,"{'industry_category': '貿易百貨', 'stock_id': '8443', 'stock_name': '阿瘦', 'type': 'twse', 'date': '2025-09-30'}"
1596,8444,綠河-KY,其他,tpex,2025-09-30,"{'industry_category': '其他', 'stock_id': '8444', 'stock_name': '綠河-KY', 'type': 'tpex', 'date': '2025-09-30'}"
1597,8446,華研,文化創意業,tpex,2025-09-30,"{'industry_category': '文化創意業', 'stock_id': '8446', 'stock_name': '華研', 'type': 'tpex', 'date': '2025-09-30'}"
1598,8450,霹靂,文化創意業,tpex,2025-09-30,"{'industry_category': '文化創意業', 'stock_id': '8450', 'stock_name': '霹靂', 'type': 'tpex', 'date': '2025-09-30'}"
1599,8454,富邦媒,數位雲端,twse,2025-09-30,"{'industry_category': '數位雲端', 'stock_id': '8454', 'stock_name': '富邦媒', 'type': 'twse', 'date': '2025-09-30'}"
1600,8455,大拓-KY,其他電子類,tpex,2025-09-30,"{'industry_category': '其他電子類', 'stock_id': '8455', 'stock_name': '大拓-KY', 'type': 'tpex', 'date': '2025-09-30'}"
1601,8458,影一,文化創意業,emerging,2025-09-30,"{'industry_category': '文化創意業', 'stock_id': '8458', 'stock_name': '影一', 'type': 'emerging', 'date': '2025-09-30'}"
1602,8938,明安,運動休閒類,tpex,2025-09-30,"{'industry_category': '運動休閒類', 'stock_id': '8938', 'stock_name': '明安', 'type': 'tpex', 'date': '2025-09-30'}"
1603,8462,柏文,運動休閒,twse,2025-09-30,"{'industry_category': '運動休閒', 'stock_id': '8462', 'stock_name': '柏文', 'type': 'twse', 'date': '2025-09-30'}"
1604,8464,億豐,居家生活,twse,2025-09-30,"{'industry_category': '居家生活', 'stock_id': '8464', 'stock_name': '億豐', 'type': 'twse', 'date': '2025-09-30'}"
1605,8466,美吉吉-KY,其他,twse,2025-09-30,"{'industry_category': '其他', 'stock_id': '8466', 'stock_name': '美吉吉-KY', 'type': 'twse', 'date': '2025-09-30'}"
1606,8467,波力-KY,運動休閒,twse,2025-09-30,"{'industry_category': '運動休閒', 'stock_id': '8467', 'stock_name': '波力-KY', 'type': 'twse', 'date': '2025-09-30'}"
1607,8472,夠麻吉,數位雲端類,tpex,2025-09-30,"{'industry_category': '數位雲端類', 'stock_id': '8472', 'stock_name': '夠麻吉', 'type': 'tpex', 'date': '2025-09-30'}"
1608,8473,山林水,綠能環保,twse,2025-09-30,"{'industry_category': '綠能環保', 'stock_id': '8473', 'stock_name': '山林水', 'type': 'twse', 'date': '2025-09-30'}"
1609,8476,台境*,綠能環保,twse,2025-09-30,"{'industry_category': '綠能環保', 'stock_id': '8476', 'stock_name': '台境*', 'type': 'twse', 'date': '2025-09-30'}"
1610,8477,創業家,數位雲端類,tpex,2025-09-30,"{'industry_category': '數位雲端類', 'stock_id': '8477', 'stock_name': '創業家', 'type': 'tpex', 'date': '2025-09-30'}"
1611,8478,東哥遊艇,運動休閒,twse,2025-09-30,"{'industry_category': '運動休閒', 'stock_id': '8478', 'stock_name': '東哥遊艇', 'type': 'twse', 'date': '2025-09-30'}"
1612,8481,政伸,其他,twse,2025-09-30,"{'industry_category': '其他', 'stock_id': '8481', 'stock_name': '政伸', 'type': 'twse', 'date': '2025-09-30'}"
1613,8482,商億-KY,居家生活,twse,2025-09-30,"{'industry_category': '居家生活', 'stock_id': '8482', 'stock_name': '商億-KY', 'type': 'twse', 'date': '2025-09-30'}"
1614,8463,潤泰材,其他,twse,2025-09-30,"{'industry_category': '其他', 'stock_id': '8463', 'stock_name': '潤泰材', 'type': 'twse', 'date': '2025-09-30'}"
1615,8437,大地-KY,其他,tpex,2025-09-30,"{'industry_category': '其他', 'stock_id': '8437', 'stock_name': '大地-KY', 'type': 'tpex', 'date': '2025-09-30'}"
1616,8940,新天地,觀光餐旅,twse,2025-09-30,"{'industry_category': '觀光餐旅', 'stock_id': '8940', 'stock_name': '新天地', 'type': 'twse', 'date': '2025-09-30'}"
1617,8942,森鉅,其他,tpex,2025-09-30,"{'industry_category': '其他', 'stock_id': '8942', 'stock_name': '森鉅', 'type': 'tpex', 'date': '2025-09-30'}"
1618,9934,成霖,居家生活,twse,2025-09-30,"{'industry_category': '居家生活', 'stock_id': '9934', 'stock_name': '成霖', 'type': 'twse', 'date': '2025-09-30'}"
1619,9935,慶豐富,居家生活,twse,2025-09-30,"{'industry_category': '居家生活', 'stock_id': '9935', 'stock_name': '慶豐富', 'type': 'twse', 'date': '2025-09-30'}"
1620,9937,全國,油電燃氣業,twse,2025-09-30,"{'industry_category': '油電燃氣業', 'stock_id': '9937', 'stock_name': '全國', 'type': 'twse', 'date': '2025-09-30'}"
1621,9938,百和,其他,twse,2025-09-30,"{'industry_category': '其他', 'stock_id': '9938', 'stock_name': '百和', 'type': 'twse', 'date': '2025-09-30'}"
1622,9939,宏全,其他,twse,2025-09-30,"{'industry_category': '其他', 'stock_id': '9939', 'stock_name': '宏全', 'type': 'twse', 'date': '2025-09-30'}"
1623,9940,信義,其他,twse,2025-09-30,"{'industry_category': '其他', 'stock_id': '9940', 'stock_name': '信義', 'type': 'twse', 'date': '2025-09-30'}"
1624,9941,裕融,其他,twse,2025-09-30,"{'industry_category': '其他', 'stock_id': '9941', 'stock_name': '裕融', 'type': 'twse', 'date': '2025-09-30'}"
1625,9941A,裕融甲特,其他,twse,2025-09-30,"{'industry_category': '其他', 'stock_id': '9941A', 'stock_name': '裕融甲特', 'type': 'twse', 'date': '2025-09-30'}"
1626,9942,茂順,其他,twse,2025-09-30,"{'industry_category': '其他', 'stock_id': '9942', 'stock_name': '茂順', 'type': 'twse', 'date': '2025-09-30'}"
1627,9943,好樂迪,觀光餐旅,twse,2025-09-30,"{'industry_category': '觀光餐旅', 'stock_id': '9943', 'stock_name': '好樂迪', 'type': 'twse', 'date': '2025-09-30'}"
1628,9944,新麗,其他,twse,2025-09-30,"{'industry_category': '其他', 'stock_id': '9944', 'stock_name': '新麗', 'type': 'twse', 'date': '2025-09-30'}"
1629,9945,潤泰新,其他,twse,2025-09-30,"{'industry_category': '其他', 'stock_id': '9945', 'stock_name': '潤泰新', 'type': 'twse', 'date': '2025-09-30'}"
1630,9946,三發地產,建材營造,twse,2025-09-30,"{'industry_category': '建材營造', 'stock_id': '9946', 'stock_name': '三發地產', 'type': 'twse', 'date': '2025-09-30'}"
1631,9949,琉園,文化創意業,tpex,2025-09-30,"{'industry_category': '文化創意業', 'stock_id': '9949', 'stock_name': '琉園', 'type': 'tpex', 'date': '2025-09-30'}"
1632,9950,萬國通,塑膠工業,tpex,2025-09-30,"{'industry_category': '塑膠工業', 'stock_id': '9950', 'stock_name': '萬國通', 'type': 'tpex', 'date': '2025-09-30'}"
1633,9951,皇田,電機機械,tpex,2025-09-30,"{'industry_category': '電機機械', 'stock_id': '9951', 'stock_name': '皇田', 'type': 'tpex', 'date': '2025-09-30'}"
1634,9955,佳龍,綠能環保,twse,2025-09-30,"{'industry_category': '綠能環保', 'stock_id': '9955', 'stock_name': '佳龍', 'type': 'twse', 'date': '2025-09-30'}"
1635,9957,燁聯,鋼鐵工業,emerging,2025-09-30,"{'industry_category': '鋼鐵工業', 'stock_id': '9957', 'stock_name': '燁聯', 'type': 'emerging', 'date': '2025-09-30'}"
1636,9958,世紀鋼,鋼鐵工業,twse,2025-09-30,"{'industry_category': '鋼鐵工業', 'stock_id': '9958', 'stock_name': '世紀鋼', 'type': 'twse', 'date': '2025-09-30'}"
1637,9960,邁達康,運動休閒類,tpex,2025-09-30,"{'industry_category': '運動休閒類', 'stock_id': '9960', 'stock_name': '邁達康', 'type': 'tpex', 'date': '2025-09-30'}"
1638,9962,有益,鋼鐵工業,tpex,2025-09-30,"{'industry_category': '鋼鐵工業', 'stock_id': '9962', 'stock_name': '有益', 'type': 'tpex', 'date': '2025-09-30'}"
1639,9933,中鼎,其他,twse,2025-09-30,"{'industry_category': '其他', 'stock_id': '9933', 'stock_name': '中鼎', 'type': 'twse', 'date': '2025-09-30'}"
1640,9931,欣高,油電燃氣業,twse,2025-09-30,"{'industry_category': '油電燃氣業', 'stock_id': '9931', 'stock_name': '欣高', 'type': 'twse', 'date': '2025-09-30'}"
1641,9930,中聯資源,綠能環保,twse,2025-09-30,"{'industry_category': '綠能環保', 'stock_id': '9930', 'stock_name': '中聯資源', 'type': 'twse', 'date': '2025-09-30'}"
1642,9929,秋雨,其他,twse,2025-09-30,"{'industry_category': '其他', 'stock_id': '9929', 'stock_name': '秋雨', 'type': 'twse', 'date': '2025-09-30'}"
1643,8996,高力,電機機械,twse,2025-09-30,"{'industry_category': '電機機械', 'stock_id': '8996', 'stock_name': '高力', 'type': 'twse', 'date': '2025-09-30'}"
1644,8999,台灣積層,其他,emerging,2025-09-30,"{'industry_category': '其他', 'stock_id': '8999', 'stock_name': '台灣積層', 'type': 'emerging', 'date': '2025-09-30'}"
1645,9802,鈺齊-KY,運動休閒,twse,2025-09-30,"{'industry_category': '運動休閒', 'stock_id': '9802', 'stock_name': '鈺齊-KY', 'type': 'twse', 'date': '2025-09-30'}"
1646,9902,台火,其他,twse,2025-09-30,"{'industry_category': '其他', 'stock_id': '9902', 'stock_name': '台火', 'type': 'twse', 'date': '2025-09-30'}"
1647,9904,寶成,運動休閒,twse,2025-09-30,"{'industry_category': '運動休閒', 'stock_id': '9904', 'stock_name': '寶成', 'type': 'twse', 'date': '2025-09-30'}"
1648,9905,大華,其他,twse,2025-09-30,"{'industry_category': '其他', 'stock_id': '9905', 'stock_name': '大華', 'type': 'twse', 'date': '2025-09-30'}"
1649,9906,欣巴巴,建材營造,twse,2025-09-30,"{'industry_category': '建材營造', 'stock_id': '9906', 'stock_name': '欣巴巴', 'type': 'twse', 'date': '2025-09-30'}"
1650,9907,統一實,其他,twse,2025-09-30,"{'industry_category': '其他', 'stock_id': '9907', 'stock_name': '統一實', 'type': 'twse', 'date': '2025-09-30'}"
1651,9908,大台北,油電燃氣業,twse,2025-09-30,"{'industry_category': '油電燃氣業', 'stock_id': '9908', 'stock_name': '大台北', 'type': 'twse', 'date': '2025-09-30'}"
1652,9910,豐泰,運動休閒,twse,2025-09-30,"{'industry_category': '運動休閒', 'stock_id': '9910', 'stock_name': '豐泰', 'type': 'twse', 'date': '2025-09-30'}"
1653,8941,關中,居家生活類,tpex,2025-09-30,"{'industry_category': '居家生活類', 'stock_id': '8941', 'stock_name': '關中', 'type': 'tpex', 'date': '2025-09-30'}"
1654,9911,櫻花,居家生活,twse,2025-09-30,"{'industry_category': '居家生活', 'stock_id': '9911', 'stock_name': '櫻花', 'type': 'twse', 'date': '2025-09-30'}"
1655,9912,偉聯,電腦及週邊設備業,twse,2025-09-30,"{'industry_category': '電腦及週邊設備業', 'stock_id': '9912', 'stock_name': '偉聯', 'type': 'twse', 'date': '2025-09-30'}"
1656,9914,美利達,運動休閒,twse,2025-09-30,"{'industry_category': '運動休閒', 'stock_id': '9914', 'stock_name': '美利達', 'type': 'twse', 'date': '2025-09-30'}"
1657,9917,中保科,其他,twse,2025-09-30,"{'industry_category': '其他', 'stock_id': '9917', 'stock_name': '中保科', 'type': 'twse', 'date': '2025-09-30'}"
1658,9918,欣天然,油電燃氣業,twse,2025-09-30,"{'industry_category': '油電燃氣業', 'stock_id': '9918', 'stock_name': '欣天然', 'type': 'twse', 'date': '2025-09-30'}"
1659,9919,康那香,其他,twse,2025-09-30,"{'industry_category': '其他', 'stock_id': '9919', 'stock_name': '康那香', 'type': 'twse', 'date': '2025-09-30'}"
1660,9921,巨大,運動休閒,twse,2025-09-30,"{'industry_category': '運動休閒', 'stock_id': '9921', 'stock_name': '巨大', 'type': 'twse', 'date': '2025-09-30'}"
1661,9925,新保,其他,twse,2025-09-30,"{'industry_category': '其他', 'stock_id': '9925', 'stock_name': '新保', 'type': 'twse', 'date': '2025-09-30'}"
1662,9926,新海,油電燃氣業,twse,2025-09-30,"{'industry_category': '油電燃氣業', 'stock_id': '9926', 'stock_name': '新海', 'type': 'twse', 'date': '2025-09-30'}"
1663,9927,泰銘,其他,twse,2025-09-30,"{'industry_category': '其他', 'stock_id': '9927', 'stock_name': '泰銘', 'type': 'twse', 'date': '2025-09-30'}"
1664,9928,中視,其他,twse,2025-09-30,"{'industry_category': '其他', 'stock_id': '9928', 'stock_name': '中視', 'type': 'twse', 'date': '2025-09-30'}"
1665,9912,偉聯,電子工業,twse,2025-09-30,"{'industry_category': '電子工業', 'stock_id': '9912', 'stock_name': '偉聯', 'type': 'twse', 'date': '2025-09-30'}"
1666,8436,大江,生技醫療業,tpex,2025-09-30,"{'industry_category': '生技醫療業', 'stock_id': '8436', 'stock_name': '大江', 'type': 'tpex', 'date': '2025-09-30'}"
1667,8435,鉅邁,其他,tpex,2025-09-30,"{'industry_category': '其他', 'stock_id': '8435', 'stock_name': '鉅邁', 'type': 'tpex', 'date': '2025-09-30'}"
1668,8433,弘帆,居家生活類,tpex,2025-09-30,"{'industry_category': '居家生活類', 'stock_id': '8433', 'stock_name': '弘帆', 'type': 'tpex', 'date': '2025-09-30'}"
1669,8114,振樺電,電腦及週邊設備業,twse,2025-09-30,"{'industry_category': '電腦及週邊設備業', 'stock_id': '8114', 'stock_name': '振樺電', 'type': 'twse', 'date': '2025-09-30'}"
1670,8119,公信,電腦及週邊設備業,emerging,2025-09-30,"{'industry_category': '電腦及週邊設備業', 'stock_id': '8119', 'stock_name': '公信', 'type': 'emerging', 'date': '2025-09-30'}"
1671,8121,越峰,電子零組件業,tpex,2025-09-30,"{'industry_category': '電子零組件業', 'stock_id': '8121', 'stock_name': '越峰', 'type': 'tpex', 'date': '2025-09-30'}"
1672,8131,福懋科,半導體業,twse,2025-09-30,"{'industry_category': '半導體業', 'stock_id': '8131', 'stock_name': '福懋科', 'type': 'twse', 'date': '2025-09-30'}"
1673,8131,福懋科,電子工業,twse,2025-09-30,"{'industry_category': '電子工業', 'stock_id': '8131', 'stock_name': '福懋科', 'type': 'twse', 'date': '2025-09-30'}"
1674,8147,正淩,電子零組件業,tpex,2025-09-30,"{'industry_category': '電子零組件業', 'stock_id': '8147', 'stock_name': '正淩', 'type': 'tpex', 'date': '2025-09-30'}"
1675,8150,南茂,半導體業,twse,2025-09-30,"{'industry_category': '半導體業', 'stock_id': '8150', 'stock_name': '南茂', 'type': 'twse', 'date': '2025-09-30'}"
1676,8150,南茂,電子工業,twse,2025-09-30,"{'industry_category': '電子工業', 'stock_id': '8150', 'stock_name': '南茂', 'type': 'twse', 'date': '2025-09-30'}"
1677,8155,博智,電子零組件業,tpex,2025-09-30,"{'industry_category': '電子零組件業', 'stock_id': '8155', 'stock_name': '博智', 'type': 'tpex', 'date': '2025-09-30'}"
1678,8162,微矽電子-創,創新板股票,twse,2025-09-30,"{'industry_category': '創新板股票', 'stock_id': '8162', 'stock_name': '微矽電子-創', 'type': 'twse', 'date': '2025-09-30'}"
1679,8162,微矽電子-創,半導體業,twse,2025-09-30,"{'industry_category': '半導體業', 'stock_id': '8162', 'stock_name': '微矽電子-創', 'type': 'twse', 'date': '2025-09-30'}"
1680,8162,微矽電子-創,電子工業,twse,2025-09-30,"{'industry_category': '電子工業', 'stock_id': '8162', 'stock_name': '微矽電子-創', 'type': 'twse', 'date': '2025-09-30'}"
1681,8163,達方,電子工業,twse,2025-09-30,"{'industry_category': '電子工業', 'stock_id': '8163', 'stock_name': '達方', 'type': 'twse', 'date': '2025-09-30'}"
1682,8163,達方,電腦及週邊設備業,twse,2025-09-30,"{'industry_category': '電腦及週邊設備業', 'stock_id': '8163', 'stock_name': '達方', 'type': 'twse', 'date': '2025-09-30'}"
1683,8171,天宇,綠能環保類,tpex,2025-09-30,"{'industry_category': '綠能環保類', 'stock_id': '8171', 'stock_name': '天宇', 'type': 'tpex', 'date': '2025-09-30'}"
1684,8176,智捷,通信網路業,tpex,2025-09-30,"{'industry_category': '通信網路業', 'stock_id': '8176', 'stock_name': '智捷', 'type': 'tpex', 'date': '2025-09-30'}"
1685,8182,加高,電子零組件業,tpex,2025-09-30,"{'industry_category': '電子零組件業', 'stock_id': '8182', 'stock_name': '加高', 'type': 'tpex', 'date': '2025-09-30'}"
1686,8183,精星,其他電子類,tpex,2025-09-30,"{'industry_category': '其他電子類', 'stock_id': '8183', 'stock_name': '精星', 'type': 'tpex', 'date': '2025-09-30'}"
1687,8201,無敵,其他電子業,twse,2025-09-30,"{'industry_category': '其他電子業', 'stock_id': '8201', 'stock_name': '無敵', 'type': 'twse', 'date': '2025-09-30'}"
1688,8201,無敵,電子工業,twse,2025-09-30,"{'industry_category': '電子工業', 'stock_id': '8201', 'stock_name': '無敵', 'type': 'twse', 'date': '2025-09-30'}"
1689,8210,勤誠,電子工業,twse,2025-09-30,"{'industry_category': '電子工業', 'stock_id': '8210', 'stock_name': '勤誠', 'type': 'twse', 'date': '2025-09-30'}"
1690,8114,振樺電,電子工業,twse,2025-09-30,"{'industry_category': '電子工業', 'stock_id': '8114', 'stock_name': '振樺電', 'type': 'twse', 'date': '2025-09-30'}"
1691,8112A,至上甲特,電子通路業,twse,2025-09-30,"{'industry_category': '電子通路業', 'stock_id': '8112A', 'stock_name': '至上甲特', 'type': 'twse', 'date': '2025-09-30'}"
1692,8112A,至上甲特,電子工業,twse,2025-09-30,"{'industry_category': '電子工業', 'stock_id': '8112A', 'stock_name': '至上甲特', 'type': 'twse', 'date': '2025-09-30'}"
1693,8112,至上,電子通路業,twse,2025-09-30,"{'industry_category': '電子通路業', 'stock_id': '8112', 'stock_name': '至上', 'type': 'twse', 'date': '2025-09-30'}"
1694,8091,翔名,半導體業,tpex,2025-09-30,"{'industry_category': '半導體業', 'stock_id': '8091', 'stock_name': '翔名', 'type': 'tpex', 'date': '2025-09-30'}"
1695,8092,建暐,其他電子類,tpex,2025-09-30,"{'industry_category': '其他電子類', 'stock_id': '8092', 'stock_name': '建暐', 'type': 'tpex', 'date': '2025-09-30'}"
1696,8093,保銳,電子零組件業,tpex,2025-09-30,"{'industry_category': '電子零組件業', 'stock_id': '8093', 'stock_name': '保銳', 'type': 'tpex', 'date': '2025-09-30'}"
1697,8096,擎亞,電子通路業,tpex,2025-09-30,"{'industry_category': '電子通路業', 'stock_id': '8096', 'stock_name': '擎亞', 'type': 'tpex', 'date': '2025-09-30'}"
1698,8097,常珵,通信網路業,tpex,2025-09-30,"{'industry_category': '通信網路業', 'stock_id': '8097', 'stock_name': '常珵', 'type': 'tpex', 'date': '2025-09-30'}"
1699,8098,慶康科技,半導體業,emerging,2025-09-30,"{'industry_category': '半導體業', 'stock_id': '8098', 'stock_name': '慶康科技', 'type': 'emerging', 'date': '2025-09-30'}"
1700,8099,大世科,資訊服務業,tpex,2025-09-30,"{'industry_category': '資訊服務業', 'stock_id': '8099', 'stock_name': '大世科', 'type': 'tpex', 'date': '2025-09-30'}"
1701,8101,華冠,通信網路業,twse,2025-09-30,"{'industry_category': '通信網路業', 'stock_id': '8101', 'stock_name': '華冠', 'type': 'twse', 'date': '2025-09-30'}"
1702,8101,華冠,電子工業,twse,2025-09-30,"{'industry_category': '電子工業', 'stock_id': '8101', 'stock_name': '華冠', 'type': 'twse', 'date': '2025-09-30'}"
1703,8102,傑霖科技,半導體業,emerging,2025-09-30,"{'industry_category': '半導體業', 'stock_id': '8102', 'stock_name': '傑霖科技', 'type': 'emerging', 'date': '2025-09-30'}"
1704,8210,勤誠,電腦及週邊設備業,twse,2025-09-30,"{'industry_category': '電腦及週邊設備業', 'stock_id': '8210', 'stock_name': '勤誠', 'type': 'twse', 'date': '2025-09-30'}"
1705,8103,瀚荃,電子工業,twse,2025-09-30,"{'industry_category': '電子工業', 'stock_id': '8103', 'stock_name': '瀚荃', 'type': 'twse', 'date': '2025-09-30'}"
1706,8104,錸寶,光電業,twse,2025-09-30,"{'industry_category': '光電業', 'stock_id': '8104', 'stock_name': '錸寶', 'type': 'twse', 'date': '2025-09-30'}"
1707,8104,錸寶,電子工業,twse,2025-09-30,"{'industry_category': '電子工業', 'stock_id': '8104', 'stock_name': '錸寶', 'type': 'twse', 'date': '2025-09-30'}"
1708,8105,凌巨,光電業,twse,2025-09-30,"{'industry_category': '光電業', 'stock_id': '8105', 'stock_name': '凌巨', 'type': 'twse', 'date': '2025-09-30'}"
1709,8105,凌巨,電子工業,twse,2025-09-30,"{'industry_category': '電子工業', 'stock_id': '8105', 'stock_name': '凌巨', 'type': 'twse', 'date': '2025-09-30'}"
1710,8107,大億金茂,電機機械,tpex,2025-09-30,"{'industry_category': '電機機械', 'stock_id': '8107', 'stock_name': '大億金茂', 'type': 'tpex', 'date': '2025-09-30'}"
1711,8109,博大,電子零組件業,tpex,2025-09-30,"{'industry_category': '電子零組件業', 'stock_id': '8109', 'stock_name': '博大', 'type': 'tpex', 'date': '2025-09-30'}"
1712,8110,華東,半導體業,twse,2025-09-30,"{'industry_category': '半導體業', 'stock_id': '8110', 'stock_name': '華東', 'type': 'twse', 'date': '2025-09-30'}"
1713,8110,華東,電子工業,twse,2025-09-30,"{'industry_category': '電子工業', 'stock_id': '8110', 'stock_name': '華東', 'type': 'twse', 'date': '2025-09-30'}"
1714,8111,立碁,光電業,tpex,2025-09-30,"{'industry_category': '光電業', 'stock_id': '8111', 'stock_name': '立碁', 'type': 'tpex', 'date': '2025-09-30'}"
1715,8112,至上,電子工業,twse,2025-09-30,"{'industry_category': '電子工業', 'stock_id': '8112', 'stock_name': '至上', 'type': 'twse', 'date': '2025-09-30'}"
1716,8103,瀚荃,電子零組件業,twse,2025-09-30,"{'industry_category': '電子零組件業', 'stock_id': '8103', 'stock_name': '瀚荃', 'type': 'twse', 'date': '2025-09-30'}"
1717,8213,志超,電子工業,twse,2025-09-30,"{'industry_category': '電子工業', 'stock_id': '8213', 'stock_name': '志超', 'type': 'twse', 'date': '2025-09-30'}"
1718,8213,志超,電子零組件業,twse,2025-09-30,"{'industry_category': '電子零組件業', 'stock_id': '8213', 'stock_name': '志超', 'type': 'twse', 'date': '2025-09-30'}"
1719,8215,明基材,光電業,twse,2025-09-30,"{'industry_category': '光電業', 'stock_id': '8215', 'stock_name': '明基材', 'type': 'twse', 'date': '2025-09-30'}"
1720,8358,金居,電子零組件業,tpex,2025-09-30,"{'industry_category': '電子零組件業', 'stock_id': '8358', 'stock_name': '金居', 'type': 'tpex', 'date': '2025-09-30'}"
1721,8359,錢櫃,觀光餐旅,emerging,2025-09-30,"{'industry_category': '觀光餐旅', 'stock_id': '8359', 'stock_name': '錢櫃', 'type': 'emerging', 'date': '2025-09-30'}"
1722,8367,建新國際,航運業,twse,2025-09-30,"{'industry_category': '航運業', 'stock_id': '8367', 'stock_name': '建新國際', 'type': 'twse', 'date': '2025-09-30'}"
1723,8374,羅昇,電機機械,twse,2025-09-30,"{'industry_category': '電機機械', 'stock_id': '8374', 'stock_name': '羅昇', 'type': 'twse', 'date': '2025-09-30'}"
1724,8383,千附,半導體業,tpex,2025-09-30,"{'industry_category': '半導體業', 'stock_id': '8383', 'stock_name': '千附', 'type': 'tpex', 'date': '2025-09-30'}"
1725,8390,金益鼎,綠能環保類,tpex,2025-09-30,"{'industry_category': '綠能環保類', 'stock_id': '8390', 'stock_name': '金益鼎', 'type': 'tpex', 'date': '2025-09-30'}"
1726,8401,白紗科,其他,tpex,2025-09-30,"{'industry_category': '其他', 'stock_id': '8401', 'stock_name': '白紗科', 'type': 'tpex', 'date': '2025-09-30'}"
1727,8403,盛弘,生技醫療業,tpex,2025-09-30,"{'industry_category': '生技醫療業', 'stock_id': '8403', 'stock_name': '盛弘', 'type': 'tpex', 'date': '2025-09-30'}"
1728,8404,百和興業-KY,其他,twse,2025-09-30,"{'industry_category': '其他', 'stock_id': '8404', 'stock_name': '百和興業-KY', 'type': 'twse', 'date': '2025-09-30'}"
1729,8409,商之器,生技醫療業,tpex,2025-09-30,"{'industry_category': '生技醫療業', 'stock_id': '8409', 'stock_name': '商之器', 'type': 'tpex', 'date': '2025-09-30'}"
1730,8354,冠好,其他,tpex,2025-09-30,"{'industry_category': '其他', 'stock_id': '8354', 'stock_name': '冠好', 'type': 'tpex', 'date': '2025-09-30'}"
1731,8410,森田,電腦及週邊設備業,tpex,2025-09-30,"{'industry_category': '電腦及週邊設備業', 'stock_id': '8410', 'stock_name': '森田', 'type': 'tpex', 'date': '2025-09-30'}"
1732,8415,大國鋼,鋼鐵工業,tpex,2025-09-30,"{'industry_category': '鋼鐵工業', 'stock_id': '8415', 'stock_name': '大國鋼', 'type': 'tpex', 'date': '2025-09-30'}"
1733,8416,實威,資訊服務業,tpex,2025-09-30,"{'industry_category': '資訊服務業', 'stock_id': '8416', 'stock_name': '實威', 'type': 'tpex', 'date': '2025-09-30'}"
1734,8421,旭源,其他,tpex,2025-09-30,"{'industry_category': '其他', 'stock_id': '8421', 'stock_name': '旭源', 'type': 'tpex', 'date': '2025-09-30'}"
1735,8422,可寧衛,綠能環保,twse,2025-09-30,"{'industry_category': '綠能環保', 'stock_id': '8422', 'stock_name': '可寧衛', 'type': 'twse', 'date': '2025-09-30'}"
1736,8423,保綠-KY,綠能環保類,tpex,2025-09-30,"{'industry_category': '綠能環保類', 'stock_id': '8423', 'stock_name': '保綠-KY', 'type': 'tpex', 'date': '2025-09-30'}"
1737,8424,惠普,建材營造,tpex,2025-09-30,"{'industry_category': '建材營造', 'stock_id': '8424', 'stock_name': '惠普', 'type': 'tpex', 'date': '2025-09-30'}"
1738,8426,紅木-KY,其他,tpex,2025-09-30,"{'industry_category': '其他', 'stock_id': '8426', 'stock_name': '紅木-KY', 'type': 'tpex', 'date': '2025-09-30'}"
1739,8429,金麗-KY,貿易百貨,twse,2025-09-30,"{'industry_category': '貿易百貨', 'stock_id': '8429', 'stock_name': '金麗-KY', 'type': 'twse', 'date': '2025-09-30'}"
1740,8431,匯鑽科,其他電子類,tpex,2025-09-30,"{'industry_category': '其他電子類', 'stock_id': '8431', 'stock_name': '匯鑽科', 'type': 'tpex', 'date': '2025-09-30'}"
1741,8432,東生華,生技醫療業,tpex,2025-09-30,"{'industry_category': '生技醫療業', 'stock_id': '8432', 'stock_name': '東生華', 'type': 'tpex', 'date': '2025-09-30'}"
1742,8411,福貞-KY,其他,twse,2025-09-30,"{'industry_category': '其他', 'stock_id': '8411', 'stock_name': '福貞-KY', 'type': 'twse', 'date': '2025-09-30'}"
1743,7455,樺緯物聯,電腦及週邊設備業,emerging,2025-09-30,"{'industry_category': '電腦及週邊設備業', 'stock_id': '7455', 'stock_name': '樺緯物聯', 'type': 'emerging', 'date': '2025-09-30'}"
1744,8349A,恒耀甲特,鋼鐵工業,tpex,2025-09-30,"{'industry_category': '鋼鐵工業', 'stock_id': '8349A', 'stock_name': '恒耀甲特', 'type': 'tpex', 'date': '2025-09-30'}"
1745,8345,超秦,農業科技,emerging,2025-09-30,"{'industry_category': '農業科技', 'stock_id': '8345', 'stock_name': '超秦', 'type': 'emerging', 'date': '2025-09-30'}"
1746,8215,明基材,電子工業,twse,2025-09-30,"{'industry_category': '電子工業', 'stock_id': '8215', 'stock_name': '明基材', 'type': 'twse', 'date': '2025-09-30'}"
1747,8222,寶一,電機機械,twse,2025-09-30,"{'industry_category': '電機機械', 'stock_id': '8222', 'stock_name': '寶一', 'type': 'twse', 'date': '2025-09-30'}"
1748,8227,巨有科技,半導體業,tpex,2025-09-30,"{'industry_category': '半導體業', 'stock_id': '8227', 'stock_name': '巨有科技', 'type': 'tpex', 'date': '2025-09-30'}"
1749,8234,新漢,電腦及週邊設備業,tpex,2025-09-30,"{'industry_category': '電腦及週邊設備業', 'stock_id': '8234', 'stock_name': '新漢', 'type': 'tpex', 'date': '2025-09-30'}"
1750,8240,華宏,光電業,tpex,2025-09-30,"{'industry_category': '光電業', 'stock_id': '8240', 'stock_name': '華宏', 'type': 'tpex', 'date': '2025-09-30'}"
1751,8249,菱光,電子工業,twse,2025-09-30,"{'industry_category': '電子工業', 'stock_id': '8249', 'stock_name': '菱光', 'type': 'twse', 'date': '2025-09-30'}"
1752,8249,菱光,電子零組件業,twse,2025-09-30,"{'industry_category': '電子零組件業', 'stock_id': '8249', 'stock_name': '菱光', 'type': 'twse', 'date': '2025-09-30'}"
1753,8255,朋程,電機機械,tpex,2025-09-30,"{'industry_category': '電機機械', 'stock_id': '8255', 'stock_name': '朋程', 'type': 'tpex', 'date': '2025-09-30'}"
1754,8261,富鼎,半導體業,twse,2025-09-30,"{'industry_category': '半導體業', 'stock_id': '8261', 'stock_name': '富鼎', 'type': 'twse', 'date': '2025-09-30'}"
1755,8261,富鼎,電子工業,twse,2025-09-30,"{'industry_category': '電子工業', 'stock_id': '8261', 'stock_name': '富鼎', 'type': 'twse', 'date': '2025-09-30'}"
1756,8349,恒耀,鋼鐵工業,tpex,2025-09-30,"{'industry_category': '鋼鐵工業', 'stock_id': '8349', 'stock_name': '恒耀', 'type': 'tpex', 'date': '2025-09-30'}"
1757,8271,宇瞻,半導體業,twse,2025-09-30,"{'industry_category': '半導體業', 'stock_id': '8271', 'stock_name': '宇瞻', 'type': 'twse', 'date': '2025-09-30'}"
1758,8272,全景軟體,資訊服務業,tpex,2025-09-30,"{'industry_category': '資訊服務業', 'stock_id': '8272', 'stock_name': '全景軟體', 'type': 'tpex', 'date': '2025-09-30'}"
1759,8277,商丞,半導體業,tpex,2025-09-30,"{'industry_category': '半導體業', 'stock_id': '8277', 'stock_name': '商丞', 'type': 'tpex', 'date': '2025-09-30'}"
1760,8279,生展,生技醫療業,tpex,2025-09-30,"{'industry_category': '生技醫療業', 'stock_id': '8279', 'stock_name': '生展', 'type': 'tpex', 'date': '2025-09-30'}"
1761,8284,三竹,資訊服務業,tpex,2025-09-30,"{'industry_category': '資訊服務業', 'stock_id': '8284', 'stock_name': '三竹', 'type': 'tpex', 'date': '2025-09-30'}"
1762,8289,泰藝,電子零組件業,tpex,2025-09-30,"{'industry_category': '電子零組件業', 'stock_id': '8289', 'stock_name': '泰藝', 'type': 'tpex', 'date': '2025-09-30'}"
1763,8298,威睿,資訊服務業,emerging,2025-09-30,"{'industry_category': '資訊服務業', 'stock_id': '8298', 'stock_name': '威睿', 'type': 'emerging', 'date': '2025-09-30'}"
1764,8299,群聯,半導體業,tpex,2025-09-30,"{'industry_category': '半導體業', 'stock_id': '8299', 'stock_name': '群聯', 'type': 'tpex', 'date': '2025-09-30'}"
1765,8329,台視,文化創意業,emerging,2025-09-30,"{'industry_category': '文化創意業', 'stock_id': '8329', 'stock_name': '台視', 'type': 'emerging', 'date': '2025-09-30'}"
1766,8341,日友,綠能環保,twse,2025-09-30,"{'industry_category': '綠能環保', 'stock_id': '8341', 'stock_name': '日友', 'type': 'twse', 'date': '2025-09-30'}"
1767,8342,益張,其他,tpex,2025-09-30,"{'industry_category': '其他', 'stock_id': '8342', 'stock_name': '益張', 'type': 'tpex', 'date': '2025-09-30'}"
1768,8271,宇瞻,電子工業,twse,2025-09-30,"{'industry_category': '電子工業', 'stock_id': '8271', 'stock_name': '宇瞻', 'type': 'twse', 'date': '2025-09-30'}"
1769,7443,凡事康,其他,emerging,2025-09-30,"{'industry_category': '其他', 'stock_id': '7443', 'stock_name': '凡事康', 'type': 'emerging', 'date': '2025-09-30'}"
1770,7427,華上生醫,生技醫療業,emerging,2025-09-30,"{'industry_category': '生技醫療業', 'stock_id': '7427', 'stock_name': '華上生醫', 'type': 'emerging', 'date': '2025-09-30'}"
1771,7419,達勝,電子零組件業,emerging,2025-09-30,"{'industry_category': '電子零組件業', 'stock_id': '7419', 'stock_name': '達勝', 'type': 'emerging', 'date': '2025-09-30'}"
1772,6693,廣閎科,半導體業,tpex,2025-09-30,"{'industry_category': '半導體業', 'stock_id': '6693', 'stock_name': '廣閎科', 'type': 'tpex', 'date': '2025-09-30'}"
1773,6695,芯鼎,半導體業,twse,2025-09-30,"{'industry_category': '半導體業', 'stock_id': '6695', 'stock_name': '芯鼎', 'type': 'twse', 'date': '2025-09-30'}"
1774,6695,芯鼎,電子工業,twse,2025-09-30,"{'industry_category': '電子工業', 'stock_id': '6695', 'stock_name': '芯鼎', 'type': 'twse', 'date': '2025-09-30'}"
1775,6696,仁新,生技醫療業,emerging,2025-09-30,"{'industry_category': '生技醫療業', 'stock_id': '6696', 'stock_name': '仁新', 'type': 'emerging', 'date': '2025-09-30'}"
1776,6697,東捷資訊,資訊服務業,tpex,2025-09-30,"{'industry_category': '資訊服務業', 'stock_id': '6697', 'stock_name': '東捷資訊', 'type': 'tpex', 'date': '2025-09-30'}"
1777,6698,旭暉應材,其他電子業,twse,2025-09-30,"{'industry_category': '其他電子業', 'stock_id': '6698', 'stock_name': '旭暉應材', 'type': 'twse', 'date': '2025-09-30'}"
1778,6698,旭暉應材,電子工業,twse,2025-09-30,"{'industry_category': '電子工業', 'stock_id': '6698', 'stock_name': '旭暉應材', 'type': 'twse', 'date': '2025-09-30'}"
1779,6699,奇邑,半導體業,emerging,2025-09-30,"{'industry_category': '半導體業', 'stock_id': '6699', 'stock_name': '奇邑', 'type': 'emerging', 'date': '2025-09-30'}"
1780,6703,軒郁,生技醫療業,tpex,2025-09-30,"{'industry_category': '生技醫療業', 'stock_id': '6703', 'stock_name': '軒郁', 'type': 'tpex', 'date': '2025-09-30'}"
1781,6704,國璽幹細胞,生技醫療業,emerging,2025-09-30,"{'industry_category': '生技醫療業', 'stock_id': '6704', 'stock_name': '國璽幹細胞', 'type': 'emerging', 'date': '2025-09-30'}"
1782,6705,振躍精密,電機機械,emerging,2025-09-30,"{'industry_category': '電機機械', 'stock_id': '6705', 'stock_name': '振躍精密', 'type': 'emerging', 'date': '2025-09-30'}"
1783,6706,惠特,光電業,twse,2025-09-30,"{'industry_category': '光電業', 'stock_id': '6706', 'stock_name': '惠特', 'type': 'twse', 'date': '2025-09-30'}"
1784,6706,惠特,電子工業,twse,2025-09-30,"{'industry_category': '電子工業', 'stock_id': '6706', 'stock_name': '惠特', 'type': 'twse', 'date': '2025-09-30'}"
1785,6707,富基電通,電子通路業,emerging,2025-09-30,"{'industry_category': '電子通路業', 'stock_id': '6707', 'stock_name': '富基電通', 'type': 'emerging', 'date': '2025-09-30'}"
1786,6708,天擎,半導體業,tpex,2025-09-30,"{'industry_category': '半導體業', 'stock_id': '6708', 'stock_name': '天擎', 'type': 'tpex', 'date': '2025-09-30'}"
1787,6709,昱厚生技,生技醫療業,emerging,2025-09-30,"{'industry_category': '生技醫療業', 'stock_id': '6709', 'stock_name': '昱厚生技', 'type': 'emerging', 'date': '2025-09-30'}"
1788,6712,長聖,生技醫療業,tpex,2025-09-30,"{'industry_category': '生技醫療業', 'stock_id': '6712', 'stock_name': '長聖', 'type': 'tpex', 'date': '2025-09-30'}"
1789,6715,嘉基,電子工業,twse,2025-09-30,"{'industry_category': '電子工業', 'stock_id': '6715', 'stock_name': '嘉基', 'type': 'twse', 'date': '2025-09-30'}"
1790,6715,嘉基,電子零組件業,twse,2025-09-30,"{'industry_category': '電子零組件業', 'stock_id': '6715', 'stock_name': '嘉基', 'type': 'twse', 'date': '2025-09-30'}"
1791,6716,應廣,半導體業,tpex,2025-09-30,"{'industry_category': '半導體業', 'stock_id': '6716', 'stock_name': '應廣', 'type': 'tpex', 'date': '2025-09-30'}"
1792,6719,力智,半導體業,twse,2025-09-30,"{'industry_category': '半導體業', 'stock_id': '6719', 'stock_name': '力智', 'type': 'twse', 'date': '2025-09-30'}"
1793,6692,進能服,綠能環保類,tpex,2025-09-30,"{'industry_category': '綠能環保類', 'stock_id': '6692', 'stock_name': '進能服', 'type': 'tpex', 'date': '2025-09-30'}"
1794,6691,洋基工程,電子工業,twse,2025-09-30,"{'industry_category': '電子工業', 'stock_id': '6691', 'stock_name': '洋基工程', 'type': 'twse', 'date': '2025-09-30'}"
1795,6691,洋基工程,其他電子業,twse,2025-09-30,"{'industry_category': '其他電子業', 'stock_id': '6691', 'stock_name': '洋基工程', 'type': 'twse', 'date': '2025-09-30'}"
1796,6690,安碁資訊,數位雲端類,tpex,2025-09-30,"{'industry_category': '數位雲端類', 'stock_id': '6690', 'stock_name': '安碁資訊', 'type': 'tpex', 'date': '2025-09-30'}"
1797,6666,羅麗芬-KY,化學生技醫療,twse,2025-09-30,"{'industry_category': '化學生技醫療', 'stock_id': '6666', 'stock_name': '羅麗芬-KY', 'type': 'twse', 'date': '2025-09-30'}"
1798,6666,羅麗芬-KY,生技醫療業,twse,2025-09-30,"{'industry_category': '生技醫療業', 'stock_id': '6666', 'stock_name': '羅麗芬-KY', 'type': 'twse', 'date': '2025-09-30'}"
1799,6667,信紘科,其他電子類,tpex,2025-09-30,"{'industry_category': '其他電子類', 'stock_id': '6667', 'stock_name': '信紘科', 'type': 'tpex', 'date': '2025-09-30'}"
1800,6668,中揚光,光電業,twse,2025-09-30,"{'industry_category': '光電業', 'stock_id': '6668', 'stock_name': '中揚光', 'type': 'twse', 'date': '2025-09-30'}"
1801,6668,中揚光,電子工業,twse,2025-09-30,"{'industry_category': '電子工業', 'stock_id': '6668', 'stock_name': '中揚光', 'type': 'twse', 'date': '2025-09-30'}"
1802,6669,緯穎,電子工業,twse,2025-09-30,"{'industry_category': '電子工業', 'stock_id': '6669', 'stock_name': '緯穎', 'type': 'twse', 'date': '2025-09-30'}"
1803,6669,緯穎,電腦及週邊設備業,twse,2025-09-30,"{'industry_category': '電腦及週邊設備業', 'stock_id': '6669', 'stock_name': '緯穎', 'type': 'twse', 'date': '2025-09-30'}"
1804,6670,復盛應用,運動休閒,twse,2025-09-30,"{'industry_category': '運動休閒', 'stock_id': '6670', 'stock_name': '復盛應用', 'type': 'twse', 'date': '2025-09-30'}"
1805,6671,三能-KY,居家生活,twse,2025-09-30,"{'industry_category': '居家生活', 'stock_id': '6671', 'stock_name': '三能-KY', 'type': 'twse', 'date': '2025-09-30'}"
1806,6672,騰輝電子-KY,電子工業,twse,2025-09-30,"{'industry_category': '電子工業', 'stock_id': '6672', 'stock_name': '騰輝電子-KY', 'type': 'twse', 'date': '2025-09-30'}"
1807,6719,力智,電子工業,twse,2025-09-30,"{'industry_category': '電子工業', 'stock_id': '6719', 'stock_name': '力智', 'type': 'twse', 'date': '2025-09-30'}"
1808,6672,騰輝電子-KY,電子零組件業,twse,2025-09-30,"{'industry_category': '電子零組件業', 'stock_id': '6672', 'stock_name': '騰輝電子-KY', 'type': 'twse', 'date': '2025-09-30'}"
1809,6674,鋐寶科技,通信網路業,twse,2025-09-30,"{'industry_category': '通信網路業', 'stock_id': '6674', 'stock_name': '鋐寶科技', 'type': 'twse', 'date': '2025-09-30'}"
1810,6674,鋐寶科技,電子工業,twse,2025-09-30,"{'industry_category': '電子工業', 'stock_id': '6674', 'stock_name': '鋐寶科技', 'type': 'twse', 'date': '2025-09-30'}"
1811,6676,祥翊,生技醫療業,emerging,2025-09-30,"{'industry_category': '生技醫療業', 'stock_id': '6676', 'stock_name': '祥翊', 'type': 'emerging', 'date': '2025-09-30'}"
1812,6677,瑩碩生技,生技醫療業,emerging,2025-09-30,"{'industry_category': '生技醫療業', 'stock_id': '6677', 'stock_name': '瑩碩生技', 'type': 'emerging', 'date': '2025-09-30'}"
1813,6679,鈺太,半導體業,tpex,2025-09-30,"{'industry_category': '半導體業', 'stock_id': '6679', 'stock_name': '鈺太', 'type': 'tpex', 'date': '2025-09-30'}"
1814,6680,鑫創電子,電腦及週邊設備業,tpex,2025-09-30,"{'industry_category': '電腦及週邊設備業', 'stock_id': '6680', 'stock_name': '鑫創電子', 'type': 'tpex', 'date': '2025-09-30'}"
1815,6682,華旭先進,光電業,emerging,2025-09-30,"{'industry_category': '光電業', 'stock_id': '6682', 'stock_name': '華旭先進', 'type': 'emerging', 'date': '2025-09-30'}"
1816,6683,雍智科技,半導體業,tpex,2025-09-30,"{'industry_category': '半導體業', 'stock_id': '6683', 'stock_name': '雍智科技', 'type': 'tpex', 'date': '2025-09-30'}"
1817,6684,安格,半導體業,tpex,2025-09-30,"{'industry_category': '半導體業', 'stock_id': '6684', 'stock_name': '安格', 'type': 'tpex', 'date': '2025-09-30'}"
1818,6689,伊雲谷,數位雲端,twse,2025-09-30,"{'industry_category': '數位雲端', 'stock_id': '6689', 'stock_name': '伊雲谷', 'type': 'twse', 'date': '2025-09-30'}"
1819,6673,和詮,光電業,emerging,2025-09-30,"{'industry_category': '光電業', 'stock_id': '6673', 'stock_name': '和詮', 'type': 'emerging', 'date': '2025-09-30'}"
1820,6665,康聯生醫,生技醫療業,emerging,2025-09-30,"{'industry_category': '生技醫療業', 'stock_id': '6665', 'stock_name': '康聯生醫', 'type': 'emerging', 'date': '2025-09-30'}"
1821,6720,久昌,半導體業,tpex,2025-09-30,"{'industry_category': '半導體業', 'stock_id': '6720', 'stock_name': '久昌', 'type': 'tpex', 'date': '2025-09-30'}"
1822,6722,輝創,其他電子業,emerging,2025-09-30,"{'industry_category': '其他電子業', 'stock_id': '6722', 'stock_name': '輝創', 'type': 'emerging', 'date': '2025-09-30'}"
1823,6755,連鋐科技,電子零組件業,emerging,2025-09-30,"{'industry_category': '電子零組件業', 'stock_id': '6755', 'stock_name': '連鋐科技', 'type': 'emerging', 'date': '2025-09-30'}"
1824,6756,威鋒電子,半導體業,twse,2025-09-30,"{'industry_category': '半導體業', 'stock_id': '6756', 'stock_name': '威鋒電子', 'type': 'twse', 'date': '2025-09-30'}"
1825,6756,威鋒電子,電子工業,twse,2025-09-30,"{'industry_category': '電子工業', 'stock_id': '6756', 'stock_name': '威鋒電子', 'type': 'twse', 'date': '2025-09-30'}"
1826,6757,台灣虎航,航運業,twse,2025-09-30,"{'industry_category': '航運業', 'stock_id': '6757', 'stock_name': '台灣虎航', 'type': 'twse', 'date': '2025-09-30'}"
1827,6758,冠亞,生技醫療業,emerging,2025-09-30,"{'industry_category': '生技醫療業', 'stock_id': '6758', 'stock_name': '冠亞', 'type': 'emerging', 'date': '2025-09-30'}"
1828,6761,穩得,電子零組件業,tpex,2025-09-30,"{'industry_category': '電子零組件業', 'stock_id': '6761', 'stock_name': '穩得', 'type': 'tpex', 'date': '2025-09-30'}"
1829,6762,達亞,生技醫療業,tpex,2025-09-30,"{'industry_category': '生技醫療業', 'stock_id': '6762', 'stock_name': '達亞', 'type': 'tpex', 'date': '2025-09-30'}"
1830,6763,綠界科技*,數位雲端類,tpex,2025-09-30,"{'industry_category': '數位雲端類', 'stock_id': '6763', 'stock_name': '綠界科技*', 'type': 'tpex', 'date': '2025-09-30'}"
1831,6764,亞洲教育,其他,emerging,2025-09-30,"{'industry_category': '其他', 'stock_id': '6764', 'stock_name': '亞洲教育', 'type': 'emerging', 'date': '2025-09-30'}"
1832,6767,台微醫,生技醫療業,tpex,2025-09-30,"{'industry_category': '生技醫療業', 'stock_id': '6767', 'stock_name': '台微醫', 'type': 'tpex', 'date': '2025-09-30'}"
1833,6768,志強-KY,運動休閒,twse,2025-09-30,"{'industry_category': '運動休閒', 'stock_id': '6768', 'stock_name': '志強-KY', 'type': 'twse', 'date': '2025-09-30'}"
1834,6770,力積電,半導體業,twse,2025-09-30,"{'industry_category': '半導體業', 'stock_id': '6770', 'stock_name': '力積電', 'type': 'twse', 'date': '2025-09-30'}"
1835,4755,三福化,化學生技醫療,twse,2025-09-30,"{'industry_category': '化學生技醫療', 'stock_id': '4755', 'stock_name': '三福化', 'type': 'twse', 'date': '2025-09-30'}"
1836,6771,平和環保-創,創新板股票,twse,2025-09-30,"{'industry_category': '創新板股票', 'stock_id': '6771', 'stock_name': '平和環保-創', 'type': 'twse', 'date': '2025-09-30'}"
1837,6771,平和環保-創,綠能環保,twse,2025-09-30,"{'industry_category': '綠能環保', 'stock_id': '6771', 'stock_name': '平和環保-創', 'type': 'twse', 'date': '2025-09-30'}"
1838,6775,穎台科技,光電業,emerging,2025-09-30,"{'industry_category': '光電業', 'stock_id': '6775', 'stock_name': '穎台科技', 'type': 'emerging', 'date': '2025-09-30'}"
1839,6776,展碁國際,電子工業,twse,2025-09-30,"{'industry_category': '電子工業', 'stock_id': '6776', 'stock_name': '展碁國際', 'type': 'twse', 'date': '2025-09-30'}"
1840,6776,展碁國際,電子通路業,twse,2025-09-30,"{'industry_category': '電子通路業', 'stock_id': '6776', 'stock_name': '展碁國際', 'type': 'twse', 'date': '2025-09-30'}"
1841,6780,學習王,文化創意業,emerging,2025-09-30,"{'industry_category': '文化創意業', 'stock_id': '6780', 'stock_name': '學習王', 'type': 'emerging', 'date': '2025-09-30'}"
1842,6781,AES-KY,電子工業,twse,2025-09-30,"{'industry_category': '電子工業', 'stock_id': '6781', 'stock_name': 'AES-KY', 'type': 'twse', 'date': '2025-09-30'}"
1843,6781,AES-KY,電子零組件業,twse,2025-09-30,"{'industry_category': '電子零組件業', 'stock_id': '6781', 'stock_name': 'AES-KY', 'type': 'twse', 'date': '2025-09-30'}"
1844,6754,匯僑設計,居家生活,twse,2025-09-30,"{'industry_category': '居家生活', 'stock_id': '6754', 'stock_name': '匯僑設計', 'type': 'twse', 'date': '2025-09-30'}"
1845,6753,龍德造船,航運業,twse,2025-09-30,"{'industry_category': '航運業', 'stock_id': '6753', 'stock_name': '龍德造船', 'type': 'twse', 'date': '2025-09-30'}"
1846,6752,叡揚,資訊服務業,tpex,2025-09-30,"{'industry_category': '資訊服務業', 'stock_id': '6752', 'stock_name': '叡揚', 'type': 'tpex', 'date': '2025-09-30'}"
1847,6751,智聯服務,資訊服務業,tpex,2025-09-30,"{'industry_category': '資訊服務業', 'stock_id': '6751', 'stock_name': '智聯服務', 'type': 'tpex', 'date': '2025-09-30'}"
1848,6723,傑智環境,綠能環保,emerging,2025-09-30,"{'industry_category': '綠能環保', 'stock_id': '6723', 'stock_name': '傑智環境', 'type': 'emerging', 'date': '2025-09-30'}"
1849,6725,矽科宏晟,其他電子業,emerging,2025-09-30,"{'industry_category': '其他電子業', 'stock_id': '6725', 'stock_name': '矽科宏晟', 'type': 'emerging', 'date': '2025-09-30'}"
1850,6727,亞泰金屬,電子零組件業,tpex,2025-09-30,"{'industry_category': '電子零組件業', 'stock_id': '6727', 'stock_name': '亞泰金屬', 'type': 'tpex', 'date': '2025-09-30'}"
1851,6728,上洋,居家生活類,tpex,2025-09-30,"{'industry_category': '居家生活類', 'stock_id': '6728', 'stock_name': '上洋', 'type': 'tpex', 'date': '2025-09-30'}"
1852,6729,機光科技,光電業,emerging,2025-09-30,"{'industry_category': '光電業', 'stock_id': '6729', 'stock_name': '機光科技', 'type': 'emerging', 'date': '2025-09-30'}"
1853,6730,常廣,生技醫療業,emerging,2025-09-30,"{'industry_category': '生技醫療業', 'stock_id': '6730', 'stock_name': '常廣', 'type': 'emerging', 'date': '2025-09-30'}"
1854,6732,昇佳電子,半導體業,tpex,2025-09-30,"{'industry_category': '半導體業', 'stock_id': '6732', 'stock_name': '昇佳電子', 'type': 'tpex', 'date': '2025-09-30'}"
1855,6733,博晟生醫,生技醫療業,tpex,2025-09-30,"{'industry_category': '生技醫療業', 'stock_id': '6733', 'stock_name': '博晟生醫', 'type': 'tpex', 'date': '2025-09-30'}"
1856,6734,安盛生,生技醫療業,emerging,2025-09-30,"{'industry_category': '生技醫療業', 'stock_id': '6734', 'stock_name': '安盛生', 'type': 'emerging', 'date': '2025-09-30'}"
1857,6735,美達科技,其他電子類,tpex,2025-09-30,"{'industry_category': '其他電子類', 'stock_id': '6735', 'stock_name': '美達科技', 'type': 'tpex', 'date': '2025-09-30'}"
1858,6721,信實,其他,tpex,2025-09-30,"{'industry_category': '其他', 'stock_id': '6721', 'stock_name': '信實', 'type': 'tpex', 'date': '2025-09-30'}"
1859,6737,秀育,電腦及週邊設備業,emerging,2025-09-30,"{'industry_category': '電腦及週邊設備業', 'stock_id': '6737', 'stock_name': '秀育', 'type': 'emerging', 'date': '2025-09-30'}"
1860,6739,竹陞科技,其他電子類,tpex,2025-09-30,"{'industry_category': '其他電子類', 'stock_id': '6739', 'stock_name': '竹陞科技', 'type': 'tpex', 'date': '2025-09-30'}"
1861,6741,91APP*-KY,數位雲端類,tpex,2025-09-30,"{'industry_category': '數位雲端類', 'stock_id': '6741', 'stock_name': '91APP*-KY', 'type': 'tpex', 'date': '2025-09-30'}"
1862,6742,澤米,光電業,twse,2025-09-30,"{'industry_category': '光電業', 'stock_id': '6742', 'stock_name': '澤米', 'type': 'twse', 'date': '2025-09-30'}"
1863,6742,澤米,電子工業,twse,2025-09-30,"{'industry_category': '電子工業', 'stock_id': '6742', 'stock_name': '澤米', 'type': 'twse', 'date': '2025-09-30'}"
1864,6743,安普新,其他電子業,twse,2025-09-30,"{'industry_category': '其他電子業', 'stock_id': '6743', 'stock_name': '安普新', 'type': 'twse', 'date': '2025-09-30'}"
1865,6743,安普新,電子工業,twse,2025-09-30,"{'industry_category': '電子工業', 'stock_id': '6743', 'stock_name': '安普新', 'type': 'twse', 'date': '2025-09-30'}"
1866,6744,豐技生技,生技醫療業,emerging,2025-09-30,"{'industry_category': '生技醫療業', 'stock_id': '6744', 'stock_name': '豐技生技', 'type': 'emerging', 'date': '2025-09-30'}"
1867,6747,亨泰光,生技醫療業,tpex,2025-09-30,"{'industry_category': '生技醫療業', 'stock_id': '6747', 'stock_name': '亨泰光', 'type': 'tpex', 'date': '2025-09-30'}"
1868,6748,亞果生醫,生技醫療業,emerging,2025-09-30,"{'industry_category': '生技醫療業', 'stock_id': '6748', 'stock_name': '亞果生醫', 'type': 'emerging', 'date': '2025-09-30'}"
1869,6750,泰創工程,其他電子業,emerging,2025-09-30,"{'industry_category': '其他電子業', 'stock_id': '6750', 'stock_name': '泰創工程', 'type': 'emerging', 'date': '2025-09-30'}"
1870,6738,鼎恒,資訊服務業,emerging,2025-09-30,"{'industry_category': '資訊服務業', 'stock_id': '6738', 'stock_name': '鼎恒', 'type': 'emerging', 'date': '2025-09-30'}"
1871,6664,群翊,電子零組件業,tpex,2025-09-30,"{'industry_category': '電子零組件業', 'stock_id': '6664', 'stock_name': '群翊', 'type': 'tpex', 'date': '2025-09-30'}"
1872,6662,樂斯科,生技醫療業,tpex,2025-09-30,"{'industry_category': '生技醫療業', 'stock_id': '6662', 'stock_name': '樂斯科', 'type': 'tpex', 'date': '2025-09-30'}"
1873,6661,威健生技,生技醫療業,tpex,2025-09-30,"{'industry_category': '生技醫療業', 'stock_id': '6661', 'stock_name': '威健生技', 'type': 'tpex', 'date': '2025-09-30'}"
1874,6570,維田,電腦及週邊設備業,tpex,2025-09-30,"{'industry_category': '電腦及週邊設備業', 'stock_id': '6570', 'stock_name': '維田', 'type': 'tpex', 'date': '2025-09-30'}"
1875,6572,博錸,生技醫療業,emerging,2025-09-30,"{'industry_category': '生技醫療業', 'stock_id': '6572', 'stock_name': '博錸', 'type': 'emerging', 'date': '2025-09-30'}"
1876,6573,虹揚-KY,半導體業,twse,2025-09-30,"{'industry_category': '半導體業', 'stock_id': '6573', 'stock_name': '虹揚-KY', 'type': 'twse', 'date': '2025-09-30'}"
1877,6573,虹揚-KY,電子工業,twse,2025-09-30,"{'industry_category': '電子工業', 'stock_id': '6573', 'stock_name': '虹揚-KY', 'type': 'twse', 'date': '2025-09-30'}"
1878,6574,霈方,生技醫療業,tpex,2025-09-30,"{'industry_category': '生技醫療業', 'stock_id': '6574', 'stock_name': '霈方', 'type': 'tpex', 'date': '2025-09-30'}"
1879,6576,逸達,生技醫療業,tpex,2025-09-30,"{'industry_category': '生技醫療業', 'stock_id': '6576', 'stock_name': '逸達', 'type': 'tpex', 'date': '2025-09-30'}"
1880,6577,勁豐,電腦及週邊設備業,tpex,2025-09-30,"{'industry_category': '電腦及週邊設備業', 'stock_id': '6577', 'stock_name': '勁豐', 'type': 'tpex', 'date': '2025-09-30'}"
1881,6578,達邦蛋白,農業科技業,tpex,2025-09-30,"{'industry_category': '農業科技業', 'stock_id': '6578', 'stock_name': '達邦蛋白', 'type': 'tpex', 'date': '2025-09-30'}"
1882,6579,研揚,電子工業,twse,2025-09-30,"{'industry_category': '電子工業', 'stock_id': '6579', 'stock_name': '研揚', 'type': 'twse', 'date': '2025-09-30'}"
1883,6579,研揚,電腦及週邊設備業,twse,2025-09-30,"{'industry_category': '電腦及週邊設備業', 'stock_id': '6579', 'stock_name': '研揚', 'type': 'twse', 'date': '2025-09-30'}"
1884,6580,台睿,生技醫療業,emerging,2025-09-30,"{'industry_category': '生技醫療業', 'stock_id': '6580', 'stock_name': '台睿', 'type': 'emerging', 'date': '2025-09-30'}"
1885,6581,鋼聯,綠能環保,twse,2025-09-30,"{'industry_category': '綠能環保', 'stock_id': '6581', 'stock_name': '鋼聯', 'type': 'twse', 'date': '2025-09-30'}"
1886,6582,申豐,橡膠工業,twse,2025-09-30,"{'industry_category': '橡膠工業', 'stock_id': '6582', 'stock_name': '申豐', 'type': 'twse', 'date': '2025-09-30'}"
1887,6583,友松,文化創意業,emerging,2025-09-30,"{'industry_category': '文化創意業', 'stock_id': '6583', 'stock_name': '友松', 'type': 'emerging', 'date': '2025-09-30'}"
1888,6584,南俊國際,電子零組件業,tpex,2025-09-30,"{'industry_category': '電子零組件業', 'stock_id': '6584', 'stock_name': '南俊國際', 'type': 'tpex', 'date': '2025-09-30'}"
1889,6585,鼎基,其他,twse,2025-09-30,"{'industry_category': '其他', 'stock_id': '6585', 'stock_name': '鼎基', 'type': 'twse', 'date': '2025-09-30'}"
1890,6586,醣基,生技醫療業,emerging,2025-09-30,"{'industry_category': '生技醫療業', 'stock_id': '6586', 'stock_name': '醣基', 'type': 'emerging', 'date': '2025-09-30'}"
1891,6588,東典光電,通信網路業,tpex,2025-09-30,"{'industry_category': '通信網路業', 'stock_id': '6588', 'stock_name': '東典光電', 'type': 'tpex', 'date': '2025-09-30'}"
1892,6589,台康生技,化學生技醫療,twse,2025-09-30,"{'industry_category': '化學生技醫療', 'stock_id': '6589', 'stock_name': '台康生技', 'type': 'twse', 'date': '2025-09-30'}"
1893,6589,台康生技,生技醫療業,twse,2025-09-30,"{'industry_category': '生技醫療業', 'stock_id': '6589', 'stock_name': '台康生技', 'type': 'twse', 'date': '2025-09-30'}"
1894,6590,普鴻,資訊服務業,tpex,2025-09-30,"{'industry_category': '資訊服務業', 'stock_id': '6590', 'stock_name': '普鴻', 'type': 'tpex', 'date': '2025-09-30'}"
1895,6569,醫揚,生技醫療業,tpex,2025-09-30,"{'industry_category': '生技醫療業', 'stock_id': '6569', 'stock_name': '醫揚', 'type': 'tpex', 'date': '2025-09-30'}"
1896,6568,宏觀,半導體業,tpex,2025-09-30,"{'industry_category': '半導體業', 'stock_id': '6568', 'stock_name': '宏觀', 'type': 'tpex', 'date': '2025-09-30'}"
1897,6565,物聯,數位雲端,emerging,2025-09-30,"{'industry_category': '數位雲端', 'stock_id': '6565', 'stock_name': '物聯', 'type': 'emerging', 'date': '2025-09-30'}"
1898,6564,安特羅,生技醫療業,emerging,2025-09-30,"{'industry_category': '生技醫療業', 'stock_id': '6564', 'stock_name': '安特羅', 'type': 'emerging', 'date': '2025-09-30'}"
1899,6538,倉和,電子零組件業,tpex,2025-09-30,"{'industry_category': '電子零組件業', 'stock_id': '6538', 'stock_name': '倉和', 'type': 'tpex', 'date': '2025-09-30'}"
1900,6539,麗彤,生技醫療業,emerging,2025-09-30,"{'industry_category': '生技醫療業', 'stock_id': '6539', 'stock_name': '麗彤', 'type': 'emerging', 'date': '2025-09-30'}"
1901,6541,泰福-KY,化學生技醫療,twse,2025-09-30,"{'industry_category': '化學生技醫療', 'stock_id': '6541', 'stock_name': '泰福-KY', 'type': 'twse', 'date': '2025-09-30'}"
1902,6541,泰福-KY,生技醫療業,twse,2025-09-30,"{'industry_category': '生技醫療業', 'stock_id': '6541', 'stock_name': '泰福-KY', 'type': 'twse', 'date': '2025-09-30'}"
1903,6542,隆中,文化創意業,tpex,2025-09-30,"{'industry_category': '文化創意業', 'stock_id': '6542', 'stock_name': '隆中', 'type': 'tpex', 'date': '2025-09-30'}"
1904,6543,普惠醫工,生技醫療業,emerging,2025-09-30,"{'industry_category': '生技醫療業', 'stock_id': '6543', 'stock_name': '普惠醫工', 'type': 'emerging', 'date': '2025-09-30'}"
1905,6546,正基,通信網路業,tpex,2025-09-30,"{'industry_category': '通信網路業', 'stock_id': '6546', 'stock_name': '正基', 'type': 'tpex', 'date': '2025-09-30'}"
1906,6547,高端疫苗,生技醫療業,tpex,2025-09-30,"{'industry_category': '生技醫療業', 'stock_id': '6547', 'stock_name': '高端疫苗', 'type': 'tpex', 'date': '2025-09-30'}"
1907,6548,長科*,半導體業,tpex,2025-09-30,"{'industry_category': '半導體業', 'stock_id': '6548', 'stock_name': '長科*', 'type': 'tpex', 'date': '2025-09-30'}"
1908,6549,景凱,生技醫療業,emerging,2025-09-30,"{'industry_category': '生技醫療業', 'stock_id': '6549', 'stock_name': '景凱', 'type': 'emerging', 'date': '2025-09-30'}"
1909,6591,動力-KY,電子工業,twse,2025-09-30,"{'industry_category': '電子工業', 'stock_id': '6591', 'stock_name': '動力-KY', 'type': 'twse', 'date': '2025-09-30'}"
1910,6550,北極星藥業-KY,化學生技醫療,twse,2025-09-30,"{'industry_category': '化學生技醫療', 'stock_id': '6550', 'stock_name': '北極星藥業-KY', 'type': 'twse', 'date': '2025-09-30'}"
1911,6552,易華電,半導體業,twse,2025-09-30,"{'industry_category': '半導體業', 'stock_id': '6552', 'stock_name': '易華電', 'type': 'twse', 'date': '2025-09-30'}"
1912,6552,易華電,電子工業,twse,2025-09-30,"{'industry_category': '電子工業', 'stock_id': '6552', 'stock_name': '易華電', 'type': 'twse', 'date': '2025-09-30'}"
1913,6555,榮炭,電子零組件業,emerging,2025-09-30,"{'industry_category': '電子零組件業', 'stock_id': '6555', 'stock_name': '榮炭', 'type': 'emerging', 'date': '2025-09-30'}"
1914,6556,勝品,光電業,tpex,2025-09-30,"{'industry_category': '光電業', 'stock_id': '6556', 'stock_name': '勝品', 'type': 'tpex', 'date': '2025-09-30'}"
1915,6558,興能高,其他電子業,twse,2025-09-30,"{'industry_category': '其他電子業', 'stock_id': '6558', 'stock_name': '興能高', 'type': 'twse', 'date': '2025-09-30'}"
1916,6558,興能高,電子工業,twse,2025-09-30,"{'industry_category': '電子工業', 'stock_id': '6558', 'stock_name': '興能高', 'type': 'twse', 'date': '2025-09-30'}"
1917,6559,研晶,光電業,emerging,2025-09-30,"{'industry_category': '光電業', 'stock_id': '6559', 'stock_name': '研晶', 'type': 'emerging', 'date': '2025-09-30'}"
1918,6560,欣普羅,光電業,tpex,2025-09-30,"{'industry_category': '光電業', 'stock_id': '6560', 'stock_name': '欣普羅', 'type': 'tpex', 'date': '2025-09-30'}"
1919,6561,是方,通信網路業,tpex,2025-09-30,"{'industry_category': '通信網路業', 'stock_id': '6561', 'stock_name': '是方', 'type': 'tpex', 'date': '2025-09-30'}"
1920,6563,映智,半導體業,emerging,2025-09-30,"{'industry_category': '半導體業', 'stock_id': '6563', 'stock_name': '映智', 'type': 'emerging', 'date': '2025-09-30'}"
1921,6550,北極星藥業-KY,生技醫療業,twse,2025-09-30,"{'industry_category': '生技醫療業', 'stock_id': '6550', 'stock_name': '北極星藥業-KY', 'type': 'twse', 'date': '2025-09-30'}"
1922,6591,動力-KY,電腦及週邊設備業,twse,2025-09-30,"{'industry_category': '電腦及週邊設備業', 'stock_id': '6591', 'stock_name': '動力-KY', 'type': 'twse', 'date': '2025-09-30'}"
1923,6592,和潤企業,其他,twse,2025-09-30,"{'industry_category': '其他', 'stock_id': '6592', 'stock_name': '和潤企業', 'type': 'twse', 'date': '2025-09-30'}"
1924,6592A,和潤企業甲特,其他,twse,2025-09-30,"{'industry_category': '其他', 'stock_id': '6592A', 'stock_name': '和潤企業甲特', 'type': 'twse', 'date': '2025-09-30'}"
1925,6634,欣耀,生技醫療業,emerging,2025-09-30,"{'industry_category': '生技醫療業', 'stock_id': '6634', 'stock_name': '欣耀', 'type': 'emerging', 'date': '2025-09-30'}"
1926,6637,醫影,生技醫療業,tpex,2025-09-30,"{'industry_category': '生技醫療業', 'stock_id': '6637', 'stock_name': '醫影', 'type': 'tpex', 'date': '2025-09-30'}"
1927,6638,沅聖,電腦及週邊設備業,emerging,2025-09-30,"{'industry_category': '電腦及週邊設備業', 'stock_id': '6638', 'stock_name': '沅聖', 'type': 'emerging', 'date': '2025-09-30'}"
1928,6639,源大環能,油電燃氣業,emerging,2025-09-30,"{'industry_category': '油電燃氣業', 'stock_id': '6639', 'stock_name': '源大環能', 'type': 'emerging', 'date': '2025-09-30'}"
1929,6640,均華,半導體業,tpex,2025-09-30,"{'industry_category': '半導體業', 'stock_id': '6640', 'stock_name': '均華', 'type': 'tpex', 'date': '2025-09-30'}"
1930,6641,基士德-KY,綠能環保,twse,2025-09-30,"{'industry_category': '綠能環保', 'stock_id': '6641', 'stock_name': '基士德-KY', 'type': 'twse', 'date': '2025-09-30'}"
1931,6642,富致,電子零組件業,tpex,2025-09-30,"{'industry_category': '電子零組件業', 'stock_id': '6642', 'stock_name': '富致', 'type': 'tpex', 'date': '2025-09-30'}"
1932,6643,M31,半導體業,tpex,2025-09-30,"{'industry_category': '半導體業', 'stock_id': '6643', 'stock_name': 'M31', 'type': 'tpex', 'date': '2025-09-30'}"
1933,6645,金萬林-創,創新板股票,twse,2025-09-30,"{'industry_category': '創新板股票', 'stock_id': '6645', 'stock_name': '金萬林-創', 'type': 'twse', 'date': '2025-09-30'}"
1934,6645,金萬林-創,化學生技醫療,twse,2025-09-30,"{'industry_category': '化學生技醫療', 'stock_id': '6645', 'stock_name': '金萬林-創', 'type': 'twse', 'date': '2025-09-30'}"
1935,6629,泰金-KY,居家生活類,tpex,2025-09-30,"{'industry_category': '居家生活類', 'stock_id': '6629', 'stock_name': '泰金-KY', 'type': 'tpex', 'date': '2025-09-30'}"
1936,6645,金萬林-創,生技醫療業,twse,2025-09-30,"{'industry_category': '生技醫療業', 'stock_id': '6645', 'stock_name': '金萬林-創', 'type': 'twse', 'date': '2025-09-30'}"
1937,6649,台生材,生技醫療業,tpex,2025-09-30,"{'industry_category': '生技醫療業', 'stock_id': '6649', 'stock_name': '台生材', 'type': 'tpex', 'date': '2025-09-30'}"
1938,6650,帝圖,文化創意業,emerging,2025-09-30,"{'industry_category': '文化創意業', 'stock_id': '6650', 'stock_name': '帝圖', 'type': 'emerging', 'date': '2025-09-30'}"
1939,6651,全宇昕,半導體業,tpex,2025-09-30,"{'industry_category': '半導體業', 'stock_id': '6651', 'stock_name': '全宇昕', 'type': 'tpex', 'date': '2025-09-30'}"
1940,6652,雅祥生醫,生技醫療業,emerging,2025-09-30,"{'industry_category': '生技醫療業', 'stock_id': '6652', 'stock_name': '雅祥生醫', 'type': 'emerging', 'date': '2025-09-30'}"
1941,6654,天正國際,其他電子類,tpex,2025-09-30,"{'industry_category': '其他電子類', 'stock_id': '6654', 'stock_name': '天正國際', 'type': 'tpex', 'date': '2025-09-30'}"
1942,6655,科定,其他,twse,2025-09-30,"{'industry_category': '其他', 'stock_id': '6655', 'stock_name': '科定', 'type': 'twse', 'date': '2025-09-30'}"
1943,6657,華安,化學生技醫療,twse,2025-09-30,"{'industry_category': '化學生技醫療', 'stock_id': '6657', 'stock_name': '華安', 'type': 'twse', 'date': '2025-09-30'}"
1944,6657,華安,生技醫療業,twse,2025-09-30,"{'industry_category': '生技醫療業', 'stock_id': '6657', 'stock_name': '華安', 'type': 'twse', 'date': '2025-09-30'}"
1945,6658,聯策,其他電子業,twse,2025-09-30,"{'industry_category': '其他電子業', 'stock_id': '6658', 'stock_name': '聯策', 'type': 'twse', 'date': '2025-09-30'}"
1946,6658,聯策,電子工業,twse,2025-09-30,"{'industry_category': '電子工業', 'stock_id': '6658', 'stock_name': '聯策', 'type': 'twse', 'date': '2025-09-30'}"
1947,6648,斯其大,其他電子業,emerging,2025-09-30,"{'industry_category': '其他電子業', 'stock_id': '6648', 'stock_name': '斯其大', 'type': 'emerging', 'date': '2025-09-30'}"
1948,6782,視陽,化學生技醫療,twse,2025-09-30,"{'industry_category': '化學生技醫療', 'stock_id': '6782', 'stock_name': '視陽', 'type': 'twse', 'date': '2025-09-30'}"
1949,6625,必應,其他,twse,2025-09-30,"{'industry_category': '其他', 'stock_id': '6625', 'stock_name': '必應', 'type': 'twse', 'date': '2025-09-30'}"
1950,6622,百聿數碼,文化創意業,emerging,2025-09-30,"{'industry_category': '文化創意業', 'stock_id': '6622', 'stock_name': '百聿數碼', 'type': 'emerging', 'date': '2025-09-30'}"
1951,6592B,和潤企業乙特,其他,twse,2025-09-30,"{'industry_category': '其他', 'stock_id': '6592B', 'stock_name': '和潤企業乙特', 'type': 'twse', 'date': '2025-09-30'}"
1952,6593,台灣銘板,資訊服務業,tpex,2025-09-30,"{'industry_category': '資訊服務業', 'stock_id': '6593', 'stock_name': '台灣銘板', 'type': 'tpex', 'date': '2025-09-30'}"
1953,6595,光禹國際,文化創意業,emerging,2025-09-30,"{'industry_category': '文化創意業', 'stock_id': '6595', 'stock_name': '光禹國際', 'type': 'emerging', 'date': '2025-09-30'}"
1954,6596,寬宏藝術,文化創意業,tpex,2025-09-30,"{'industry_category': '文化創意業', 'stock_id': '6596', 'stock_name': '寬宏藝術', 'type': 'tpex', 'date': '2025-09-30'}"
1955,6597,立誠,電子零組件業,tpex,2025-09-30,"{'industry_category': '電子零組件業', 'stock_id': '6597', 'stock_name': '立誠', 'type': 'tpex', 'date': '2025-09-30'}"
1956,6598,ABC-KY,化學生技醫療,twse,2025-09-30,"{'industry_category': '化學生技醫療', 'stock_id': '6598', 'stock_name': 'ABC-KY', 'type': 'twse', 'date': '2025-09-30'}"
1957,6598,ABC-KY,生技醫療業,twse,2025-09-30,"{'industry_category': '生技醫療業', 'stock_id': '6598', 'stock_name': 'ABC-KY', 'type': 'twse', 'date': '2025-09-30'}"
1958,6599,普達系統,電腦及週邊設備業,emerging,2025-09-30,"{'industry_category': '電腦及週邊設備業', 'stock_id': '6599', 'stock_name': '普達系統', 'type': 'emerging', 'date': '2025-09-30'}"
1959,6603,富強鑫,電機機械,tpex,2025-09-30,"{'industry_category': '電機機械', 'stock_id': '6603', 'stock_name': '富強鑫', 'type': 'tpex', 'date': '2025-09-30'}"
1960,6605,帝寶,汽車工業,twse,2025-09-30,"{'industry_category': '汽車工業', 'stock_id': '6605', 'stock_name': '帝寶', 'type': 'twse', 'date': '2025-09-30'}"
1961,6624,萬年清,綠能環保類,tpex,2025-09-30,"{'industry_category': '綠能環保類', 'stock_id': '6624', 'stock_name': '萬年清', 'type': 'tpex', 'date': '2025-09-30'}"
1962,6606,建德工業,電機機械,twse,2025-09-30,"{'industry_category': '電機機械', 'stock_id': '6606', 'stock_name': '建德工業', 'type': 'twse', 'date': '2025-09-30'}"
1963,6610,安成生技,生技醫療業,emerging,2025-09-30,"{'industry_category': '生技醫療業', 'stock_id': '6610', 'stock_name': '安成生技', 'type': 'emerging', 'date': '2025-09-30'}"
1964,6612,奈米醫材,生技醫療業,tpex,2025-09-30,"{'industry_category': '生技醫療業', 'stock_id': '6612', 'stock_name': '奈米醫材', 'type': 'tpex', 'date': '2025-09-30'}"
1965,6613,朋億*,其他電子類,tpex,2025-09-30,"{'industry_category': '其他電子類', 'stock_id': '6613', 'stock_name': '朋億*', 'type': 'tpex', 'date': '2025-09-30'}"
1966,6614,資拓宏宇,數位雲端,emerging,2025-09-30,"{'industry_category': '數位雲端', 'stock_id': '6614', 'stock_name': '資拓宏宇', 'type': 'emerging', 'date': '2025-09-30'}"
1967,6615,慧智,生技醫療業,tpex,2025-09-30,"{'industry_category': '生技醫療業', 'stock_id': '6615', 'stock_name': '慧智', 'type': 'tpex', 'date': '2025-09-30'}"
1968,6616,特昇-KY,居家生活類,tpex,2025-09-30,"{'industry_category': '居家生活類', 'stock_id': '6616', 'stock_name': '特昇-KY', 'type': 'tpex', 'date': '2025-09-30'}"
1969,6617,共信-KY,生技醫療業,tpex,2025-09-30,"{'industry_category': '生技醫療業', 'stock_id': '6617', 'stock_name': '共信-KY', 'type': 'tpex', 'date': '2025-09-30'}"
1970,6618,永虹先進,化學工業,emerging,2025-09-30,"{'industry_category': '化學工業', 'stock_id': '6618', 'stock_name': '永虹先進', 'type': 'emerging', 'date': '2025-09-30'}"
1971,6620,漢達,生技醫療業,emerging,2025-09-30,"{'industry_category': '生技醫療業', 'stock_id': '6620', 'stock_name': '漢達', 'type': 'emerging', 'date': '2025-09-30'}"
1972,6621,華宇藥,生技醫療業,emerging,2025-09-30,"{'industry_category': '生技醫療業', 'stock_id': '6621', 'stock_name': '華宇藥', 'type': 'emerging', 'date': '2025-09-30'}"
1973,6609,瀧澤科,電機機械,tpex,2025-09-30,"{'industry_category': '電機機械', 'stock_id': '6609', 'stock_name': '瀧澤科', 'type': 'tpex', 'date': '2025-09-30'}"
1974,6535,順藥,生技醫療業,tpex,2025-09-30,"{'industry_category': '生技醫療業', 'stock_id': '6535', 'stock_name': '順藥', 'type': 'tpex', 'date': '2025-09-30'}"
1975,6782,視陽,生技醫療業,twse,2025-09-30,"{'industry_category': '生技醫療業', 'stock_id': '6782', 'stock_name': '視陽', 'type': 'twse', 'date': '2025-09-30'}"
1976,6785,昱展新藥,生技醫療業,tpex,2025-09-30,"{'industry_category': '生技醫療業', 'stock_id': '6785', 'stock_name': '昱展新藥', 'type': 'tpex', 'date': '2025-09-30'}"
1977,6922,宸曜,電腦及週邊設備業,tpex,2025-09-30,"{'industry_category': '電腦及週邊設備業', 'stock_id': '6922', 'stock_name': '宸曜', 'type': 'tpex', 'date': '2025-09-30'}"
1978,6923,中台,綠能環保,twse,2025-09-30,"{'industry_category': '綠能環保', 'stock_id': '6923', 'stock_name': '中台', 'type': 'twse', 'date': '2025-09-30'}"
1979,6924,榮惠-KY創,創新板股票,twse,2025-09-30,"{'industry_category': '創新板股票', 'stock_id': '6924', 'stock_name': '榮惠-KY創', 'type': 'twse', 'date': '2025-09-30'}"
1980,6924,榮惠-KY創,電子工業,twse,2025-09-30,"{'industry_category': '電子工業', 'stock_id': '6924', 'stock_name': '榮惠-KY創', 'type': 'twse', 'date': '2025-09-30'}"
1981,6924,榮惠-KY創,電子零組件業,twse,2025-09-30,"{'industry_category': '電子零組件業', 'stock_id': '6924', 'stock_name': '榮惠-KY創', 'type': 'twse', 'date': '2025-09-30'}"
1982,6925,意藍,數位雲端類,tpex,2025-09-30,"{'industry_category': '數位雲端類', 'stock_id': '6925', 'stock_name': '意藍', 'type': 'tpex', 'date': '2025-09-30'}"
1983,6926,聖安生醫,生技醫療業,emerging,2025-09-30,"{'industry_category': '生技醫療業', 'stock_id': '6926', 'stock_name': '聖安生醫', 'type': 'emerging', 'date': '2025-09-30'}"
1984,6927,聯合聚晶,半導體業,emerging,2025-09-30,"{'industry_category': '半導體業', 'stock_id': '6927', 'stock_name': '聯合聚晶', 'type': 'emerging', 'date': '2025-09-30'}"
1985,6928,攸泰科技,電子工業,twse,2025-09-30,"{'industry_category': '電子工業', 'stock_id': '6928', 'stock_name': '攸泰科技', 'type': 'twse', 'date': '2025-09-30'}"
1986,6928,攸泰科技,電腦及週邊設備業,twse,2025-09-30,"{'industry_category': '電腦及週邊設備業', 'stock_id': '6928', 'stock_name': '攸泰科技', 'type': 'twse', 'date': '2025-09-30'}"
1987,6929,佑全,生技醫療業,tpex,2025-09-30,"{'industry_category': '生技醫療業', 'stock_id': '6929', 'stock_name': '佑全', 'type': 'tpex', 'date': '2025-09-30'}"
1988,6931,青松健康,化學生技醫療,twse,2025-09-30,"{'industry_category': '化學生技醫療', 'stock_id': '6931', 'stock_name': '青松健康', 'type': 'twse', 'date': '2025-09-30'}"
1989,6931,青松健康,生技醫療業,twse,2025-09-30,"{'industry_category': '生技醫療業', 'stock_id': '6931', 'stock_name': '青松健康', 'type': 'twse', 'date': '2025-09-30'}"
1990,6932,水星生醫*,生技醫療業,emerging,2025-09-30,"{'industry_category': '生技醫療業', 'stock_id': '6932', 'stock_name': '水星生醫*', 'type': 'emerging', 'date': '2025-09-30'}"
1991,6933,AMAX-KY,電子工業,twse,2025-09-30,"{'industry_category': '電子工業', 'stock_id': '6933', 'stock_name': 'AMAX-KY', 'type': 'twse', 'date': '2025-09-30'}"
1992,6933,AMAX-KY,電腦及週邊設備業,twse,2025-09-30,"{'industry_category': '電腦及週邊設備業', 'stock_id': '6933', 'stock_name': 'AMAX-KY', 'type': 'twse', 'date': '2025-09-30'}"
1993,6934,心誠鎂,生技醫療業,emerging,2025-09-30,"{'industry_category': '生技醫療業', 'stock_id': '6934', 'stock_name': '心誠鎂', 'type': 'emerging', 'date': '2025-09-30'}"
1994,6935,王子製藥,食品工業,emerging,2025-09-30,"{'industry_category': '食品工業', 'stock_id': '6935', 'stock_name': '王子製藥', 'type': 'emerging', 'date': '2025-09-30'}"
1995,6936,永鴻生技,化學生技醫療,twse,2025-09-30,"{'industry_category': '化學生技醫療', 'stock_id': '6936', 'stock_name': '永鴻生技', 'type': 'twse', 'date': '2025-09-30'}"
1996,6936,永鴻生技,生技醫療業,twse,2025-09-30,"{'industry_category': '生技醫療業', 'stock_id': '6936', 'stock_name': '永鴻生技', 'type': 'twse', 'date': '2025-09-30'}"
1997,6937,天虹,半導體業,twse,2025-09-30,"{'industry_category': '半導體業', 'stock_id': '6937', 'stock_name': '天虹', 'type': 'twse', 'date': '2025-09-30'}"
1998,6920,恆勁科技,半導體業,emerging,2025-09-30,"{'industry_category': '半導體業', 'stock_id': '6920', 'stock_name': '恆勁科技', 'type': 'emerging', 'date': '2025-09-30'}"
1999,6919,康霈*,生技醫療業,twse,2025-09-30,"{'industry_category': '生技醫療業', 'stock_id': '6919', 'stock_name': '康霈*', 'type': 'twse', 'date': '2025-09-30'}"
2000,6919,康霈*,化學生技醫療,twse,2025-09-30,"{'industry_category': '化學生技醫療', 'stock_id': '6919', 'stock_name': '康霈*', 'type': 'twse', 'date': '2025-09-30'}"
2001,6918,愛派司,生技醫療業,twse,2025-09-30,"{'industry_category': '生技醫療業', 'stock_id': '6918', 'stock_name': '愛派司', 'type': 'twse', 'date': '2025-09-30'}"
2002,6894,衛司特,綠能環保類,tpex,2025-09-30,"{'industry_category': '綠能環保類', 'stock_id': '6894', 'stock_name': '衛司特', 'type': 'tpex', 'date': '2025-09-30'}"
2003,6895,宏碩系統,半導體業,tpex,2025-09-30,"{'industry_category': '半導體業', 'stock_id': '6895', 'stock_name': '宏碩系統', 'type': 'tpex', 'date': '2025-09-30'}"
2004,6898,程曦資訊,資訊服務業,emerging,2025-09-30,"{'industry_category': '資訊服務業', 'stock_id': '6898', 'stock_name': '程曦資訊', 'type': 'emerging', 'date': '2025-09-30'}"
2005,6899,創為精密,光電業,tpex,2025-09-30,"{'industry_category': '光電業', 'stock_id': '6899', 'stock_name': '創為精密', 'type': 'tpex', 'date': '2025-09-30'}"
2006,6901,鑽石投資,其他,twse,2025-09-30,"{'industry_category': '其他', 'stock_id': '6901', 'stock_name': '鑽石投資', 'type': 'twse', 'date': '2025-09-30'}"
2007,6902,GOGOLOOK,數位雲端,twse,2025-09-30,"{'industry_category': '數位雲端', 'stock_id': '6902', 'stock_name': 'GOGOLOOK', 'type': 'twse', 'date': '2025-09-30'}"
2008,6903,巨漢,其他電子類,tpex,2025-09-30,"{'industry_category': '其他電子類', 'stock_id': '6903', 'stock_name': '巨漢', 'type': 'tpex', 'date': '2025-09-30'}"
2009,6904,伯鑫,其他,tpex,2025-09-30,"{'industry_category': '其他', 'stock_id': '6904', 'stock_name': '伯鑫', 'type': 'tpex', 'date': '2025-09-30'}"
2010,6906,現觀科,數位雲端,twse,2025-09-30,"{'industry_category': '數位雲端', 'stock_id': '6906', 'stock_name': '現觀科', 'type': 'twse', 'date': '2025-09-30'}"
2011,6908,宏碁遊戲,電子通路業,emerging,2025-09-30,"{'industry_category': '電子通路業', 'stock_id': '6908', 'stock_name': '宏碁遊戲', 'type': 'emerging', 'date': '2025-09-30'}"
2012,6937,天虹,電子工業,twse,2025-09-30,"{'industry_category': '電子工業', 'stock_id': '6937', 'stock_name': '天虹', 'type': 'twse', 'date': '2025-09-30'}"
2013,6909,創控,半導體業,twse,2025-09-30,"{'industry_category': '半導體業', 'stock_id': '6909', 'stock_name': '創控', 'type': 'twse', 'date': '2025-09-30'}"
2014,6910,德鴻,數位雲端,emerging,2025-09-30,"{'industry_category': '數位雲端', 'stock_id': '6910', 'stock_name': '德鴻', 'type': 'emerging', 'date': '2025-09-30'}"
2015,6911,群運,其他,emerging,2025-09-30,"{'industry_category': '其他', 'stock_id': '6911', 'stock_name': '群運', 'type': 'emerging', 'date': '2025-09-30'}"
2016,6912,益鈞環科*,綠能環保,emerging,2025-09-30,"{'industry_category': '綠能環保', 'stock_id': '6912', 'stock_name': '益鈞環科*', 'type': 'emerging', 'date': '2025-09-30'}"
2017,6913,鴻呈,電子零組件業,tpex,2025-09-30,"{'industry_category': '電子零組件業', 'stock_id': '6913', 'stock_name': '鴻呈', 'type': 'tpex', 'date': '2025-09-30'}"
2018,6914,阜爾運通,其他,twse,2025-09-30,"{'industry_category': '其他', 'stock_id': '6914', 'stock_name': '阜爾運通', 'type': 'twse', 'date': '2025-09-30'}"
2019,6915,美強光,電子零組件業,emerging,2025-09-30,"{'industry_category': '電子零組件業', 'stock_id': '6915', 'stock_name': '美強光', 'type': 'emerging', 'date': '2025-09-30'}"
2020,6916,華凌,光電業,twse,2025-09-30,"{'industry_category': '光電業', 'stock_id': '6916', 'stock_name': '華凌', 'type': 'twse', 'date': '2025-09-30'}"
2021,6916,華凌,電子工業,twse,2025-09-30,"{'industry_category': '電子工業', 'stock_id': '6916', 'stock_name': '華凌', 'type': 'twse', 'date': '2025-09-30'}"
2022,6917,竟天,生技醫療業,emerging,2025-09-30,"{'industry_category': '生技醫療業', 'stock_id': '6917', 'stock_name': '竟天', 'type': 'emerging', 'date': '2025-09-30'}"
2023,6918,愛派司,化學生技醫療,twse,2025-09-30,"{'industry_category': '化學生技醫療', 'stock_id': '6918', 'stock_name': '愛派司', 'type': 'twse', 'date': '2025-09-30'}"
2024,6909,創控,電子工業,twse,2025-09-30,"{'industry_category': '電子工業', 'stock_id': '6909', 'stock_name': '創控', 'type': 'twse', 'date': '2025-09-30'}"
2025,6892,台寶生醫,生技醫療業,emerging,2025-09-30,"{'industry_category': '生技醫療業', 'stock_id': '6892', 'stock_name': '台寶生醫', 'type': 'emerging', 'date': '2025-09-30'}"
2026,6938,藍新資訊,資訊服務業,emerging,2025-09-30,"{'industry_category': '資訊服務業', 'stock_id': '6938', 'stock_name': '藍新資訊', 'type': 'emerging', 'date': '2025-09-30'}"
2027,6940,格斯科技*,電子零組件業,emerging,2025-09-30,"{'industry_category': '電子零組件業', 'stock_id': '6940', 'stock_name': '格斯科技*', 'type': 'emerging', 'date': '2025-09-30'}"
2028,6971,惠民實業,綠能環保,emerging,2025-09-30,"{'industry_category': '綠能環保', 'stock_id': '6971', 'stock_name': '惠民實業', 'type': 'emerging', 'date': '2025-09-30'}"
2029,6972,博瑞達應材,化學工業,emerging,2025-09-30,"{'industry_category': '化學工業', 'stock_id': '6972', 'stock_name': '博瑞達應材', 'type': 'emerging', 'date': '2025-09-30'}"
2030,6973,永立榮,生技醫療業,emerging,2025-09-30,"{'industry_category': '生技醫療業', 'stock_id': '6973', 'stock_name': '永立榮', 'type': 'emerging', 'date': '2025-09-30'}"
2031,6976,育世博-KY,生技醫療業,emerging,2025-09-30,"{'industry_category': '生技醫療業', 'stock_id': '6976', 'stock_name': '育世博-KY', 'type': 'emerging', 'date': '2025-09-30'}"
2032,6977,聯純,綠能環保,emerging,2025-09-30,"{'industry_category': '綠能環保', 'stock_id': '6977', 'stock_name': '聯純', 'type': 'emerging', 'date': '2025-09-30'}"
2033,6979,勝釩,光電業,emerging,2025-09-30,"{'industry_category': '光電業', 'stock_id': '6979', 'stock_name': '勝釩', 'type': 'emerging', 'date': '2025-09-30'}"
2034,6980,鐳洋科技,通信網路業,emerging,2025-09-30,"{'industry_category': '通信網路業', 'stock_id': '6980', 'stock_name': '鐳洋科技', 'type': 'emerging', 'date': '2025-09-30'}"
2035,6982,大井泵浦,電機機械,tpex,2025-09-30,"{'industry_category': '電機機械', 'stock_id': '6982', 'stock_name': '大井泵浦', 'type': 'tpex', 'date': '2025-09-30'}"
2036,6983,華洋精機,其他電子業,emerging,2025-09-30,"{'industry_category': '其他電子業', 'stock_id': '6983', 'stock_name': '華洋精機', 'type': 'emerging', 'date': '2025-09-30'}"
2037,6984,ACpay,數位雲端,emerging,2025-09-30,"{'industry_category': '數位雲端', 'stock_id': '6984', 'stock_name': 'ACpay', 'type': 'emerging', 'date': '2025-09-30'}"
2038,6986,和迅,生技醫療業,emerging,2025-09-30,"{'industry_category': '生技醫療業', 'stock_id': '6986', 'stock_name': '和迅', 'type': 'emerging', 'date': '2025-09-30'}"
2039,6987,寶晶能源*,綠能環保,emerging,2025-09-30,"{'industry_category': '綠能環保', 'stock_id': '6987', 'stock_name': '寶晶能源*', 'type': 'emerging', 'date': '2025-09-30'}"
2040,6988,威力暘-創,創新板股票,twse,2025-09-30,"{'industry_category': '創新板股票', 'stock_id': '6988', 'stock_name': '威力暘-創', 'type': 'twse', 'date': '2025-09-30'}"
2041,6988,威力暘-創,汽車工業,twse,2025-09-30,"{'industry_category': '汽車工業', 'stock_id': '6988', 'stock_name': '威力暘-創', 'type': 'twse', 'date': '2025-09-30'}"
2042,6990,華鉬,綠能環保,emerging,2025-09-30,"{'industry_category': '綠能環保', 'stock_id': '6990', 'stock_name': '華鉬', 'type': 'emerging', 'date': '2025-09-30'}"
2043,6994,富威電力,綠能環保,twse,2025-09-30,"{'industry_category': '綠能環保', 'stock_id': '6994', 'stock_name': '富威電力', 'type': 'twse', 'date': '2025-09-30'}"
2044,6995,野獸國,其他,emerging,2025-09-30,"{'industry_category': '其他', 'stock_id': '6995', 'stock_name': '野獸國', 'type': 'emerging', 'date': '2025-09-30'}"
2045,6996,力領科技,半導體業,tpex,2025-09-30,"{'industry_category': '半導體業', 'stock_id': '6996', 'stock_name': '力領科技', 'type': 'tpex', 'date': '2025-09-30'}"
2046,6997,博弘,數位雲端類,tpex,2025-09-30,"{'industry_category': '數位雲端類', 'stock_id': '6997', 'stock_name': '博弘', 'type': 'tpex', 'date': '2025-09-30'}"
2047,6999,瀚醫生技,生技醫療業,emerging,2025-09-30,"{'industry_category': '生技醫療業', 'stock_id': '6999', 'stock_name': '瀚醫生技', 'type': 'emerging', 'date': '2025-09-30'}"
2048,7402,邑錡,光電業,tpex,2025-09-30,"{'industry_category': '光電業', 'stock_id': '7402', 'stock_name': '邑錡', 'type': 'tpex', 'date': '2025-09-30'}"
2049,6969,成信實業*-創,綠能環保,twse,2025-09-30,"{'industry_category': '綠能環保', 'stock_id': '6969', 'stock_name': '成信實業*-創', 'type': 'twse', 'date': '2025-09-30'}"
2050,6969,成信實業*-創,創新板股票,twse,2025-09-30,"{'industry_category': '創新板股票', 'stock_id': '6969', 'stock_name': '成信實業*-創', 'type': 'twse', 'date': '2025-09-30'}"
2051,6968,萬達寵物,居家生活類,tpex,2025-09-30,"{'industry_category': '居家生活類', 'stock_id': '6968', 'stock_name': '萬達寵物', 'type': 'tpex', 'date': '2025-09-30'}"
2052,6967,汎瑋材料,電子零組件業,tpex,2025-09-30,"{'industry_category': '電子零組件業', 'stock_id': '6967', 'stock_name': '汎瑋材料', 'type': 'tpex', 'date': '2025-09-30'}"
2053,6944,兆聯實業,綠能環保,twse,2025-09-30,"{'industry_category': '綠能環保', 'stock_id': '6944', 'stock_name': '兆聯實業', 'type': 'twse', 'date': '2025-09-30'}"
2054,6945,圓祥生技,生技醫療業,emerging,2025-09-30,"{'industry_category': '生技醫療業', 'stock_id': '6945', 'stock_name': '圓祥生技', 'type': 'emerging', 'date': '2025-09-30'}"
2055,6946,三地能源,綠能環保,emerging,2025-09-30,"{'industry_category': '綠能環保', 'stock_id': '6946', 'stock_name': '三地能源', 'type': 'emerging', 'date': '2025-09-30'}"
2056,6947,台鎔科技,綠能環保,emerging,2025-09-30,"{'industry_category': '綠能環保', 'stock_id': '6947', 'stock_name': '台鎔科技', 'type': 'emerging', 'date': '2025-09-30'}"
2057,6949,沛爾生醫-創,創新板股票,twse,2025-09-30,"{'industry_category': '創新板股票', 'stock_id': '6949', 'stock_name': '沛爾生醫-創', 'type': 'twse', 'date': '2025-09-30'}"
2058,6949,沛爾生醫-創,化學生技醫療,twse,2025-09-30,"{'industry_category': '化學生技醫療', 'stock_id': '6949', 'stock_name': '沛爾生醫-創', 'type': 'twse', 'date': '2025-09-30'}"
2059,6949,沛爾生醫-創,生技醫療業,twse,2025-09-30,"{'industry_category': '生技醫療業', 'stock_id': '6949', 'stock_name': '沛爾生醫-創', 'type': 'twse', 'date': '2025-09-30'}"
2060,6951,青新-創,創新板股票,twse,2025-09-30,"{'industry_category': '創新板股票', 'stock_id': '6951', 'stock_name': '青新-創', 'type': 'twse', 'date': '2025-09-30'}"
2061,6951,青新-創,綠能環保,twse,2025-09-30,"{'industry_category': '綠能環保', 'stock_id': '6951', 'stock_name': '青新-創', 'type': 'twse', 'date': '2025-09-30'}"
2062,6952,大武山,其他,twse,2025-09-30,"{'industry_category': '其他', 'stock_id': '6952', 'stock_name': '大武山', 'type': 'twse', 'date': '2025-09-30'}"
2063,6939,啟弘生技,生技醫療業,emerging,2025-09-30,"{'industry_category': '生技醫療業', 'stock_id': '6939', 'stock_name': '啟弘生技', 'type': 'emerging', 'date': '2025-09-30'}"
2064,6953,家碩,半導體業,tpex,2025-09-30,"{'industry_category': '半導體業', 'stock_id': '6953', 'stock_name': '家碩', 'type': 'tpex', 'date': '2025-09-30'}"
2065,6955,邦睿生技-創,化學生技醫療,twse,2025-09-30,"{'industry_category': '化學生技醫療', 'stock_id': '6955', 'stock_name': '邦睿生技-創', 'type': 'twse', 'date': '2025-09-30'}"
2066,6955,邦睿生技-創,生技醫療業,twse,2025-09-30,"{'industry_category': '生技醫療業', 'stock_id': '6955', 'stock_name': '邦睿生技-創', 'type': 'twse', 'date': '2025-09-30'}"
2067,6957,裕慶-KY,其他,twse,2025-09-30,"{'industry_category': '其他', 'stock_id': '6957', 'stock_name': '裕慶-KY', 'type': 'twse', 'date': '2025-09-30'}"
2068,6958,日盛台駿,其他,twse,2025-09-30,"{'industry_category': '其他', 'stock_id': '6958', 'stock_name': '日盛台駿', 'type': 'twse', 'date': '2025-09-30'}"
2069,6959,兆捷科技,化學工業,emerging,2025-09-30,"{'industry_category': '化學工業', 'stock_id': '6959', 'stock_name': '兆捷科技', 'type': 'emerging', 'date': '2025-09-30'}"
2070,6961,旅天下,觀光餐旅,emerging,2025-09-30,"{'industry_category': '觀光餐旅', 'stock_id': '6961', 'stock_name': '旅天下', 'type': 'emerging', 'date': '2025-09-30'}"
2071,6962,奕力-KY,半導體業,twse,2025-09-30,"{'industry_category': '半導體業', 'stock_id': '6962', 'stock_name': '奕力-KY', 'type': 'twse', 'date': '2025-09-30'}"
2072,6962,奕力-KY,電子工業,twse,2025-09-30,"{'industry_category': '電子工業', 'stock_id': '6962', 'stock_name': '奕力-KY', 'type': 'twse', 'date': '2025-09-30'}"
2073,6963,品元,食品工業,emerging,2025-09-30,"{'industry_category': '食品工業', 'stock_id': '6963', 'stock_name': '品元', 'type': 'emerging', 'date': '2025-09-30'}"
2074,6965,中傑-KY,運動休閒,twse,2025-09-30,"{'industry_category': '運動休閒', 'stock_id': '6965', 'stock_name': '中傑-KY', 'type': 'twse', 'date': '2025-09-30'}"
2075,6955,邦睿生技-創,創新板股票,twse,2025-09-30,"{'industry_category': '創新板股票', 'stock_id': '6955', 'stock_name': '邦睿生技-創', 'type': 'twse', 'date': '2025-09-30'}"
2076,6891,樂迦再生,生技醫療業,emerging,2025-09-30,"{'industry_category': '生技醫療業', 'stock_id': '6891', 'stock_name': '樂迦再生', 'type': 'emerging', 'date': '2025-09-30'}"
2077,6890,來億-KY,運動休閒,twse,2025-09-30,"{'industry_category': '運動休閒', 'stock_id': '6890', 'stock_name': '來億-KY', 'type': 'twse', 'date': '2025-09-30'}"
2078,6887,寶綠特-KY,綠能環保,twse,2025-09-30,"{'industry_category': '綠能環保', 'stock_id': '6887', 'stock_name': '寶綠特-KY', 'type': 'twse', 'date': '2025-09-30'}"
2079,6810,新穎生醫,生技醫療業,emerging,2025-09-30,"{'industry_category': '生技醫療業', 'stock_id': '6810', 'stock_name': '新穎生醫', 'type': 'emerging', 'date': '2025-09-30'}"
2080,6811,宏碁資訊,數位雲端類,tpex,2025-09-30,"{'industry_category': '數位雲端類', 'stock_id': '6811', 'stock_name': '宏碁資訊', 'type': 'tpex', 'date': '2025-09-30'}"
2081,6812,梭特,光電業,emerging,2025-09-30,"{'industry_category': '光電業', 'stock_id': '6812', 'stock_name': '梭特', 'type': 'emerging', 'date': '2025-09-30'}"
2082,6814,路迦生醫,生技醫療業,emerging,2025-09-30,"{'industry_category': '生技醫療業', 'stock_id': '6814', 'stock_name': '路迦生醫', 'type': 'emerging', 'date': '2025-09-30'}"
2083,6815,晶鑽生醫,生技醫療業,emerging,2025-09-30,"{'industry_category': '生技醫療業', 'stock_id': '6815', 'stock_name': '晶鑽生醫', 'type': 'emerging', 'date': '2025-09-30'}"
2084,6816,捷智商訊,資訊服務業,emerging,2025-09-30,"{'industry_category': '資訊服務業', 'stock_id': '6816', 'stock_name': '捷智商訊', 'type': 'emerging', 'date': '2025-09-30'}"
2085,6817,溫士頓,生技醫療業,emerging,2025-09-30,"{'industry_category': '生技醫療業', 'stock_id': '6817', 'stock_name': '溫士頓', 'type': 'emerging', 'date': '2025-09-30'}"
2086,6818,連騰,通信網路業,emerging,2025-09-30,"{'industry_category': '通信網路業', 'stock_id': '6818', 'stock_name': '連騰', 'type': 'emerging', 'date': '2025-09-30'}"
2087,6819,眾智,半導體業,emerging,2025-09-30,"{'industry_category': '半導體業', 'stock_id': '6819', 'stock_name': '眾智', 'type': 'emerging', 'date': '2025-09-30'}"
2088,6820,連訊,通信網路業,emerging,2025-09-30,"{'industry_category': '通信網路業', 'stock_id': '6820', 'stock_name': '連訊', 'type': 'emerging', 'date': '2025-09-30'}"
2089,6821,聯寶,電子零組件業,tpex,2025-09-30,"{'industry_category': '電子零組件業', 'stock_id': '6821', 'stock_name': '聯寶', 'type': 'tpex', 'date': '2025-09-30'}"
2090,6823,濾能,半導體業,tpex,2025-09-30,"{'industry_category': '半導體業', 'stock_id': '6823', 'stock_name': '濾能', 'type': 'tpex', 'date': '2025-09-30'}"
2091,6825,和暢科技,電腦及週邊設備業,emerging,2025-09-30,"{'industry_category': '電腦及週邊設備業', 'stock_id': '6825', 'stock_name': '和暢科技', 'type': 'emerging', 'date': '2025-09-30'}"
2092,6826,和淞,其他電子業,emerging,2025-09-30,"{'industry_category': '其他電子業', 'stock_id': '6826', 'stock_name': '和淞', 'type': 'emerging', 'date': '2025-09-30'}"
2093,6827,巨生醫,生技醫療業,emerging,2025-09-30,"{'industry_category': '生技醫療業', 'stock_id': '6827', 'stock_name': '巨生醫', 'type': 'emerging', 'date': '2025-09-30'}"
2094,6829,千附精密,半導體業,tpex,2025-09-30,"{'industry_category': '半導體業', 'stock_id': '6829', 'stock_name': '千附精密', 'type': 'tpex', 'date': '2025-09-30'}"
2095,6830,汎銓,其他電子業,twse,2025-09-30,"{'industry_category': '其他電子業', 'stock_id': '6830', 'stock_name': '汎銓', 'type': 'twse', 'date': '2025-09-30'}"
2096,6830,汎銓,電子工業,twse,2025-09-30,"{'industry_category': '電子工業', 'stock_id': '6830', 'stock_name': '汎銓', 'type': 'twse', 'date': '2025-09-30'}"
2097,6831,邁科,電腦及週邊設備業,emerging,2025-09-30,"{'industry_category': '電腦及週邊設備業', 'stock_id': '6831', 'stock_name': '邁科', 'type': 'emerging', 'date': '2025-09-30'}"
2098,6832,金鼎科,其他,emerging,2025-09-30,"{'industry_category': '其他', 'stock_id': '6832', 'stock_name': '金鼎科', 'type': 'emerging', 'date': '2025-09-30'}"
2099,6833,太康精密,電子零組件業,emerging,2025-09-30,"{'industry_category': '電子零組件業', 'stock_id': '6833', 'stock_name': '太康精密', 'type': 'emerging', 'date': '2025-09-30'}"
2100,6808,三鼎生技,生技醫療業,emerging,2025-09-30,"{'industry_category': '生技醫療業', 'stock_id': '6808', 'stock_name': '三鼎生技', 'type': 'emerging', 'date': '2025-09-30'}"
2101,6807,峰源-KY,居家生活,twse,2025-09-30,"{'industry_category': '居家生活', 'stock_id': '6807', 'stock_name': '峰源-KY', 'type': 'twse', 'date': '2025-09-30'}"
2102,6806,森崴能源,綠能環保,twse,2025-09-30,"{'industry_category': '綠能環保', 'stock_id': '6806', 'stock_name': '森崴能源', 'type': 'twse', 'date': '2025-09-30'}"
2103,6805,富世達,電子零組件業,twse,2025-09-30,"{'industry_category': '電子零組件業', 'stock_id': '6805', 'stock_name': '富世達', 'type': 'twse', 'date': '2025-09-30'}"
2104,6786,芯測,半導體業,emerging,2025-09-30,"{'industry_category': '半導體業', 'stock_id': '6786', 'stock_name': '芯測', 'type': 'emerging', 'date': '2025-09-30'}"
2105,6787,晶瑞光,光電業,emerging,2025-09-30,"{'industry_category': '光電業', 'stock_id': '6787', 'stock_name': '晶瑞光', 'type': 'emerging', 'date': '2025-09-30'}"
2106,6788,華景電,半導體業,tpex,2025-09-30,"{'industry_category': '半導體業', 'stock_id': '6788', 'stock_name': '華景電', 'type': 'tpex', 'date': '2025-09-30'}"
2107,6789,采鈺,半導體業,twse,2025-09-30,"{'industry_category': '半導體業', 'stock_id': '6789', 'stock_name': '采鈺', 'type': 'twse', 'date': '2025-09-30'}"
2108,6789,采鈺,電子工業,twse,2025-09-30,"{'industry_category': '電子工業', 'stock_id': '6789', 'stock_name': '采鈺', 'type': 'twse', 'date': '2025-09-30'}"
2109,6790,永豐實,造紙工業,twse,2025-09-30,"{'industry_category': '造紙工業', 'stock_id': '6790', 'stock_name': '永豐實', 'type': 'twse', 'date': '2025-09-30'}"
2110,6791,虎門科技,資訊服務業,tpex,2025-09-30,"{'industry_category': '資訊服務業', 'stock_id': '6791', 'stock_name': '虎門科技', 'type': 'tpex', 'date': '2025-09-30'}"
2111,6792,詠業,通信網路業,twse,2025-09-30,"{'industry_category': '通信網路業', 'stock_id': '6792', 'stock_name': '詠業', 'type': 'twse', 'date': '2025-09-30'}"
2112,6792,詠業,電子工業,twse,2025-09-30,"{'industry_category': '電子工業', 'stock_id': '6792', 'stock_name': '詠業', 'type': 'twse', 'date': '2025-09-30'}"
2113,6793,天力離岸,其他,emerging,2025-09-30,"{'industry_category': '其他', 'stock_id': '6793', 'stock_name': '天力離岸', 'type': 'emerging', 'date': '2025-09-30'}"
2114,6834,天二科技,電子工業,twse,2025-09-30,"{'industry_category': '電子工業', 'stock_id': '6834', 'stock_name': '天二科技', 'type': 'twse', 'date': '2025-09-30'}"
2115,6794,向榮生技-創,創新板股票,twse,2025-09-30,"{'industry_category': '創新板股票', 'stock_id': '6794', 'stock_name': '向榮生技-創', 'type': 'twse', 'date': '2025-09-30'}"
2116,6794,向榮生技-創,生技醫療業,twse,2025-09-30,"{'industry_category': '生技醫療業', 'stock_id': '6794', 'stock_name': '向榮生技-創', 'type': 'twse', 'date': '2025-09-30'}"
2117,6796,晉弘,化學生技醫療,twse,2025-09-30,"{'industry_category': '化學生技醫療', 'stock_id': '6796', 'stock_name': '晉弘', 'type': 'twse', 'date': '2025-09-30'}"
2118,6796,晉弘,生技醫療業,twse,2025-09-30,"{'industry_category': '生技醫療業', 'stock_id': '6796', 'stock_name': '晉弘', 'type': 'twse', 'date': '2025-09-30'}"
2119,6797,圓點奈米,生技醫療業,emerging,2025-09-30,"{'industry_category': '生技醫療業', 'stock_id': '6797', 'stock_name': '圓點奈米', 'type': 'emerging', 'date': '2025-09-30'}"
2120,6798,展逸,運動休閒,emerging,2025-09-30,"{'industry_category': '運動休閒', 'stock_id': '6798', 'stock_name': '展逸', 'type': 'emerging', 'date': '2025-09-30'}"
2121,6799,來頡,半導體業,twse,2025-09-30,"{'industry_category': '半導體業', 'stock_id': '6799', 'stock_name': '來頡', 'type': 'twse', 'date': '2025-09-30'}"
2122,6799,來頡,電子工業,twse,2025-09-30,"{'industry_category': '電子工業', 'stock_id': '6799', 'stock_name': '來頡', 'type': 'twse', 'date': '2025-09-30'}"
2123,6803,崑鼎,綠能環保類,tpex,2025-09-30,"{'industry_category': '綠能環保類', 'stock_id': '6803', 'stock_name': '崑鼎', 'type': 'tpex', 'date': '2025-09-30'}"
2124,6804,明係,運動休閒類,tpex,2025-09-30,"{'industry_category': '運動休閒類', 'stock_id': '6804', 'stock_name': '明係', 'type': 'tpex', 'date': '2025-09-30'}"
2125,6805,富世達,電子工業,twse,2025-09-30,"{'industry_category': '電子工業', 'stock_id': '6805', 'stock_name': '富世達', 'type': 'twse', 'date': '2025-09-30'}"
2126,6794,向榮生技-創,化學生技醫療,twse,2025-09-30,"{'industry_category': '化學生技醫療', 'stock_id': '6794', 'stock_name': '向榮生技-創', 'type': 'twse', 'date': '2025-09-30'}"
2127,6834,天二科技,電子零組件業,twse,2025-09-30,"{'industry_category': '電子零組件業', 'stock_id': '6834', 'stock_name': '天二科技', 'type': 'twse', 'date': '2025-09-30'}"
2128,6835,圓裕,電子工業,twse,2025-09-30,"{'industry_category': '電子工業', 'stock_id': '6835', 'stock_name': '圓裕', 'type': 'twse', 'date': '2025-09-30'}"
2129,6835,圓裕,電子零組件業,twse,2025-09-30,"{'industry_category': '電子零組件業', 'stock_id': '6835', 'stock_name': '圓裕', 'type': 'twse', 'date': '2025-09-30'}"
2130,6863,永道-KY,電子工業,twse,2025-09-30,"{'industry_category': '電子工業', 'stock_id': '6863', 'stock_name': '永道-KY', 'type': 'twse', 'date': '2025-09-30'}"
2131,6864,元樟生技,生技醫療業,emerging,2025-09-30,"{'industry_category': '生技醫療業', 'stock_id': '6864', 'stock_name': '元樟生技', 'type': 'emerging', 'date': '2025-09-30'}"
2132,6865,偉康科技,數位雲端類,tpex,2025-09-30,"{'industry_category': '數位雲端類', 'stock_id': '6865', 'stock_name': '偉康科技', 'type': 'tpex', 'date': '2025-09-30'}"
2133,6867,坦德科技,光電業,emerging,2025-09-30,"{'industry_category': '光電業', 'stock_id': '6867', 'stock_name': '坦德科技', 'type': 'emerging', 'date': '2025-09-30'}"
2134,6868,采威國際,資訊服務業,emerging,2025-09-30,"{'industry_category': '資訊服務業', 'stock_id': '6868', 'stock_name': '采威國際', 'type': 'emerging', 'date': '2025-09-30'}"
2135,6869,雲豹能源,綠能環保,twse,2025-09-30,"{'industry_category': '綠能環保', 'stock_id': '6869', 'stock_name': '雲豹能源', 'type': 'twse', 'date': '2025-09-30'}"
2136,6870,騰雲,數位雲端類,tpex,2025-09-30,"{'industry_category': '數位雲端類', 'stock_id': '6870', 'stock_name': '騰雲', 'type': 'tpex', 'date': '2025-09-30'}"
2137,6872,浩宇生醫,生技醫療業,tpex,2025-09-30,"{'industry_category': '生技醫療業', 'stock_id': '6872', 'stock_name': '浩宇生醫', 'type': 'tpex', 'date': '2025-09-30'}"
2138,6873,泓德能源,綠能環保,twse,2025-09-30,"{'industry_category': '綠能環保', 'stock_id': '6873', 'stock_name': '泓德能源', 'type': 'twse', 'date': '2025-09-30'}"
2139,6874,倍力,資訊服務業,tpex,2025-09-30,"{'industry_category': '資訊服務業', 'stock_id': '6874', 'stock_name': '倍力', 'type': 'tpex', 'date': '2025-09-30'}"
2140,6863,永道-KY,通信網路業,twse,2025-09-30,"{'industry_category': '通信網路業', 'stock_id': '6863', 'stock_name': '永道-KY', 'type': 'twse', 'date': '2025-09-30'}"
2141,6875,國邑*,生技醫療業,tpex,2025-09-30,"{'industry_category': '生技醫療業', 'stock_id': '6875', 'stock_name': '國邑*', 'type': 'tpex', 'date': '2025-09-30'}"
2142,6877,鏵友益,其他電子類,tpex,2025-09-30,"{'industry_category': '其他電子類', 'stock_id': '6877', 'stock_name': '鏵友益', 'type': 'tpex', 'date': '2025-09-30'}"
2143,6878,歐付寶,金融業,emerging,2025-09-30,"{'industry_category': '金融業', 'stock_id': '6878', 'stock_name': '歐付寶', 'type': 'emerging', 'date': '2025-09-30'}"
2144,6879,大江基因,生技醫療業,emerging,2025-09-30,"{'industry_category': '生技醫療業', 'stock_id': '6879', 'stock_name': '大江基因', 'type': 'emerging', 'date': '2025-09-30'}"
2145,6881,潤德,其他,tpex,2025-09-30,"{'industry_category': '其他', 'stock_id': '6881', 'stock_name': '潤德', 'type': 'tpex', 'date': '2025-09-30'}"
2146,6882,甲尚,資訊服務業,emerging,2025-09-30,"{'industry_category': '資訊服務業', 'stock_id': '6882', 'stock_name': '甲尚', 'type': 'emerging', 'date': '2025-09-30'}"
2147,6883,微電能源,綠能環保,emerging,2025-09-30,"{'industry_category': '綠能環保', 'stock_id': '6883', 'stock_name': '微電能源', 'type': 'emerging', 'date': '2025-09-30'}"
2148,6884,海柏特,資訊服務業,emerging,2025-09-30,"{'industry_category': '資訊服務業', 'stock_id': '6884', 'stock_name': '海柏特', 'type': 'emerging', 'date': '2025-09-30'}"
2149,6885,全福生技,化學生技醫療,twse,2025-09-30,"{'industry_category': '化學生技醫療', 'stock_id': '6885', 'stock_name': '全福生技', 'type': 'twse', 'date': '2025-09-30'}"
2150,6885,全福生技,生技醫療業,twse,2025-09-30,"{'industry_category': '生技醫療業', 'stock_id': '6885', 'stock_name': '全福生技', 'type': 'twse', 'date': '2025-09-30'}"
2151,6886,遠東生技,食品工業,emerging,2025-09-30,"{'industry_category': '食品工業', 'stock_id': '6886', 'stock_name': '遠東生技', 'type': 'emerging', 'date': '2025-09-30'}"
2152,6876,朗齊生醫*,生技醫療業,emerging,2025-09-30,"{'industry_category': '生技醫療業', 'stock_id': '6876', 'stock_name': '朗齊生醫*', 'type': 'emerging', 'date': '2025-09-30'}"
2153,6784,天凱科技,通信網路業,emerging,2025-09-30,"{'industry_category': '通信網路業', 'stock_id': '6784', 'stock_name': '天凱科技', 'type': 'emerging', 'date': '2025-09-30'}"
2154,6862,三集瑞-KY,電子零組件業,twse,2025-09-30,"{'industry_category': '電子零組件業', 'stock_id': '6862', 'stock_name': '三集瑞-KY', 'type': 'twse', 'date': '2025-09-30'}"
2155,6861,睿生光電,生技醫療業,twse,2025-09-30,"{'industry_category': '生技醫療業', 'stock_id': '6861', 'stock_name': '睿生光電', 'type': 'twse', 'date': '2025-09-30'}"
2156,6838,台新藥,化學生技醫療,twse,2025-09-30,"{'industry_category': '化學生技醫療', 'stock_id': '6838', 'stock_name': '台新藥', 'type': 'twse', 'date': '2025-09-30'}"
2157,6838,台新藥,生技醫療業,twse,2025-09-30,"{'industry_category': '生技醫療業', 'stock_id': '6838', 'stock_name': '台新藥', 'type': 'twse', 'date': '2025-09-30'}"
2158,6839,開陽能源,綠能環保,emerging,2025-09-30,"{'industry_category': '綠能環保', 'stock_id': '6839', 'stock_name': '開陽能源', 'type': 'emerging', 'date': '2025-09-30'}"
2159,6840,東研信超,其他電子類,tpex,2025-09-30,"{'industry_category': '其他電子類', 'stock_id': '6840', 'stock_name': '東研信超', 'type': 'tpex', 'date': '2025-09-30'}"
2160,6841,長佳智能,生技醫療業,tpex,2025-09-30,"{'industry_category': '生技醫療業', 'stock_id': '6841', 'stock_name': '長佳智能', 'type': 'tpex', 'date': '2025-09-30'}"
2161,6842,一元素,半導體業,emerging,2025-09-30,"{'industry_category': '半導體業', 'stock_id': '6842', 'stock_name': '一元素', 'type': 'emerging', 'date': '2025-09-30'}"
2162,6843,進典,電機機械,tpex,2025-09-30,"{'industry_category': '電機機械', 'stock_id': '6843', 'stock_name': '進典', 'type': 'tpex', 'date': '2025-09-30'}"
2163,6844,諾貝兒,生技醫療業,tpex,2025-09-30,"{'industry_category': '生技醫療業', 'stock_id': '6844', 'stock_name': '諾貝兒', 'type': 'tpex', 'date': '2025-09-30'}"
2164,6846,綠茵,食品工業,tpex,2025-09-30,"{'industry_category': '食品工業', 'stock_id': '6846', 'stock_name': '綠茵', 'type': 'tpex', 'date': '2025-09-30'}"
2165,6847,普瑞博,生技醫療業,emerging,2025-09-30,"{'industry_category': '生技醫療業', 'stock_id': '6847', 'stock_name': '普瑞博', 'type': 'emerging', 'date': '2025-09-30'}"
2166,6862,三集瑞-KY,電子工業,twse,2025-09-30,"{'industry_category': '電子工業', 'stock_id': '6862', 'stock_name': '三集瑞-KY', 'type': 'twse', 'date': '2025-09-30'}"
2167,6848,拉法醫,生技醫療業,emerging,2025-09-30,"{'industry_category': '生技醫療業', 'stock_id': '6848', 'stock_name': '拉法醫', 'type': 'emerging', 'date': '2025-09-30'}"
2168,6850,光鼎生技,生技醫療業,emerging,2025-09-30,"{'industry_category': '生技醫療業', 'stock_id': '6850', 'stock_name': '光鼎生技', 'type': 'emerging', 'date': '2025-09-30'}"
2169,6854,錼創科技-KY創,創新板股票,twse,2025-09-30,"{'industry_category': '創新板股票', 'stock_id': '6854', 'stock_name': '錼創科技-KY創', 'type': 'twse', 'date': '2025-09-30'}"
2170,6854,錼創科技-KY創,半導體業,twse,2025-09-30,"{'industry_category': '半導體業', 'stock_id': '6854', 'stock_name': '錼創科技-KY創', 'type': 'twse', 'date': '2025-09-30'}"
2171,6854,錼創科技-KY創,電子工業,twse,2025-09-30,"{'industry_category': '電子工業', 'stock_id': '6854', 'stock_name': '錼創科技-KY創', 'type': 'twse', 'date': '2025-09-30'}"
2172,6855,數泓科,其他電子類,tpex,2025-09-30,"{'industry_category': '其他電子類', 'stock_id': '6855', 'stock_name': '數泓科', 'type': 'tpex', 'date': '2025-09-30'}"
2173,6856,鑫傳,文化創意業,tpex,2025-09-30,"{'industry_category': '文化創意業', 'stock_id': '6856', 'stock_name': '鑫傳', 'type': 'tpex', 'date': '2025-09-30'}"
2174,6857,宏碁智醫,生技醫療業,emerging,2025-09-30,"{'industry_category': '生技醫療業', 'stock_id': '6857', 'stock_name': '宏碁智醫', 'type': 'emerging', 'date': '2025-09-30'}"
2175,6858,愛比科技,電腦及週邊設備業,emerging,2025-09-30,"{'industry_category': '電腦及週邊設備業', 'stock_id': '6858', 'stock_name': '愛比科技', 'type': 'emerging', 'date': '2025-09-30'}"
2176,6859,伯特光,光電業,tpex,2025-09-30,"{'industry_category': '光電業', 'stock_id': '6859', 'stock_name': '伯特光', 'type': 'tpex', 'date': '2025-09-30'}"
2177,6861,睿生光電,化學生技醫療,twse,2025-09-30,"{'industry_category': '化學生技醫療', 'stock_id': '6861', 'stock_name': '睿生光電', 'type': 'twse', 'date': '2025-09-30'}"
2178,6849,奇鼎科技,其他電子業,emerging,2025-09-30,"{'industry_category': '其他電子業', 'stock_id': '6849', 'stock_name': '奇鼎科技', 'type': 'emerging', 'date': '2025-09-30'}"
2179,4755,三福化,化學工業,twse,2025-09-30,"{'industry_category': '化學工業', 'stock_id': '4755', 'stock_name': '三福化', 'type': 'twse', 'date': '2025-09-30'}"
2180,3712,永崴投控,電腦及週邊設備業,twse,2025-09-30,"{'industry_category': '電腦及週邊設備業', 'stock_id': '3712', 'stock_name': '永崴投控', 'type': 'twse', 'date': '2025-09-30'}"
2181,4749,新應材,半導體業,tpex,2025-09-30,"{'industry_category': '半導體業', 'stock_id': '4749', 'stock_name': '新應材', 'type': 'tpex', 'date': '2025-09-30'}"
2182,1785,光洋科,其他電子類,tpex,2025-09-30,"{'industry_category': '其他電子類', 'stock_id': '1785', 'stock_name': '光洋科', 'type': 'tpex', 'date': '2025-09-30'}"
2183,1786,科妍,化學生技醫療,twse,2025-09-30,"{'industry_category': '化學生技醫療', 'stock_id': '1786', 'stock_name': '科妍', 'type': 'twse', 'date': '2025-09-30'}"
2184,1786,科妍,生技醫療業,twse,2025-09-30,"{'industry_category': '生技醫療業', 'stock_id': '1786', 'stock_name': '科妍', 'type': 'twse', 'date': '2025-09-30'}"
2185,1788,杏昌,生技醫療業,tpex,2025-09-30,"{'industry_category': '生技醫療業', 'stock_id': '1788', 'stock_name': '杏昌', 'type': 'tpex', 'date': '2025-09-30'}"
2186,1789,神隆,化學生技醫療,twse,2025-09-30,"{'industry_category': '化學生技醫療', 'stock_id': '1789', 'stock_name': '神隆', 'type': 'twse', 'date': '2025-09-30'}"
2187,1789,神隆,生技醫療業,twse,2025-09-30,"{'industry_category': '生技醫療業', 'stock_id': '1789', 'stock_name': '神隆', 'type': 'twse', 'date': '2025-09-30'}"
2188,1795,美時,化學生技醫療,twse,2025-09-30,"{'industry_category': '化學生技醫療', 'stock_id': '1795', 'stock_name': '美時', 'type': 'twse', 'date': '2025-09-30'}"
2189,1795,美時,生技醫療業,twse,2025-09-30,"{'industry_category': '生技醫療業', 'stock_id': '1795', 'stock_name': '美時', 'type': 'twse', 'date': '2025-09-30'}"
2190,1796,金穎生技,食品工業,tpex,2025-09-30,"{'industry_category': '食品工業', 'stock_id': '1796', 'stock_name': '金穎生技', 'type': 'tpex', 'date': '2025-09-30'}"
2191,1799,易威,生技醫療業,tpex,2025-09-30,"{'industry_category': '生技醫療業', 'stock_id': '1799', 'stock_name': '易威', 'type': 'tpex', 'date': '2025-09-30'}"
2192,1802,台玻,玻璃陶瓷,twse,2025-09-30,"{'industry_category': '玻璃陶瓷', 'stock_id': '1802', 'stock_name': '台玻', 'type': 'twse', 'date': '2025-09-30'}"
2193,1805,寶徠,建材營造,twse,2025-09-30,"{'industry_category': '建材營造', 'stock_id': '1805', 'stock_name': '寶徠', 'type': 'twse', 'date': '2025-09-30'}"
2194,1806,冠軍,玻璃陶瓷,twse,2025-09-30,"{'industry_category': '玻璃陶瓷', 'stock_id': '1806', 'stock_name': '冠軍', 'type': 'twse', 'date': '2025-09-30'}"
2195,1808,潤隆,建材營造,twse,2025-09-30,"{'industry_category': '建材營造', 'stock_id': '1808', 'stock_name': '潤隆', 'type': 'twse', 'date': '2025-09-30'}"
2196,1809,中釉,玻璃陶瓷,twse,2025-09-30,"{'industry_category': '玻璃陶瓷', 'stock_id': '1809', 'stock_name': '中釉', 'type': 'twse', 'date': '2025-09-30'}"
2197,1810,和成,玻璃陶瓷,twse,2025-09-30,"{'industry_category': '玻璃陶瓷', 'stock_id': '1810', 'stock_name': '和成', 'type': 'twse', 'date': '2025-09-30'}"
2198,1813,寶利徠,生技醫療業,tpex,2025-09-30,"{'industry_category': '生技醫療業', 'stock_id': '1813', 'stock_name': '寶利徠', 'type': 'tpex', 'date': '2025-09-30'}"
2199,1815,富喬,電子零組件業,tpex,2025-09-30,"{'industry_category': '電子零組件業', 'stock_id': '1815', 'stock_name': '富喬', 'type': 'tpex', 'date': '2025-09-30'}"
2200,1817,凱撒衛,玻璃陶瓷,twse,2025-09-30,"{'industry_category': '玻璃陶瓷', 'stock_id': '1817', 'stock_name': '凱撒衛', 'type': 'twse', 'date': '2025-09-30'}"
2201,1903,士紙,造紙工業,twse,2025-09-30,"{'industry_category': '造紙工業', 'stock_id': '1903', 'stock_name': '士紙', 'type': 'twse', 'date': '2025-09-30'}"
2202,1904,正隆,造紙工業,twse,2025-09-30,"{'industry_category': '造紙工業', 'stock_id': '1904', 'stock_name': '正隆', 'type': 'twse', 'date': '2025-09-30'}"
2203,1905,華紙,造紙工業,twse,2025-09-30,"{'industry_category': '造紙工業', 'stock_id': '1905', 'stock_name': '華紙', 'type': 'twse', 'date': '2025-09-30'}"
2204,1906,寶隆,造紙工業,twse,2025-09-30,"{'industry_category': '造紙工業', 'stock_id': '1906', 'stock_name': '寶隆', 'type': 'twse', 'date': '2025-09-30'}"
2205,1784,訊聯,生技醫療業,tpex,2025-09-30,"{'industry_category': '生技醫療業', 'stock_id': '1784', 'stock_name': '訊聯', 'type': 'tpex', 'date': '2025-09-30'}"
2206,1783,和康生,生技醫療業,twse,2025-09-30,"{'industry_category': '生技醫療業', 'stock_id': '1783', 'stock_name': '和康生', 'type': 'twse', 'date': '2025-09-30'}"
2207,1783,和康生,化學生技醫療,twse,2025-09-30,"{'industry_category': '化學生技醫療', 'stock_id': '1783', 'stock_name': '和康生', 'type': 'twse', 'date': '2025-09-30'}"
2208,1781,合世,生技醫療業,tpex,2025-09-30,"{'industry_category': '生技醫療業', 'stock_id': '1781', 'stock_name': '合世', 'type': 'tpex', 'date': '2025-09-30'}"
2209,1731,美吾華,生技醫療業,twse,2025-09-30,"{'industry_category': '生技醫療業', 'stock_id': '1731', 'stock_name': '美吾華', 'type': 'twse', 'date': '2025-09-30'}"
2210,1732,毛寶,化學工業,twse,2025-09-30,"{'industry_category': '化學工業', 'stock_id': '1732', 'stock_name': '毛寶', 'type': 'twse', 'date': '2025-09-30'}"
2211,1732,毛寶,化學生技醫療,twse,2025-09-30,"{'industry_category': '化學生技醫療', 'stock_id': '1732', 'stock_name': '毛寶', 'type': 'twse', 'date': '2025-09-30'}"
2212,1733,五鼎,化學生技醫療,twse,2025-09-30,"{'industry_category': '化學生技醫療', 'stock_id': '1733', 'stock_name': '五鼎', 'type': 'twse', 'date': '2025-09-30'}"
2213,1733,五鼎,生技醫療業,twse,2025-09-30,"{'industry_category': '生技醫療業', 'stock_id': '1733', 'stock_name': '五鼎', 'type': 'twse', 'date': '2025-09-30'}"
2214,1734,杏輝,化學生技醫療,twse,2025-09-30,"{'industry_category': '化學生技醫療', 'stock_id': '1734', 'stock_name': '杏輝', 'type': 'twse', 'date': '2025-09-30'}"
2215,1734,杏輝,生技醫療業,twse,2025-09-30,"{'industry_category': '生技醫療業', 'stock_id': '1734', 'stock_name': '杏輝', 'type': 'twse', 'date': '2025-09-30'}"
2216,1735,日勝化,化學工業,twse,2025-09-30,"{'industry_category': '化學工業', 'stock_id': '1735', 'stock_name': '日勝化', 'type': 'twse', 'date': '2025-09-30'}"
2217,1735,日勝化,化學生技醫療,twse,2025-09-30,"{'industry_category': '化學生技醫療', 'stock_id': '1735', 'stock_name': '日勝化', 'type': 'twse', 'date': '2025-09-30'}"
2218,1736,喬山,運動休閒,twse,2025-09-30,"{'industry_category': '運動休閒', 'stock_id': '1736', 'stock_name': '喬山', 'type': 'twse', 'date': '2025-09-30'}"
2219,1737,臺鹽,食品工業,twse,2025-09-30,"{'industry_category': '食品工業', 'stock_id': '1737', 'stock_name': '臺鹽', 'type': 'twse', 'date': '2025-09-30'}"
2220,1907,永豐餘,造紙工業,twse,2025-09-30,"{'industry_category': '造紙工業', 'stock_id': '1907', 'stock_name': '永豐餘', 'type': 'twse', 'date': '2025-09-30'}"
2221,1742,台蠟,化學工業,tpex,2025-09-30,"{'industry_category': '化學工業', 'stock_id': '1742', 'stock_name': '台蠟', 'type': 'tpex', 'date': '2025-09-30'}"
2222,1752,南光,生技醫療業,twse,2025-09-30,"{'industry_category': '生技醫療業', 'stock_id': '1752', 'stock_name': '南光', 'type': 'twse', 'date': '2025-09-30'}"
2223,1760,寶齡富錦,化學生技醫療,twse,2025-09-30,"{'industry_category': '化學生技醫療', 'stock_id': '1760', 'stock_name': '寶齡富錦', 'type': 'twse', 'date': '2025-09-30'}"
2224,1760,寶齡富錦,生技醫療業,twse,2025-09-30,"{'industry_category': '生技醫療業', 'stock_id': '1760', 'stock_name': '寶齡富錦', 'type': 'twse', 'date': '2025-09-30'}"
2225,1762,中化生,化學生技醫療,twse,2025-09-30,"{'industry_category': '化學生技醫療', 'stock_id': '1762', 'stock_name': '中化生', 'type': 'twse', 'date': '2025-09-30'}"
2226,1762,中化生,生技醫療業,twse,2025-09-30,"{'industry_category': '生技醫療業', 'stock_id': '1762', 'stock_name': '中化生', 'type': 'twse', 'date': '2025-09-30'}"
2227,1773,勝一,化學工業,twse,2025-09-30,"{'industry_category': '化學工業', 'stock_id': '1773', 'stock_name': '勝一', 'type': 'twse', 'date': '2025-09-30'}"
2228,1773,勝一,化學生技醫療,twse,2025-09-30,"{'industry_category': '化學生技醫療', 'stock_id': '1773', 'stock_name': '勝一', 'type': 'twse', 'date': '2025-09-30'}"
2229,1776,展宇,化學工業,twse,2025-09-30,"{'industry_category': '化學工業', 'stock_id': '1776', 'stock_name': '展宇', 'type': 'twse', 'date': '2025-09-30'}"
2230,1776,展宇,化學生技醫療,twse,2025-09-30,"{'industry_category': '化學生技醫療', 'stock_id': '1776', 'stock_name': '展宇', 'type': 'twse', 'date': '2025-09-30'}"
2231,1777,生泰,生技醫療業,tpex,2025-09-30,"{'industry_category': '生技醫療業', 'stock_id': '1777', 'stock_name': '生泰', 'type': 'tpex', 'date': '2025-09-30'}"
2232,1780,立弘,生技醫療業,emerging,2025-09-30,"{'industry_category': '生技醫療業', 'stock_id': '1780', 'stock_name': '立弘', 'type': 'emerging', 'date': '2025-09-30'}"
2233,1752,南光,化學生技醫療,twse,2025-09-30,"{'industry_category': '化學生技醫療', 'stock_id': '1752', 'stock_name': '南光', 'type': 'twse', 'date': '2025-09-30'}"
2234,1731,美吾華,化學生技醫療,twse,2025-09-30,"{'industry_category': '化學生技醫療', 'stock_id': '1731', 'stock_name': '美吾華', 'type': 'twse', 'date': '2025-09-30'}"
2235,1909,榮成,造紙工業,twse,2025-09-30,"{'industry_category': '造紙工業', 'stock_id': '1909', 'stock_name': '榮成', 'type': 'twse', 'date': '2025-09-30'}"
2236,2002A,中鋼特,鋼鐵工業,twse,2025-09-30,"{'industry_category': '鋼鐵工業', 'stock_id': '2002A', 'stock_name': '中鋼特', 'type': 'twse', 'date': '2025-09-30'}"
2237,2061,風青,電器電纜,tpex,2025-09-30,"{'industry_category': '電器電纜', 'stock_id': '2061', 'stock_name': '風青', 'type': 'tpex', 'date': '2025-09-30'}"
2238,2062,橋椿,居家生活,twse,2025-09-30,"{'industry_category': '居家生活', 'stock_id': '2062', 'stock_name': '橋椿', 'type': 'twse', 'date': '2025-09-30'}"
2239,2063,世鎧,鋼鐵工業,tpex,2025-09-30,"{'industry_category': '鋼鐵工業', 'stock_id': '2063', 'stock_name': '世鎧', 'type': 'tpex', 'date': '2025-09-30'}"
2240,2064,晉椿,鋼鐵工業,tpex,2025-09-30,"{'industry_category': '鋼鐵工業', 'stock_id': '2064', 'stock_name': '晉椿', 'type': 'tpex', 'date': '2025-09-30'}"
2241,2065,世豐,鋼鐵工業,tpex,2025-09-30,"{'industry_category': '鋼鐵工業', 'stock_id': '2065', 'stock_name': '世豐', 'type': 'tpex', 'date': '2025-09-30'}"
2242,2066,世德,電機機械,tpex,2025-09-30,"{'industry_category': '電機機械', 'stock_id': '2066', 'stock_name': '世德', 'type': 'tpex', 'date': '2025-09-30'}"
2243,2067,嘉鋼,電機機械,tpex,2025-09-30,"{'industry_category': '電機機械', 'stock_id': '2067', 'stock_name': '嘉鋼', 'type': 'tpex', 'date': '2025-09-30'}"
2244,2069,運錩,鋼鐵工業,twse,2025-09-30,"{'industry_category': '鋼鐵工業', 'stock_id': '2069', 'stock_name': '運錩', 'type': 'twse', 'date': '2025-09-30'}"
2245,2070,精湛,電機機械,tpex,2025-09-30,"{'industry_category': '電機機械', 'stock_id': '2070', 'stock_name': '精湛', 'type': 'tpex', 'date': '2025-09-30'}"
2246,2071,震南鐵,鋼鐵工業,emerging,2025-09-30,"{'industry_category': '鋼鐵工業', 'stock_id': '2071', 'stock_name': '震南鐵', 'type': 'emerging', 'date': '2025-09-30'}"
2247,2072,世紀風電,鋼鐵工業,emerging,2025-09-30,"{'industry_category': '鋼鐵工業', 'stock_id': '2072', 'stock_name': '世紀風電', 'type': 'emerging', 'date': '2025-09-30'}"
2248,2073,雄順,鋼鐵工業,tpex,2025-09-30,"{'industry_category': '鋼鐵工業', 'stock_id': '2073', 'stock_name': '雄順', 'type': 'tpex', 'date': '2025-09-30'}"
2249,2101,南港,橡膠工業,twse,2025-09-30,"{'industry_category': '橡膠工業', 'stock_id': '2101', 'stock_name': '南港', 'type': 'twse', 'date': '2025-09-30'}"
2250,2102,泰豐,橡膠工業,twse,2025-09-30,"{'industry_category': '橡膠工業', 'stock_id': '2102', 'stock_name': '泰豐', 'type': 'twse', 'date': '2025-09-30'}"
2251,2103,台橡,橡膠工業,twse,2025-09-30,"{'industry_category': '橡膠工業', 'stock_id': '2103', 'stock_name': '台橡', 'type': 'twse', 'date': '2025-09-30'}"
2252,2104,國際中橡,橡膠工業,twse,2025-09-30,"{'industry_category': '橡膠工業', 'stock_id': '2104', 'stock_name': '國際中橡', 'type': 'twse', 'date': '2025-09-30'}"
2253,2105,正新,橡膠工業,twse,2025-09-30,"{'industry_category': '橡膠工業', 'stock_id': '2105', 'stock_name': '正新', 'type': 'twse', 'date': '2025-09-30'}"
2254,2106,建大,橡膠工業,twse,2025-09-30,"{'industry_category': '橡膠工業', 'stock_id': '2106', 'stock_name': '建大', 'type': 'twse', 'date': '2025-09-30'}"
2255,2107,厚生,橡膠工業,twse,2025-09-30,"{'industry_category': '橡膠工業', 'stock_id': '2107', 'stock_name': '厚生', 'type': 'twse', 'date': '2025-09-30'}"
2256,2108,南帝,橡膠工業,twse,2025-09-30,"{'industry_category': '橡膠工業', 'stock_id': '2108', 'stock_name': '南帝', 'type': 'twse', 'date': '2025-09-30'}"
2257,2109,華豐,橡膠工業,twse,2025-09-30,"{'industry_category': '橡膠工業', 'stock_id': '2109', 'stock_name': '華豐', 'type': 'twse', 'date': '2025-09-30'}"
2258,2114,鑫永銓,橡膠工業,twse,2025-09-30,"{'industry_category': '橡膠工業', 'stock_id': '2114', 'stock_name': '鑫永銓', 'type': 'twse', 'date': '2025-09-30'}"
2259,2115,六暉-KY,汽車工業,twse,2025-09-30,"{'industry_category': '汽車工業', 'stock_id': '2115', 'stock_name': '六暉-KY', 'type': 'twse', 'date': '2025-09-30'}"
2260,2059,川湖,電子零組件業,twse,2025-09-30,"{'industry_category': '電子零組件業', 'stock_id': '2059', 'stock_name': '川湖', 'type': 'twse', 'date': '2025-09-30'}"
2261,2059,川湖,電子工業,twse,2025-09-30,"{'industry_category': '電子工業', 'stock_id': '2059', 'stock_name': '川湖', 'type': 'twse', 'date': '2025-09-30'}"
2262,2049,上銀,電機機械,twse,2025-09-30,"{'industry_category': '電機機械', 'stock_id': '2049', 'stock_name': '上銀', 'type': 'twse', 'date': '2025-09-30'}"
2263,2038,海光,鋼鐵工業,twse,2025-09-30,"{'industry_category': '鋼鐵工業', 'stock_id': '2038', 'stock_name': '海光', 'type': 'twse', 'date': '2025-09-30'}"
2264,2006,東和鋼鐵,鋼鐵工業,twse,2025-09-30,"{'industry_category': '鋼鐵工業', 'stock_id': '2006', 'stock_name': '東和鋼鐵', 'type': 'twse', 'date': '2025-09-30'}"
2265,2007,燁興,鋼鐵工業,twse,2025-09-30,"{'industry_category': '鋼鐵工業', 'stock_id': '2007', 'stock_name': '燁興', 'type': 'twse', 'date': '2025-09-30'}"
2266,2008,高興昌,鋼鐵工業,twse,2025-09-30,"{'industry_category': '鋼鐵工業', 'stock_id': '2008', 'stock_name': '高興昌', 'type': 'twse', 'date': '2025-09-30'}"
2267,2009,第一銅,鋼鐵工業,twse,2025-09-30,"{'industry_category': '鋼鐵工業', 'stock_id': '2009', 'stock_name': '第一銅', 'type': 'twse', 'date': '2025-09-30'}"
2268,2010,春源,鋼鐵工業,twse,2025-09-30,"{'industry_category': '鋼鐵工業', 'stock_id': '2010', 'stock_name': '春源', 'type': 'twse', 'date': '2025-09-30'}"
2269,2012,春雨,鋼鐵工業,twse,2025-09-30,"{'industry_category': '鋼鐵工業', 'stock_id': '2012', 'stock_name': '春雨', 'type': 'twse', 'date': '2025-09-30'}"
2270,2013,中鋼構,鋼鐵工業,twse,2025-09-30,"{'industry_category': '鋼鐵工業', 'stock_id': '2013', 'stock_name': '中鋼構', 'type': 'twse', 'date': '2025-09-30'}"
2271,2014,中鴻,鋼鐵工業,twse,2025-09-30,"{'industry_category': '鋼鐵工業', 'stock_id': '2014', 'stock_name': '中鴻', 'type': 'twse', 'date': '2025-09-30'}"
2272,2015,豐興,鋼鐵工業,twse,2025-09-30,"{'industry_category': '鋼鐵工業', 'stock_id': '2015', 'stock_name': '豐興', 'type': 'twse', 'date': '2025-09-30'}"
2273,2017,官田鋼,鋼鐵工業,twse,2025-09-30,"{'industry_category': '鋼鐵工業', 'stock_id': '2017', 'stock_name': '官田鋼', 'type': 'twse', 'date': '2025-09-30'}"
2274,2020,美亞,鋼鐵工業,twse,2025-09-30,"{'industry_category': '鋼鐵工業', 'stock_id': '2020', 'stock_name': '美亞', 'type': 'twse', 'date': '2025-09-30'}"
2275,2002,中鋼,鋼鐵工業,twse,2025-09-30,"{'industry_category': '鋼鐵工業', 'stock_id': '2002', 'stock_name': '中鋼', 'type': 'twse', 'date': '2025-09-30'}"
2276,2022,聚亨,鋼鐵工業,twse,2025-09-30,"{'industry_category': '鋼鐵工業', 'stock_id': '2022', 'stock_name': '聚亨', 'type': 'twse', 'date': '2025-09-30'}"
2277,2024,志聯,鋼鐵工業,twse,2025-09-30,"{'industry_category': '鋼鐵工業', 'stock_id': '2024', 'stock_name': '志聯', 'type': 'twse', 'date': '2025-09-30'}"
2278,2025,千興,鋼鐵工業,twse,2025-09-30,"{'industry_category': '鋼鐵工業', 'stock_id': '2025', 'stock_name': '千興', 'type': 'twse', 'date': '2025-09-30'}"
2279,2027,大成鋼,鋼鐵工業,twse,2025-09-30,"{'industry_category': '鋼鐵工業', 'stock_id': '2027', 'stock_name': '大成鋼', 'type': 'twse', 'date': '2025-09-30'}"
2280,2028,威致,鋼鐵工業,twse,2025-09-30,"{'industry_category': '鋼鐵工業', 'stock_id': '2028', 'stock_name': '威致', 'type': 'twse', 'date': '2025-09-30'}"
2281,2029,盛餘,鋼鐵工業,twse,2025-09-30,"{'industry_category': '鋼鐵工業', 'stock_id': '2029', 'stock_name': '盛餘', 'type': 'twse', 'date': '2025-09-30'}"
2282,2030,彰源,鋼鐵工業,twse,2025-09-30,"{'industry_category': '鋼鐵工業', 'stock_id': '2030', 'stock_name': '彰源', 'type': 'twse', 'date': '2025-09-30'}"
2283,2031,新光鋼,鋼鐵工業,twse,2025-09-30,"{'industry_category': '鋼鐵工業', 'stock_id': '2031', 'stock_name': '新光鋼', 'type': 'twse', 'date': '2025-09-30'}"
2284,2032,新鋼,鋼鐵工業,twse,2025-09-30,"{'industry_category': '鋼鐵工業', 'stock_id': '2032', 'stock_name': '新鋼', 'type': 'twse', 'date': '2025-09-30'}"
2285,2033,佳大,鋼鐵工業,twse,2025-09-30,"{'industry_category': '鋼鐵工業', 'stock_id': '2033', 'stock_name': '佳大', 'type': 'twse', 'date': '2025-09-30'}"
2286,2034,允強,鋼鐵工業,twse,2025-09-30,"{'industry_category': '鋼鐵工業', 'stock_id': '2034', 'stock_name': '允強', 'type': 'twse', 'date': '2025-09-30'}"
2287,2035,唐榮,鋼鐵工業,tpex,2025-09-30,"{'industry_category': '鋼鐵工業', 'stock_id': '2035', 'stock_name': '唐榮', 'type': 'tpex', 'date': '2025-09-30'}"
2288,2023,燁輝,鋼鐵工業,twse,2025-09-30,"{'industry_category': '鋼鐵工業', 'stock_id': '2023', 'stock_name': '燁輝', 'type': 'twse', 'date': '2025-09-30'}"
2289,2201,裕隆,汽車工業,twse,2025-09-30,"{'industry_category': '汽車工業', 'stock_id': '2201', 'stock_name': '裕隆', 'type': 'twse', 'date': '2025-09-30'}"
2290,1730,花仙子,化學生技醫療,twse,2025-09-30,"{'industry_category': '化學生技醫療', 'stock_id': '1730', 'stock_name': '花仙子', 'type': 'twse', 'date': '2025-09-30'}"
2291,1727,中華化,化學生技醫療,twse,2025-09-30,"{'industry_category': '化學生技醫療', 'stock_id': '1727', 'stock_name': '中華化', 'type': 'twse', 'date': '2025-09-30'}"
2292,1535,中宇,電機機械,twse,2025-09-30,"{'industry_category': '電機機械', 'stock_id': '1535', 'stock_name': '中宇', 'type': 'twse', 'date': '2025-09-30'}"
2293,1536,和大,汽車工業,twse,2025-09-30,"{'industry_category': '汽車工業', 'stock_id': '1536', 'stock_name': '和大', 'type': 'twse', 'date': '2025-09-30'}"
2294,1537,廣隆,電機機械,twse,2025-09-30,"{'industry_category': '電機機械', 'stock_id': '1537', 'stock_name': '廣隆', 'type': 'twse', 'date': '2025-09-30'}"
2295,1538,正峰,電機機械,twse,2025-09-30,"{'industry_category': '電機機械', 'stock_id': '1538', 'stock_name': '正峰', 'type': 'twse', 'date': '2025-09-30'}"
2296,1539,巨庭,電機機械,twse,2025-09-30,"{'industry_category': '電機機械', 'stock_id': '1539', 'stock_name': '巨庭', 'type': 'twse', 'date': '2025-09-30'}"
2297,1540,喬福,電機機械,twse,2025-09-30,"{'industry_category': '電機機械', 'stock_id': '1540', 'stock_name': '喬福', 'type': 'twse', 'date': '2025-09-30'}"
2298,1541,錩泰,電機機械,twse,2025-09-30,"{'industry_category': '電機機械', 'stock_id': '1541', 'stock_name': '錩泰', 'type': 'twse', 'date': '2025-09-30'}"
2299,1558,伸興,電機機械,twse,2025-09-30,"{'industry_category': '電機機械', 'stock_id': '1558', 'stock_name': '伸興', 'type': 'twse', 'date': '2025-09-30'}"
2300,1560,中砂,電機機械,twse,2025-09-30,"{'industry_category': '電機機械', 'stock_id': '1560', 'stock_name': '中砂', 'type': 'twse', 'date': '2025-09-30'}"
2301,1563,巧新,汽車工業,twse,2025-09-30,"{'industry_category': '汽車工業', 'stock_id': '1563', 'stock_name': '巧新', 'type': 'twse', 'date': '2025-09-30'}"
2302,1565,精華,生技醫療業,tpex,2025-09-30,"{'industry_category': '生技醫療業', 'stock_id': '1565', 'stock_name': '精華', 'type': 'tpex', 'date': '2025-09-30'}"
2303,1568,倉佑,汽車工業,twse,2025-09-30,"{'industry_category': '汽車工業', 'stock_id': '1568', 'stock_name': '倉佑', 'type': 'twse', 'date': '2025-09-30'}"
2304,1569,濱川,電腦及週邊設備業,tpex,2025-09-30,"{'industry_category': '電腦及週邊設備業', 'stock_id': '1569', 'stock_name': '濱川', 'type': 'tpex', 'date': '2025-09-30'}"
2305,1570,力肯,電機機械,tpex,2025-09-30,"{'industry_category': '電機機械', 'stock_id': '1570', 'stock_name': '力肯', 'type': 'tpex', 'date': '2025-09-30'}"
2306,1580,新麥,電機機械,tpex,2025-09-30,"{'industry_category': '電機機械', 'stock_id': '1580', 'stock_name': '新麥', 'type': 'tpex', 'date': '2025-09-30'}"
2307,1582,信錦,電子工業,twse,2025-09-30,"{'industry_category': '電子工業', 'stock_id': '1582', 'stock_name': '信錦', 'type': 'twse', 'date': '2025-09-30'}"
2308,1582,信錦,電子零組件業,twse,2025-09-30,"{'industry_category': '電子零組件業', 'stock_id': '1582', 'stock_name': '信錦', 'type': 'twse', 'date': '2025-09-30'}"
2309,1583,程泰,電機機械,twse,2025-09-30,"{'industry_category': '電機機械', 'stock_id': '1583', 'stock_name': '程泰', 'type': 'twse', 'date': '2025-09-30'}"
2310,1584,精剛,其他,tpex,2025-09-30,"{'industry_category': '其他', 'stock_id': '1584', 'stock_name': '精剛', 'type': 'tpex', 'date': '2025-09-30'}"
2311,1586,和勤,電機機械,tpex,2025-09-30,"{'industry_category': '電機機械', 'stock_id': '1586', 'stock_name': '和勤', 'type': 'tpex', 'date': '2025-09-30'}"
2312,1587,吉茂,汽車工業,twse,2025-09-30,"{'industry_category': '汽車工業', 'stock_id': '1587', 'stock_name': '吉茂', 'type': 'twse', 'date': '2025-09-30'}"
2313,1589,永冠-KY,電機機械,twse,2025-09-30,"{'industry_category': '電機機械', 'stock_id': '1589', 'stock_name': '永冠-KY', 'type': 'twse', 'date': '2025-09-30'}"
2314,1590,亞德客-KY,電機機械,twse,2025-09-30,"{'industry_category': '電機機械', 'stock_id': '1590', 'stock_name': '亞德客-KY', 'type': 'twse', 'date': '2025-09-30'}"
2315,1533,車王電,汽車工業,twse,2025-09-30,"{'industry_category': '汽車工業', 'stock_id': '1533', 'stock_name': '車王電', 'type': 'twse', 'date': '2025-09-30'}"
2316,1532,勤美,電機機械,twse,2025-09-30,"{'industry_category': '電機機械', 'stock_id': '1532', 'stock_name': '勤美', 'type': 'twse', 'date': '2025-09-30'}"
2317,1531,高林股,電機機械,twse,2025-09-30,"{'industry_category': '電機機械', 'stock_id': '1531', 'stock_name': '高林股', 'type': 'twse', 'date': '2025-09-30'}"
2318,1530,亞崴,電機機械,twse,2025-09-30,"{'industry_category': '電機機械', 'stock_id': '1530', 'stock_name': '亞崴', 'type': 'twse', 'date': '2025-09-30'}"
2319,1474,弘裕,紡織纖維,twse,2025-09-30,"{'industry_category': '紡織纖維', 'stock_id': '1474', 'stock_name': '弘裕', 'type': 'twse', 'date': '2025-09-30'}"
2320,1475,業旺,紡織纖維,twse,2025-09-30,"{'industry_category': '紡織纖維', 'stock_id': '1475', 'stock_name': '業旺', 'type': 'twse', 'date': '2025-09-30'}"
2321,1476,儒鴻,紡織纖維,twse,2025-09-30,"{'industry_category': '紡織纖維', 'stock_id': '1476', 'stock_name': '儒鴻', 'type': 'twse', 'date': '2025-09-30'}"
2322,1477,聚陽,紡織纖維,twse,2025-09-30,"{'industry_category': '紡織纖維', 'stock_id': '1477', 'stock_name': '聚陽', 'type': 'twse', 'date': '2025-09-30'}"
2323,1480,東盟開發,鋼鐵工業,emerging,2025-09-30,"{'industry_category': '鋼鐵工業', 'stock_id': '1480', 'stock_name': '東盟開發', 'type': 'emerging', 'date': '2025-09-30'}"
2324,1503,士電,電機機械,twse,2025-09-30,"{'industry_category': '電機機械', 'stock_id': '1503', 'stock_name': '士電', 'type': 'twse', 'date': '2025-09-30'}"
2325,1504,東元,電機機械,twse,2025-09-30,"{'industry_category': '電機機械', 'stock_id': '1504', 'stock_name': '東元', 'type': 'twse', 'date': '2025-09-30'}"
2326,1506,正道,電機機械,twse,2025-09-30,"{'industry_category': '電機機械', 'stock_id': '1506', 'stock_name': '正道', 'type': 'twse', 'date': '2025-09-30'}"
2327,1512,瑞利,汽車工業,twse,2025-09-30,"{'industry_category': '汽車工業', 'stock_id': '1512', 'stock_name': '瑞利', 'type': 'twse', 'date': '2025-09-30'}"
2328,1513,中興電,電機機械,twse,2025-09-30,"{'industry_category': '電機機械', 'stock_id': '1513', 'stock_name': '中興電', 'type': 'twse', 'date': '2025-09-30'}"
2329,1514,亞力,電機機械,twse,2025-09-30,"{'industry_category': '電機機械', 'stock_id': '1514', 'stock_name': '亞力', 'type': 'twse', 'date': '2025-09-30'}"
2330,1591,駿吉-KY,電機機械,tpex,2025-09-30,"{'industry_category': '電機機械', 'stock_id': '1591', 'stock_name': '駿吉-KY', 'type': 'tpex', 'date': '2025-09-30'}"
2331,1515,力山,電機機械,twse,2025-09-30,"{'industry_category': '電機機械', 'stock_id': '1515', 'stock_name': '力山', 'type': 'twse', 'date': '2025-09-30'}"
2332,1517,利奇,電機機械,twse,2025-09-30,"{'industry_category': '電機機械', 'stock_id': '1517', 'stock_name': '利奇', 'type': 'twse', 'date': '2025-09-30'}"
2333,1519,華城,電機機械,twse,2025-09-30,"{'industry_category': '電機機械', 'stock_id': '1519', 'stock_name': '華城', 'type': 'twse', 'date': '2025-09-30'}"
2334,1521,大億,汽車工業,twse,2025-09-30,"{'industry_category': '汽車工業', 'stock_id': '1521', 'stock_name': '大億', 'type': 'twse', 'date': '2025-09-30'}"
2335,1522,堤維西,汽車工業,twse,2025-09-30,"{'industry_category': '汽車工業', 'stock_id': '1522', 'stock_name': '堤維西', 'type': 'twse', 'date': '2025-09-30'}"
2336,1522A,堤維西甲特,汽車工業,twse,2025-09-30,"{'industry_category': '汽車工業', 'stock_id': '1522A', 'stock_name': '堤維西甲特', 'type': 'twse', 'date': '2025-09-30'}"
2337,1524,耿鼎,汽車工業,twse,2025-09-30,"{'industry_category': '汽車工業', 'stock_id': '1524', 'stock_name': '耿鼎', 'type': 'twse', 'date': '2025-09-30'}"
2338,1525,江申,汽車工業,twse,2025-09-30,"{'industry_category': '汽車工業', 'stock_id': '1525', 'stock_name': '江申', 'type': 'twse', 'date': '2025-09-30'}"
2339,1526,日馳,電機機械,twse,2025-09-30,"{'industry_category': '電機機械', 'stock_id': '1526', 'stock_name': '日馳', 'type': 'twse', 'date': '2025-09-30'}"
2340,1527,鑽全,電機機械,twse,2025-09-30,"{'industry_category': '電機機械', 'stock_id': '1527', 'stock_name': '鑽全', 'type': 'twse', 'date': '2025-09-30'}"
2341,1528,恩德,電機機械,twse,2025-09-30,"{'industry_category': '電機機械', 'stock_id': '1528', 'stock_name': '恩德', 'type': 'twse', 'date': '2025-09-30'}"
2342,1529,樂事綠能,電機機械,twse,2025-09-30,"{'industry_category': '電機機械', 'stock_id': '1529', 'stock_name': '樂事綠能', 'type': 'twse', 'date': '2025-09-30'}"
2343,1516,川飛,其他,twse,2025-09-30,"{'industry_category': '其他', 'stock_id': '1516', 'stock_name': '川飛', 'type': 'twse', 'date': '2025-09-30'}"
2344,1730,花仙子,化學工業,twse,2025-09-30,"{'industry_category': '化學工業', 'stock_id': '1730', 'stock_name': '花仙子', 'type': 'twse', 'date': '2025-09-30'}"
2345,1593,祺驊,運動休閒類,tpex,2025-09-30,"{'industry_category': '運動休閒類', 'stock_id': '1593', 'stock_name': '祺驊', 'type': 'tpex', 'date': '2025-09-30'}"
2346,1595,川寶,電子零組件業,tpex,2025-09-30,"{'industry_category': '電子零組件業', 'stock_id': '1595', 'stock_name': '川寶', 'type': 'tpex', 'date': '2025-09-30'}"
2347,1712,興農,化學工業,twse,2025-09-30,"{'industry_category': '化學工業', 'stock_id': '1712', 'stock_name': '興農', 'type': 'twse', 'date': '2025-09-30'}"
2348,1712,興農,化學生技醫療,twse,2025-09-30,"{'industry_category': '化學生技醫療', 'stock_id': '1712', 'stock_name': '興農', 'type': 'twse', 'date': '2025-09-30'}"
2349,1713,國化,化學工業,twse,2025-09-30,"{'industry_category': '化學工業', 'stock_id': '1713', 'stock_name': '國化', 'type': 'twse', 'date': '2025-09-30'}"
2350,1713,國化,化學生技醫療,twse,2025-09-30,"{'industry_category': '化學生技醫療', 'stock_id': '1713', 'stock_name': '國化', 'type': 'twse', 'date': '2025-09-30'}"
2351,1714,和桐,化學工業,twse,2025-09-30,"{'industry_category': '化學工業', 'stock_id': '1714', 'stock_name': '和桐', 'type': 'twse', 'date': '2025-09-30'}"
2352,1714,和桐,化學生技醫療,twse,2025-09-30,"{'industry_category': '化學生技醫療', 'stock_id': '1714', 'stock_name': '和桐', 'type': 'twse', 'date': '2025-09-30'}"
2353,1717,長興,化學工業,twse,2025-09-30,"{'industry_category': '化學工業', 'stock_id': '1717', 'stock_name': '長興', 'type': 'twse', 'date': '2025-09-30'}"
2354,1717,長興,化學生技醫療,twse,2025-09-30,"{'industry_category': '化學生技醫療', 'stock_id': '1717', 'stock_name': '長興', 'type': 'twse', 'date': '2025-09-30'}"
2355,1718,中纖,化學工業,twse,2025-09-30,"{'industry_category': '化學工業', 'stock_id': '1718', 'stock_name': '中纖', 'type': 'twse', 'date': '2025-09-30'}"
2356,1718,中纖,化學生技醫療,twse,2025-09-30,"{'industry_category': '化學生技醫療', 'stock_id': '1718', 'stock_name': '中纖', 'type': 'twse', 'date': '2025-09-30'}"
2357,1720,生達,化學生技醫療,twse,2025-09-30,"{'industry_category': '化學生技醫療', 'stock_id': '1720', 'stock_name': '生達', 'type': 'twse', 'date': '2025-09-30'}"
2358,1720,生達,生技醫療業,twse,2025-09-30,"{'industry_category': '生技醫療業', 'stock_id': '1720', 'stock_name': '生達', 'type': 'twse', 'date': '2025-09-30'}"
2359,1721,三晃,化學工業,twse,2025-09-30,"{'industry_category': '化學工業', 'stock_id': '1721', 'stock_name': '三晃', 'type': 'twse', 'date': '2025-09-30'}"
2360,1721,三晃,化學生技醫療,twse,2025-09-30,"{'industry_category': '化學生技醫療', 'stock_id': '1721', 'stock_name': '三晃', 'type': 'twse', 'date': '2025-09-30'}"
2361,1722,台肥,化學工業,twse,2025-09-30,"{'industry_category': '化學工業', 'stock_id': '1722', 'stock_name': '台肥', 'type': 'twse', 'date': '2025-09-30'}"
2362,1722,台肥,化學生技醫療,twse,2025-09-30,"{'industry_category': '化學生技醫療', 'stock_id': '1722', 'stock_name': '台肥', 'type': 'twse', 'date': '2025-09-30'}"
2363,1723,中碳,化學工業,twse,2025-09-30,"{'industry_category': '化學工業', 'stock_id': '1723', 'stock_name': '中碳', 'type': 'twse', 'date': '2025-09-30'}"
2364,1723,中碳,化學生技醫療,twse,2025-09-30,"{'industry_category': '化學生技醫療', 'stock_id': '1723', 'stock_name': '中碳', 'type': 'twse', 'date': '2025-09-30'}"
2365,1725,元禎,化學工業,twse,2025-09-30,"{'industry_category': '化學工業', 'stock_id': '1725', 'stock_name': '元禎', 'type': 'twse', 'date': '2025-09-30'}"
2366,1725,元禎,化學生技醫療,twse,2025-09-30,"{'industry_category': '化學生技醫療', 'stock_id': '1725', 'stock_name': '元禎', 'type': 'twse', 'date': '2025-09-30'}"
2367,1726,永記,化學工業,twse,2025-09-30,"{'industry_category': '化學工業', 'stock_id': '1726', 'stock_name': '永記', 'type': 'twse', 'date': '2025-09-30'}"
2368,1726,永記,化學生技醫療,twse,2025-09-30,"{'industry_category': '化學生技醫療', 'stock_id': '1726', 'stock_name': '永記', 'type': 'twse', 'date': '2025-09-30'}"
2369,1727,中華化,化學工業,twse,2025-09-30,"{'industry_category': '化學工業', 'stock_id': '1727', 'stock_name': '中華化', 'type': 'twse', 'date': '2025-09-30'}"
2370,1711,永光,化學生技醫療,twse,2025-09-30,"{'industry_category': '化學生技醫療', 'stock_id': '1711', 'stock_name': '永光', 'type': 'twse', 'date': '2025-09-30'}"
2371,1711,永光,化學工業,twse,2025-09-30,"{'industry_category': '化學工業', 'stock_id': '1711', 'stock_name': '永光', 'type': 'twse', 'date': '2025-09-30'}"
2372,1710,東聯,化學生技醫療,twse,2025-09-30,"{'industry_category': '化學生技醫療', 'stock_id': '1710', 'stock_name': '東聯', 'type': 'twse', 'date': '2025-09-30'}"
2373,1710,東聯,化學工業,twse,2025-09-30,"{'industry_category': '化學工業', 'stock_id': '1710', 'stock_name': '東聯', 'type': 'twse', 'date': '2025-09-30'}"
2374,1597,直得,電機機械,twse,2025-09-30,"{'industry_category': '電機機械', 'stock_id': '1597', 'stock_name': '直得', 'type': 'twse', 'date': '2025-09-30'}"
2375,1598,岱宇,運動休閒,twse,2025-09-30,"{'industry_category': '運動休閒', 'stock_id': '1598', 'stock_name': '岱宇', 'type': 'twse', 'date': '2025-09-30'}"
2376,1599,宏佳騰,電機機械,tpex,2025-09-30,"{'industry_category': '電機機械', 'stock_id': '1599', 'stock_name': '宏佳騰', 'type': 'tpex', 'date': '2025-09-30'}"
2377,1603,華電,電器電纜,twse,2025-09-30,"{'industry_category': '電器電纜', 'stock_id': '1603', 'stock_name': '華電', 'type': 'twse', 'date': '2025-09-30'}"
2378,1604,聲寶,電器電纜,twse,2025-09-30,"{'industry_category': '電器電纜', 'stock_id': '1604', 'stock_name': '聲寶', 'type': 'twse', 'date': '2025-09-30'}"
2379,1605,華新,電器電纜,twse,2025-09-30,"{'industry_category': '電器電纜', 'stock_id': '1605', 'stock_name': '華新', 'type': 'twse', 'date': '2025-09-30'}"
2380,1608,華榮,電器電纜,twse,2025-09-30,"{'industry_category': '電器電纜', 'stock_id': '1608', 'stock_name': '華榮', 'type': 'twse', 'date': '2025-09-30'}"
2381,1609,大亞,電器電纜,twse,2025-09-30,"{'industry_category': '電器電纜', 'stock_id': '1609', 'stock_name': '大亞', 'type': 'twse', 'date': '2025-09-30'}"
2382,1611,中電,電器電纜,twse,2025-09-30,"{'industry_category': '電器電纜', 'stock_id': '1611', 'stock_name': '中電', 'type': 'twse', 'date': '2025-09-30'}"
2383,1612,宏泰,電器電纜,twse,2025-09-30,"{'industry_category': '電器電纜', 'stock_id': '1612', 'stock_name': '宏泰', 'type': 'twse', 'date': '2025-09-30'}"
2384,1614,三洋電,電器電纜,twse,2025-09-30,"{'industry_category': '電器電纜', 'stock_id': '1614', 'stock_name': '三洋電', 'type': 'twse', 'date': '2025-09-30'}"
2385,1594,日高,電機機械,emerging,2025-09-30,"{'industry_category': '電機機械', 'stock_id': '1594', 'stock_name': '日高', 'type': 'emerging', 'date': '2025-09-30'}"
2386,1615,大山,電器電纜,twse,2025-09-30,"{'industry_category': '電器電纜', 'stock_id': '1615', 'stock_name': '大山', 'type': 'twse', 'date': '2025-09-30'}"
2387,1617,榮星,電器電纜,twse,2025-09-30,"{'industry_category': '電器電纜', 'stock_id': '1617', 'stock_name': '榮星', 'type': 'twse', 'date': '2025-09-30'}"
2388,1618,合機,電器電纜,twse,2025-09-30,"{'industry_category': '電器電纜', 'stock_id': '1618', 'stock_name': '合機', 'type': 'twse', 'date': '2025-09-30'}"
2389,1623,大東電,電器電纜,emerging,2025-09-30,"{'industry_category': '電器電纜', 'stock_id': '1623', 'stock_name': '大東電', 'type': 'emerging', 'date': '2025-09-30'}"
2390,1626,艾美特-KY,電器電纜,twse,2025-09-30,"{'industry_category': '電器電纜', 'stock_id': '1626', 'stock_name': '艾美特-KY', 'type': 'twse', 'date': '2025-09-30'}"
2391,1702,南僑,食品工業,twse,2025-09-30,"{'industry_category': '食品工業', 'stock_id': '1702', 'stock_name': '南僑', 'type': 'twse', 'date': '2025-09-30'}"
2392,1707,葡萄王,化學生技醫療,twse,2025-09-30,"{'industry_category': '化學生技醫療', 'stock_id': '1707', 'stock_name': '葡萄王', 'type': 'twse', 'date': '2025-09-30'}"
2393,1707,葡萄王,生技醫療業,twse,2025-09-30,"{'industry_category': '生技醫療業', 'stock_id': '1707', 'stock_name': '葡萄王', 'type': 'twse', 'date': '2025-09-30'}"
2394,1708,東鹼,化學工業,twse,2025-09-30,"{'industry_category': '化學工業', 'stock_id': '1708', 'stock_name': '東鹼', 'type': 'twse', 'date': '2025-09-30'}"
2395,1708,東鹼,化學生技醫療,twse,2025-09-30,"{'industry_category': '化學生技醫療', 'stock_id': '1708', 'stock_name': '東鹼', 'type': 'twse', 'date': '2025-09-30'}"
2396,1709,和益,化學工業,twse,2025-09-30,"{'industry_category': '化學工業', 'stock_id': '1709', 'stock_name': '和益', 'type': 'twse', 'date': '2025-09-30'}"
2397,1709,和益,化學生技醫療,twse,2025-09-30,"{'industry_category': '化學生技醫療', 'stock_id': '1709', 'stock_name': '和益', 'type': 'twse', 'date': '2025-09-30'}"
2398,1616,億泰,電器電纜,twse,2025-09-30,"{'industry_category': '電器電纜', 'stock_id': '1616', 'stock_name': '億泰', 'type': 'twse', 'date': '2025-09-30'}"
2399,2204,中華,汽車工業,twse,2025-09-30,"{'industry_category': '汽車工業', 'stock_id': '2204', 'stock_name': '中華', 'type': 'twse', 'date': '2025-09-30'}"
2400,2206,三陽工業,汽車工業,twse,2025-09-30,"{'industry_category': '汽車工業', 'stock_id': '2206', 'stock_name': '三陽工業', 'type': 'twse', 'date': '2025-09-30'}"
2401,2207,和泰車,汽車工業,twse,2025-09-30,"{'industry_category': '汽車工業', 'stock_id': '2207', 'stock_name': '和泰車', 'type': 'twse', 'date': '2025-09-30'}"
2402,2392,正崴,電子工業,twse,2025-09-30,"{'industry_category': '電子工業', 'stock_id': '2392', 'stock_name': '正崴', 'type': 'twse', 'date': '2025-09-30'}"
2403,2392,正崴,電子零組件業,twse,2025-09-30,"{'industry_category': '電子零組件業', 'stock_id': '2392', 'stock_name': '正崴', 'type': 'twse', 'date': '2025-09-30'}"
2404,2393,億光,光電業,twse,2025-09-30,"{'industry_category': '光電業', 'stock_id': '2393', 'stock_name': '億光', 'type': 'twse', 'date': '2025-09-30'}"
2405,2393,億光,電子工業,twse,2025-09-30,"{'industry_category': '電子工業', 'stock_id': '2393', 'stock_name': '億光', 'type': 'twse', 'date': '2025-09-30'}"
2406,2395,研華,電子工業,twse,2025-09-30,"{'industry_category': '電子工業', 'stock_id': '2395', 'stock_name': '研華', 'type': 'twse', 'date': '2025-09-30'}"
2407,2395,研華,電腦及週邊設備業,twse,2025-09-30,"{'industry_category': '電腦及週邊設備業', 'stock_id': '2395', 'stock_name': '研華', 'type': 'twse', 'date': '2025-09-30'}"
2408,2397,友通,電子工業,twse,2025-09-30,"{'industry_category': '電子工業', 'stock_id': '2397', 'stock_name': '友通', 'type': 'twse', 'date': '2025-09-30'}"
2409,2397,友通,電腦及週邊設備業,twse,2025-09-30,"{'industry_category': '電腦及週邊設備業', 'stock_id': '2397', 'stock_name': '友通', 'type': 'twse', 'date': '2025-09-30'}"
2410,2399,映泰,電子工業,twse,2025-09-30,"{'industry_category': '電子工業', 'stock_id': '2399', 'stock_name': '映泰', 'type': 'twse', 'date': '2025-09-30'}"
2411,2399,映泰,電腦及週邊設備業,twse,2025-09-30,"{'industry_category': '電腦及週邊設備業', 'stock_id': '2399', 'stock_name': '映泰', 'type': 'twse', 'date': '2025-09-30'}"
2412,2401,凌陽,半導體業,twse,2025-09-30,"{'industry_category': '半導體業', 'stock_id': '2401', 'stock_name': '凌陽', 'type': 'twse', 'date': '2025-09-30'}"
2413,2401,凌陽,電子工業,twse,2025-09-30,"{'industry_category': '電子工業', 'stock_id': '2401', 'stock_name': '凌陽', 'type': 'twse', 'date': '2025-09-30'}"
2414,2402,毅嘉,電子工業,twse,2025-09-30,"{'industry_category': '電子工業', 'stock_id': '2402', 'stock_name': '毅嘉', 'type': 'twse', 'date': '2025-09-30'}"
2415,2402,毅嘉,電子零組件業,twse,2025-09-30,"{'industry_category': '電子零組件業', 'stock_id': '2402', 'stock_name': '毅嘉', 'type': 'twse', 'date': '2025-09-30'}"
2416,2404,漢唐,其他電子業,twse,2025-09-30,"{'industry_category': '其他電子業', 'stock_id': '2404', 'stock_name': '漢唐', 'type': 'twse', 'date': '2025-09-30'}"
2417,2404,漢唐,電子工業,twse,2025-09-30,"{'industry_category': '電子工業', 'stock_id': '2404', 'stock_name': '漢唐', 'type': 'twse', 'date': '2025-09-30'}"
2418,2405,輔信,電子工業,twse,2025-09-30,"{'industry_category': '電子工業', 'stock_id': '2405', 'stock_name': '輔信', 'type': 'twse', 'date': '2025-09-30'}"
2419,2405,輔信,電腦及週邊設備業,twse,2025-09-30,"{'industry_category': '電腦及週邊設備業', 'stock_id': '2405', 'stock_name': '輔信', 'type': 'twse', 'date': '2025-09-30'}"
2420,2406,國碩,光電業,twse,2025-09-30,"{'industry_category': '光電業', 'stock_id': '2406', 'stock_name': '國碩', 'type': 'twse', 'date': '2025-09-30'}"
2421,2406,國碩,電子工業,twse,2025-09-30,"{'industry_category': '電子工業', 'stock_id': '2406', 'stock_name': '國碩', 'type': 'twse', 'date': '2025-09-30'}"
2422,2408,南亞科,半導體業,twse,2025-09-30,"{'industry_category': '半導體業', 'stock_id': '2408', 'stock_name': '南亞科', 'type': 'twse', 'date': '2025-09-30'}"
2423,2408,南亞科,電子工業,twse,2025-09-30,"{'industry_category': '電子工業', 'stock_id': '2408', 'stock_name': '南亞科', 'type': 'twse', 'date': '2025-09-30'}"
2424,2409,友達,光電業,twse,2025-09-30,"{'industry_category': '光電業', 'stock_id': '2409', 'stock_name': '友達', 'type': 'twse', 'date': '2025-09-30'}"
2425,2390,云辰,電子工業,twse,2025-09-30,"{'industry_category': '電子工業', 'stock_id': '2390', 'stock_name': '云辰', 'type': 'twse', 'date': '2025-09-30'}"
2426,2390,云辰,其他電子業,twse,2025-09-30,"{'industry_category': '其他電子業', 'stock_id': '2390', 'stock_name': '云辰', 'type': 'twse', 'date': '2025-09-30'}"
2427,2388,威盛,電子工業,twse,2025-09-30,"{'industry_category': '電子工業', 'stock_id': '2388', 'stock_name': '威盛', 'type': 'twse', 'date': '2025-09-30'}"
2428,2388,威盛,半導體業,twse,2025-09-30,"{'industry_category': '半導體業', 'stock_id': '2388', 'stock_name': '威盛', 'type': 'twse', 'date': '2025-09-30'}"
2429,2369,菱生,電子工業,twse,2025-09-30,"{'industry_category': '電子工業', 'stock_id': '2369', 'stock_name': '菱生', 'type': 'twse', 'date': '2025-09-30'}"
2430,2371,大同,電機機械,twse,2025-09-30,"{'industry_category': '電機機械', 'stock_id': '2371', 'stock_name': '大同', 'type': 'twse', 'date': '2025-09-30'}"
2431,2373,震旦行,其他電子業,twse,2025-09-30,"{'industry_category': '其他電子業', 'stock_id': '2373', 'stock_name': '震旦行', 'type': 'twse', 'date': '2025-09-30'}"
2432,2373,震旦行,電子工業,twse,2025-09-30,"{'industry_category': '電子工業', 'stock_id': '2373', 'stock_name': '震旦行', 'type': 'twse', 'date': '2025-09-30'}"
2433,2374,佳能,光電業,twse,2025-09-30,"{'industry_category': '光電業', 'stock_id': '2374', 'stock_name': '佳能', 'type': 'twse', 'date': '2025-09-30'}"
2434,2374,佳能,電子工業,twse,2025-09-30,"{'industry_category': '電子工業', 'stock_id': '2374', 'stock_name': '佳能', 'type': 'twse', 'date': '2025-09-30'}"
2435,2375,凱美,電子工業,twse,2025-09-30,"{'industry_category': '電子工業', 'stock_id': '2375', 'stock_name': '凱美', 'type': 'twse', 'date': '2025-09-30'}"
2436,2375,凱美,電子零組件業,twse,2025-09-30,"{'industry_category': '電子零組件業', 'stock_id': '2375', 'stock_name': '凱美', 'type': 'twse', 'date': '2025-09-30'}"
2437,2376,技嘉,電子工業,twse,2025-09-30,"{'industry_category': '電子工業', 'stock_id': '2376', 'stock_name': '技嘉', 'type': 'twse', 'date': '2025-09-30'}"
2438,2376,技嘉,電腦及週邊設備業,twse,2025-09-30,"{'industry_category': '電腦及週邊設備業', 'stock_id': '2376', 'stock_name': '技嘉', 'type': 'twse', 'date': '2025-09-30'}"
2439,2377,微星,電子工業,twse,2025-09-30,"{'industry_category': '電子工業', 'stock_id': '2377', 'stock_name': '微星', 'type': 'twse', 'date': '2025-09-30'}"
2440,2409,友達,電子工業,twse,2025-09-30,"{'industry_category': '電子工業', 'stock_id': '2409', 'stock_name': '友達', 'type': 'twse', 'date': '2025-09-30'}"
2441,2377,微星,電腦及週邊設備業,twse,2025-09-30,"{'industry_category': '電腦及週邊設備業', 'stock_id': '2377', 'stock_name': '微星', 'type': 'twse', 'date': '2025-09-30'}"
2442,2379,瑞昱,電子工業,twse,2025-09-30,"{'industry_category': '電子工業', 'stock_id': '2379', 'stock_name': '瑞昱', 'type': 'twse', 'date': '2025-09-30'}"
2443,2380,虹光,電子工業,twse,2025-09-30,"{'industry_category': '電子工業', 'stock_id': '2380', 'stock_name': '虹光', 'type': 'twse', 'date': '2025-09-30'}"
2444,2380,虹光,電腦及週邊設備業,twse,2025-09-30,"{'industry_category': '電腦及週邊設備業', 'stock_id': '2380', 'stock_name': '虹光', 'type': 'twse', 'date': '2025-09-30'}"
2445,2382,廣達,電子工業,twse,2025-09-30,"{'industry_category': '電子工業', 'stock_id': '2382', 'stock_name': '廣達', 'type': 'twse', 'date': '2025-09-30'}"
2446,2382,廣達,電腦及週邊設備業,twse,2025-09-30,"{'industry_category': '電腦及週邊設備業', 'stock_id': '2382', 'stock_name': '廣達', 'type': 'twse', 'date': '2025-09-30'}"
2447,2383,台光電,電子工業,twse,2025-09-30,"{'industry_category': '電子工業', 'stock_id': '2383', 'stock_name': '台光電', 'type': 'twse', 'date': '2025-09-30'}"
2448,2383,台光電,電子零組件業,twse,2025-09-30,"{'industry_category': '電子零組件業', 'stock_id': '2383', 'stock_name': '台光電', 'type': 'twse', 'date': '2025-09-30'}"
2449,2385,群光,電子工業,twse,2025-09-30,"{'industry_category': '電子工業', 'stock_id': '2385', 'stock_name': '群光', 'type': 'twse', 'date': '2025-09-30'}"
2450,2385,群光,電子零組件業,twse,2025-09-30,"{'industry_category': '電子零組件業', 'stock_id': '2385', 'stock_name': '群光', 'type': 'twse', 'date': '2025-09-30'}"
2451,2387,精元,電子工業,twse,2025-09-30,"{'industry_category': '電子工業', 'stock_id': '2387', 'stock_name': '精元', 'type': 'twse', 'date': '2025-09-30'}"
2452,2387,精元,電腦及週邊設備業,twse,2025-09-30,"{'industry_category': '電腦及週邊設備業', 'stock_id': '2387', 'stock_name': '精元', 'type': 'twse', 'date': '2025-09-30'}"
2453,2379,瑞昱,半導體業,twse,2025-09-30,"{'industry_category': '半導體業', 'stock_id': '2379', 'stock_name': '瑞昱', 'type': 'twse', 'date': '2025-09-30'}"
2454,2369,菱生,半導體業,twse,2025-09-30,"{'industry_category': '半導體業', 'stock_id': '2369', 'stock_name': '菱生', 'type': 'twse', 'date': '2025-09-30'}"
2455,2412,中華電,通信網路業,twse,2025-09-30,"{'industry_category': '通信網路業', 'stock_id': '2412', 'stock_name': '中華電', 'type': 'twse', 'date': '2025-09-30'}"
2456,2413,環科,電子工業,twse,2025-09-30,"{'industry_category': '電子工業', 'stock_id': '2413', 'stock_name': '環科', 'type': 'twse', 'date': '2025-09-30'}"
2457,2430,燦坤,電子通路業,twse,2025-09-30,"{'industry_category': '電子通路業', 'stock_id': '2430', 'stock_name': '燦坤', 'type': 'twse', 'date': '2025-09-30'}"
2458,2431,聯昌,電子工業,twse,2025-09-30,"{'industry_category': '電子工業', 'stock_id': '2431', 'stock_name': '聯昌', 'type': 'twse', 'date': '2025-09-30'}"
2459,2431,聯昌,電子零組件業,twse,2025-09-30,"{'industry_category': '電子零組件業', 'stock_id': '2431', 'stock_name': '聯昌', 'type': 'twse', 'date': '2025-09-30'}"
2460,2432,倚天酷碁-創,創新板股票,twse,2025-09-30,"{'industry_category': '創新板股票', 'stock_id': '2432', 'stock_name': '倚天酷碁-創', 'type': 'twse', 'date': '2025-09-30'}"
2461,2432,倚天酷碁-創,電子工業,twse,2025-09-30,"{'industry_category': '電子工業', 'stock_id': '2432', 'stock_name': '倚天酷碁-創', 'type': 'twse', 'date': '2025-09-30'}"
2462,2432,倚天酷碁-創,電腦及週邊設備業,twse,2025-09-30,"{'industry_category': '電腦及週邊設備業', 'stock_id': '2432', 'stock_name': '倚天酷碁-創', 'type': 'twse', 'date': '2025-09-30'}"
2463,2433,互盛電,其他電子業,twse,2025-09-30,"{'industry_category': '其他電子業', 'stock_id': '2433', 'stock_name': '互盛電', 'type': 'twse', 'date': '2025-09-30'}"
2464,2433,互盛電,電子工業,twse,2025-09-30,"{'industry_category': '電子工業', 'stock_id': '2433', 'stock_name': '互盛電', 'type': 'twse', 'date': '2025-09-30'}"
2465,2434,統懋,半導體業,twse,2025-09-30,"{'industry_category': '半導體業', 'stock_id': '2434', 'stock_name': '統懋', 'type': 'twse', 'date': '2025-09-30'}"
2466,2434,統懋,電子工業,twse,2025-09-30,"{'industry_category': '電子工業', 'stock_id': '2434', 'stock_name': '統懋', 'type': 'twse', 'date': '2025-09-30'}"
2467,4754,國碳科,化學工業,tpex,2025-09-30,"{'industry_category': '化學工業', 'stock_id': '4754', 'stock_name': '國碳科', 'type': 'tpex', 'date': '2025-09-30'}"
2468,2436,偉詮電,電子工業,twse,2025-09-30,"{'industry_category': '電子工業', 'stock_id': '2436', 'stock_name': '偉詮電', 'type': 'twse', 'date': '2025-09-30'}"
2469,2438,翔耀,光電業,twse,2025-09-30,"{'industry_category': '光電業', 'stock_id': '2438', 'stock_name': '翔耀', 'type': 'twse', 'date': '2025-09-30'}"
2470,2438,翔耀,電子工業,twse,2025-09-30,"{'industry_category': '電子工業', 'stock_id': '2438', 'stock_name': '翔耀', 'type': 'twse', 'date': '2025-09-30'}"
2471,2439,美律,通信網路業,twse,2025-09-30,"{'industry_category': '通信網路業', 'stock_id': '2439', 'stock_name': '美律', 'type': 'twse', 'date': '2025-09-30'}"
2472,2439,美律,電子工業,twse,2025-09-30,"{'industry_category': '電子工業', 'stock_id': '2439', 'stock_name': '美律', 'type': 'twse', 'date': '2025-09-30'}"
2473,2440,太空梭,電子工業,twse,2025-09-30,"{'industry_category': '電子工業', 'stock_id': '2440', 'stock_name': '太空梭', 'type': 'twse', 'date': '2025-09-30'}"
2474,2440,太空梭,電子零組件業,twse,2025-09-30,"{'industry_category': '電子零組件業', 'stock_id': '2440', 'stock_name': '太空梭', 'type': 'twse', 'date': '2025-09-30'}"
2475,2441,超豐,半導體業,twse,2025-09-30,"{'industry_category': '半導體業', 'stock_id': '2441', 'stock_name': '超豐', 'type': 'twse', 'date': '2025-09-30'}"
2476,2441,超豐,電子工業,twse,2025-09-30,"{'industry_category': '電子工業', 'stock_id': '2441', 'stock_name': '超豐', 'type': 'twse', 'date': '2025-09-30'}"
2477,2442,新美齊,建材營造,twse,2025-09-30,"{'industry_category': '建材營造', 'stock_id': '2442', 'stock_name': '新美齊', 'type': 'twse', 'date': '2025-09-30'}"
2478,2444,兆勁,通信網路業,twse,2025-09-30,"{'industry_category': '通信網路業', 'stock_id': '2444', 'stock_name': '兆勁', 'type': 'twse', 'date': '2025-09-30'}"
2479,2444,兆勁,電子工業,twse,2025-09-30,"{'industry_category': '電子工業', 'stock_id': '2444', 'stock_name': '兆勁', 'type': 'twse', 'date': '2025-09-30'}"
2480,2430,燦坤,電子工業,twse,2025-09-30,"{'industry_category': '電子工業', 'stock_id': '2430', 'stock_name': '燦坤', 'type': 'twse', 'date': '2025-09-30'}"
2481,2429,銘旺科,電子工業,twse,2025-09-30,"{'industry_category': '電子工業', 'stock_id': '2429', 'stock_name': '銘旺科', 'type': 'twse', 'date': '2025-09-30'}"
2482,2429,銘旺科,光電業,twse,2025-09-30,"{'industry_category': '光電業', 'stock_id': '2429', 'stock_name': '銘旺科', 'type': 'twse', 'date': '2025-09-30'}"
2483,2428,興勤,電子零組件業,twse,2025-09-30,"{'industry_category': '電子零組件業', 'stock_id': '2428', 'stock_name': '興勤', 'type': 'twse', 'date': '2025-09-30'}"
2484,2413,環科,電子零組件業,twse,2025-09-30,"{'industry_category': '電子零組件業', 'stock_id': '2413', 'stock_name': '環科', 'type': 'twse', 'date': '2025-09-30'}"
2485,2414,精技,電子工業,twse,2025-09-30,"{'industry_category': '電子工業', 'stock_id': '2414', 'stock_name': '精技', 'type': 'twse', 'date': '2025-09-30'}"
2486,2414,精技,電子通路業,twse,2025-09-30,"{'industry_category': '電子通路業', 'stock_id': '2414', 'stock_name': '精技', 'type': 'twse', 'date': '2025-09-30'}"
2487,2415,錩新,電子工業,twse,2025-09-30,"{'industry_category': '電子工業', 'stock_id': '2415', 'stock_name': '錩新', 'type': 'twse', 'date': '2025-09-30'}"
2488,2415,錩新,電子零組件業,twse,2025-09-30,"{'industry_category': '電子零組件業', 'stock_id': '2415', 'stock_name': '錩新', 'type': 'twse', 'date': '2025-09-30'}"
2489,2417,圓剛,電子工業,twse,2025-09-30,"{'industry_category': '電子工業', 'stock_id': '2417', 'stock_name': '圓剛', 'type': 'twse', 'date': '2025-09-30'}"
2490,2417,圓剛,電腦及週邊設備業,twse,2025-09-30,"{'industry_category': '電腦及週邊設備業', 'stock_id': '2417', 'stock_name': '圓剛', 'type': 'twse', 'date': '2025-09-30'}"
2491,2419,仲琦,通信網路業,twse,2025-09-30,"{'industry_category': '通信網路業', 'stock_id': '2419', 'stock_name': '仲琦', 'type': 'twse', 'date': '2025-09-30'}"
2492,2419,仲琦,電子工業,twse,2025-09-30,"{'industry_category': '電子工業', 'stock_id': '2419', 'stock_name': '仲琦', 'type': 'twse', 'date': '2025-09-30'}"
2493,2420,新巨,電子工業,twse,2025-09-30,"{'industry_category': '電子工業', 'stock_id': '2420', 'stock_name': '新巨', 'type': 'twse', 'date': '2025-09-30'}"
2494,2420,新巨,電子零組件業,twse,2025-09-30,"{'industry_category': '電子零組件業', 'stock_id': '2420', 'stock_name': '新巨', 'type': 'twse', 'date': '2025-09-30'}"
2495,2412,中華電,電子工業,twse,2025-09-30,"{'industry_category': '電子工業', 'stock_id': '2412', 'stock_name': '中華電', 'type': 'twse', 'date': '2025-09-30'}"
2496,2421,建準,電子工業,twse,2025-09-30,"{'industry_category': '電子工業', 'stock_id': '2421', 'stock_name': '建準', 'type': 'twse', 'date': '2025-09-30'}"
2497,2423,固緯,其他電子業,twse,2025-09-30,"{'industry_category': '其他電子業', 'stock_id': '2423', 'stock_name': '固緯', 'type': 'twse', 'date': '2025-09-30'}"
2498,2423,固緯,電子工業,twse,2025-09-30,"{'industry_category': '電子工業', 'stock_id': '2423', 'stock_name': '固緯', 'type': 'twse', 'date': '2025-09-30'}"
2499,2424,隴華,通信網路業,twse,2025-09-30,"{'industry_category': '通信網路業', 'stock_id': '2424', 'stock_name': '隴華', 'type': 'twse', 'date': '2025-09-30'}"
2500,2424,隴華,電子工業,twse,2025-09-30,"{'industry_category': '電子工業', 'stock_id': '2424', 'stock_name': '隴華', 'type': 'twse', 'date': '2025-09-30'}"
2501,2425,承啟,電子工業,twse,2025-09-30,"{'industry_category': '電子工業', 'stock_id': '2425', 'stock_name': '承啟', 'type': 'twse', 'date': '2025-09-30'}"
2502,2425,承啟,電腦及週邊設備業,twse,2025-09-30,"{'industry_category': '電腦及週邊設備業', 'stock_id': '2425', 'stock_name': '承啟', 'type': 'twse', 'date': '2025-09-30'}"
2503,2426,鼎元,光電業,twse,2025-09-30,"{'industry_category': '光電業', 'stock_id': '2426', 'stock_name': '鼎元', 'type': 'twse', 'date': '2025-09-30'}"
2504,2426,鼎元,電子工業,twse,2025-09-30,"{'industry_category': '電子工業', 'stock_id': '2426', 'stock_name': '鼎元', 'type': 'twse', 'date': '2025-09-30'}"
2505,2427,三商電,資訊服務業,twse,2025-09-30,"{'industry_category': '資訊服務業', 'stock_id': '2427', 'stock_name': '三商電', 'type': 'twse', 'date': '2025-09-30'}"
2506,2427,三商電,電子工業,twse,2025-09-30,"{'industry_category': '電子工業', 'stock_id': '2427', 'stock_name': '三商電', 'type': 'twse', 'date': '2025-09-30'}"
2507,2428,興勤,電子工業,twse,2025-09-30,"{'industry_category': '電子工業', 'stock_id': '2428', 'stock_name': '興勤', 'type': 'twse', 'date': '2025-09-30'}"
2508,2421,建準,電子零組件業,twse,2025-09-30,"{'industry_category': '電子零組件業', 'stock_id': '2421', 'stock_name': '建準', 'type': 'twse', 'date': '2025-09-30'}"
2509,2368,金像電,電子零組件業,twse,2025-09-30,"{'industry_category': '電子零組件業', 'stock_id': '2368', 'stock_name': '金像電', 'type': 'twse', 'date': '2025-09-30'}"
2510,2368,金像電,電子工業,twse,2025-09-30,"{'industry_category': '電子工業', 'stock_id': '2368', 'stock_name': '金像電', 'type': 'twse', 'date': '2025-09-30'}"
2511,2367,燿華,電子零組件業,twse,2025-09-30,"{'industry_category': '電子零組件業', 'stock_id': '2367', 'stock_name': '燿華', 'type': 'twse', 'date': '2025-09-30'}"
2512,2302,麗正,半導體業,twse,2025-09-30,"{'industry_category': '半導體業', 'stock_id': '2302', 'stock_name': '麗正', 'type': 'twse', 'date': '2025-09-30'}"
2513,2302,麗正,電子工業,twse,2025-09-30,"{'industry_category': '電子工業', 'stock_id': '2302', 'stock_name': '麗正', 'type': 'twse', 'date': '2025-09-30'}"
2514,2303,聯電,半導體業,twse,2025-09-30,"{'industry_category': '半導體業', 'stock_id': '2303', 'stock_name': '聯電', 'type': 'twse', 'date': '2025-09-30'}"
2515,2303,聯電,電子工業,twse,2025-09-30,"{'industry_category': '電子工業', 'stock_id': '2303', 'stock_name': '聯電', 'type': 'twse', 'date': '2025-09-30'}"
2516,2305,全友,電子工業,twse,2025-09-30,"{'industry_category': '電子工業', 'stock_id': '2305', 'stock_name': '全友', 'type': 'twse', 'date': '2025-09-30'}"
2517,2305,全友,電腦及週邊設備業,twse,2025-09-30,"{'industry_category': '電腦及週邊設備業', 'stock_id': '2305', 'stock_name': '全友', 'type': 'twse', 'date': '2025-09-30'}"
2518,2308,台達電,電子工業,twse,2025-09-30,"{'industry_category': '電子工業', 'stock_id': '2308', 'stock_name': '台達電', 'type': 'twse', 'date': '2025-09-30'}"
2519,2308,台達電,電子零組件業,twse,2025-09-30,"{'industry_category': '電子零組件業', 'stock_id': '2308', 'stock_name': '台達電', 'type': 'twse', 'date': '2025-09-30'}"
2520,2312,金寶,其他電子業,twse,2025-09-30,"{'industry_category': '其他電子業', 'stock_id': '2312', 'stock_name': '金寶', 'type': 'twse', 'date': '2025-09-30'}"
2521,2312,金寶,電子工業,twse,2025-09-30,"{'industry_category': '電子工業', 'stock_id': '2312', 'stock_name': '金寶', 'type': 'twse', 'date': '2025-09-30'}"
2522,2313,華通,電子工業,twse,2025-09-30,"{'industry_category': '電子工業', 'stock_id': '2313', 'stock_name': '華通', 'type': 'twse', 'date': '2025-09-30'}"
2523,2313,華通,電子零組件業,twse,2025-09-30,"{'industry_category': '電子零組件業', 'stock_id': '2313', 'stock_name': '華通', 'type': 'twse', 'date': '2025-09-30'}"
2524,2314,台揚,通信網路業,twse,2025-09-30,"{'industry_category': '通信網路業', 'stock_id': '2314', 'stock_name': '台揚', 'type': 'twse', 'date': '2025-09-30'}"
2525,2314,台揚,電子工業,twse,2025-09-30,"{'industry_category': '電子工業', 'stock_id': '2314', 'stock_name': '台揚', 'type': 'twse', 'date': '2025-09-30'}"
2526,2316,楠梓電,電子工業,twse,2025-09-30,"{'industry_category': '電子工業', 'stock_id': '2316', 'stock_name': '楠梓電', 'type': 'twse', 'date': '2025-09-30'}"
2527,2316,楠梓電,電子零組件業,twse,2025-09-30,"{'industry_category': '電子零組件業', 'stock_id': '2316', 'stock_name': '楠梓電', 'type': 'twse', 'date': '2025-09-30'}"
2528,2317,鴻海,其他電子業,twse,2025-09-30,"{'industry_category': '其他電子業', 'stock_id': '2317', 'stock_name': '鴻海', 'type': 'twse', 'date': '2025-09-30'}"
2529,2317,鴻海,電子工業,twse,2025-09-30,"{'industry_category': '電子工業', 'stock_id': '2317', 'stock_name': '鴻海', 'type': 'twse', 'date': '2025-09-30'}"
2530,2321,東訊,通信網路業,twse,2025-09-30,"{'industry_category': '通信網路業', 'stock_id': '2321', 'stock_name': '東訊', 'type': 'twse', 'date': '2025-09-30'}"
2531,2321,東訊,電子工業,twse,2025-09-30,"{'industry_category': '電子工業', 'stock_id': '2321', 'stock_name': '東訊', 'type': 'twse', 'date': '2025-09-30'}"
2532,2323,中環,光電業,twse,2025-09-30,"{'industry_category': '光電業', 'stock_id': '2323', 'stock_name': '中環', 'type': 'twse', 'date': '2025-09-30'}"
2533,2323,中環,電子工業,twse,2025-09-30,"{'industry_category': '電子工業', 'stock_id': '2323', 'stock_name': '中環', 'type': 'twse', 'date': '2025-09-30'}"
2534,2324,仁寶,電子工業,twse,2025-09-30,"{'industry_category': '電子工業', 'stock_id': '2324', 'stock_name': '仁寶', 'type': 'twse', 'date': '2025-09-30'}"
2535,2301,光寶科,電腦及週邊設備業,twse,2025-09-30,"{'industry_category': '電腦及週邊設備業', 'stock_id': '2301', 'stock_name': '光寶科', 'type': 'twse', 'date': '2025-09-30'}"
2536,2301,光寶科,電子工業,twse,2025-09-30,"{'industry_category': '電子工業', 'stock_id': '2301', 'stock_name': '光寶科', 'type': 'twse', 'date': '2025-09-30'}"
2537,2258,鴻華先進-創,汽車工業,twse,2025-09-30,"{'industry_category': '汽車工業', 'stock_id': '2258', 'stock_name': '鴻華先進-創', 'type': 'twse', 'date': '2025-09-30'}"
2538,2258,鴻華先進-創,創新板股票,twse,2025-09-30,"{'industry_category': '創新板股票', 'stock_id': '2258', 'stock_name': '鴻華先進-創', 'type': 'twse', 'date': '2025-09-30'}"
2539,2208,台船,航運業,twse,2025-09-30,"{'industry_category': '航運業', 'stock_id': '2208', 'stock_name': '台船', 'type': 'twse', 'date': '2025-09-30'}"
2540,2211,長榮鋼,鋼鐵工業,twse,2025-09-30,"{'industry_category': '鋼鐵工業', 'stock_id': '2211', 'stock_name': '長榮鋼', 'type': 'twse', 'date': '2025-09-30'}"
2541,2221,大甲,其他,tpex,2025-09-30,"{'industry_category': '其他', 'stock_id': '2221', 'stock_name': '大甲', 'type': 'tpex', 'date': '2025-09-30'}"
2542,2227,裕日車,汽車工業,twse,2025-09-30,"{'industry_category': '汽車工業', 'stock_id': '2227', 'stock_name': '裕日車', 'type': 'twse', 'date': '2025-09-30'}"
2543,2228,劍麟,汽車工業,twse,2025-09-30,"{'industry_category': '汽車工業', 'stock_id': '2228', 'stock_name': '劍麟', 'type': 'twse', 'date': '2025-09-30'}"
2544,2230,泰茂,電機機械,tpex,2025-09-30,"{'industry_category': '電機機械', 'stock_id': '2230', 'stock_name': '泰茂', 'type': 'tpex', 'date': '2025-09-30'}"
2545,2231,為升,汽車工業,twse,2025-09-30,"{'industry_category': '汽車工業', 'stock_id': '2231', 'stock_name': '為升', 'type': 'twse', 'date': '2025-09-30'}"
2546,2233,宇隆,汽車工業,twse,2025-09-30,"{'industry_category': '汽車工業', 'stock_id': '2233', 'stock_name': '宇隆', 'type': 'twse', 'date': '2025-09-30'}"
2547,2235,謚源,電機機械,tpex,2025-09-30,"{'industry_category': '電機機械', 'stock_id': '2235', 'stock_name': '謚源', 'type': 'tpex', 'date': '2025-09-30'}"
2548,2236,百達-KY,汽車工業,twse,2025-09-30,"{'industry_category': '汽車工業', 'stock_id': '2236', 'stock_name': '百達-KY', 'type': 'twse', 'date': '2025-09-30'}"
2549,2237,華德動能,電機機械,emerging,2025-09-30,"{'industry_category': '電機機械', 'stock_id': '2237', 'stock_name': '華德動能', 'type': 'emerging', 'date': '2025-09-30'}"
2550,2324,仁寶,電腦及週邊設備業,twse,2025-09-30,"{'industry_category': '電腦及週邊設備業', 'stock_id': '2324', 'stock_name': '仁寶', 'type': 'twse', 'date': '2025-09-30'}"
2551,2239,英利-KY,汽車工業,twse,2025-09-30,"{'industry_category': '汽車工業', 'stock_id': '2239', 'stock_name': '英利-KY', 'type': 'twse', 'date': '2025-09-30'}"
2552,2243,宏旭-KY,汽車工業,twse,2025-09-30,"{'industry_category': '汽車工業', 'stock_id': '2243', 'stock_name': '宏旭-KY', 'type': 'twse', 'date': '2025-09-30'}"
2553,2245,詠勝昌*,電機機械,emerging,2025-09-30,"{'industry_category': '電機機械', 'stock_id': '2245', 'stock_name': '詠勝昌*', 'type': 'emerging', 'date': '2025-09-30'}"
2554,2247,汎德永業,汽車工業,twse,2025-09-30,"{'industry_category': '汽車工業', 'stock_id': '2247', 'stock_name': '汎德永業', 'type': 'twse', 'date': '2025-09-30'}"
2555,2248,華勝-KY,汽車工業,twse,2025-09-30,"{'industry_category': '汽車工業', 'stock_id': '2248', 'stock_name': '華勝-KY', 'type': 'twse', 'date': '2025-09-30'}"
2556,2249,湧盛,電機機械,emerging,2025-09-30,"{'industry_category': '電機機械', 'stock_id': '2249', 'stock_name': '湧盛', 'type': 'emerging', 'date': '2025-09-30'}"
2557,2250,IKKA-KY,汽車工業,twse,2025-09-30,"{'industry_category': '汽車工業', 'stock_id': '2250', 'stock_name': 'IKKA-KY', 'type': 'twse', 'date': '2025-09-30'}"
2558,2252,為昇科,其他電子業,emerging,2025-09-30,"{'industry_category': '其他電子業', 'stock_id': '2252', 'stock_name': '為昇科', 'type': 'emerging', 'date': '2025-09-30'}"
2559,2254,巨鎧精密-創,創新板股票,twse,2025-09-30,"{'industry_category': '創新板股票', 'stock_id': '2254', 'stock_name': '巨鎧精密-創', 'type': 'twse', 'date': '2025-09-30'}"
2560,2254,巨鎧精密-創,汽車工業,twse,2025-09-30,"{'industry_category': '汽車工業', 'stock_id': '2254', 'stock_name': '巨鎧精密-創', 'type': 'twse', 'date': '2025-09-30'}"
2561,2255,凱銳光電,其他電子業,emerging,2025-09-30,"{'industry_category': '其他電子業', 'stock_id': '2255', 'stock_name': '凱銳光電', 'type': 'emerging', 'date': '2025-09-30'}"
2562,2256,歐特明,其他電子業,emerging,2025-09-30,"{'industry_category': '其他電子業', 'stock_id': '2256', 'stock_name': '歐特明', 'type': 'emerging', 'date': '2025-09-30'}"
2563,2241,艾姆勒,汽車工業,twse,2025-09-30,"{'industry_category': '汽車工業', 'stock_id': '2241', 'stock_name': '艾姆勒', 'type': 'twse', 'date': '2025-09-30'}"
2564,2327,國巨*,電子工業,twse,2025-09-30,"{'industry_category': '電子工業', 'stock_id': '2327', 'stock_name': '國巨*', 'type': 'twse', 'date': '2025-09-30'}"
2565,2327,國巨*,電子零組件業,twse,2025-09-30,"{'industry_category': '電子零組件業', 'stock_id': '2327', 'stock_name': '國巨*', 'type': 'twse', 'date': '2025-09-30'}"
2566,2328,廣宇,電子工業,twse,2025-09-30,"{'industry_category': '電子工業', 'stock_id': '2328', 'stock_name': '廣宇', 'type': 'twse', 'date': '2025-09-30'}"
2567,2351,順德,電子工業,twse,2025-09-30,"{'industry_category': '電子工業', 'stock_id': '2351', 'stock_name': '順德', 'type': 'twse', 'date': '2025-09-30'}"
2568,2353,宏碁,電子工業,twse,2025-09-30,"{'industry_category': '電子工業', 'stock_id': '2353', 'stock_name': '宏碁', 'type': 'twse', 'date': '2025-09-30'}"
2569,2353,宏碁,電腦及週邊設備業,twse,2025-09-30,"{'industry_category': '電腦及週邊設備業', 'stock_id': '2353', 'stock_name': '宏碁', 'type': 'twse', 'date': '2025-09-30'}"
2570,2354,鴻準,其他電子業,twse,2025-09-30,"{'industry_category': '其他電子業', 'stock_id': '2354', 'stock_name': '鴻準', 'type': 'twse', 'date': '2025-09-30'}"
2571,2354,鴻準,電子工業,twse,2025-09-30,"{'industry_category': '電子工業', 'stock_id': '2354', 'stock_name': '鴻準', 'type': 'twse', 'date': '2025-09-30'}"
2572,2355,敬鵬,電子工業,twse,2025-09-30,"{'industry_category': '電子工業', 'stock_id': '2355', 'stock_name': '敬鵬', 'type': 'twse', 'date': '2025-09-30'}"
2573,2355,敬鵬,電子零組件業,twse,2025-09-30,"{'industry_category': '電子零組件業', 'stock_id': '2355', 'stock_name': '敬鵬', 'type': 'twse', 'date': '2025-09-30'}"
2574,2356,英業達,電子工業,twse,2025-09-30,"{'industry_category': '電子工業', 'stock_id': '2356', 'stock_name': '英業達', 'type': 'twse', 'date': '2025-09-30'}"
2575,2356,英業達,電腦及週邊設備業,twse,2025-09-30,"{'industry_category': '電腦及週邊設備業', 'stock_id': '2356', 'stock_name': '英業達', 'type': 'twse', 'date': '2025-09-30'}"
2576,2357,華碩,電子工業,twse,2025-09-30,"{'industry_category': '電子工業', 'stock_id': '2357', 'stock_name': '華碩', 'type': 'twse', 'date': '2025-09-30'}"
2577,2357,華碩,電腦及週邊設備業,twse,2025-09-30,"{'industry_category': '電腦及週邊設備業', 'stock_id': '2357', 'stock_name': '華碩', 'type': 'twse', 'date': '2025-09-30'}"
2578,2351,順德,半導體業,twse,2025-09-30,"{'industry_category': '半導體業', 'stock_id': '2351', 'stock_name': '順德', 'type': 'twse', 'date': '2025-09-30'}"
2579,2359,所羅門,其他電子業,twse,2025-09-30,"{'industry_category': '其他電子業', 'stock_id': '2359', 'stock_name': '所羅門', 'type': 'twse', 'date': '2025-09-30'}"
2580,2360,致茂,其他電子業,twse,2025-09-30,"{'industry_category': '其他電子業', 'stock_id': '2360', 'stock_name': '致茂', 'type': 'twse', 'date': '2025-09-30'}"
2581,2360,致茂,電子工業,twse,2025-09-30,"{'industry_category': '電子工業', 'stock_id': '2360', 'stock_name': '致茂', 'type': 'twse', 'date': '2025-09-30'}"
2582,2362,藍天,電子工業,twse,2025-09-30,"{'industry_category': '電子工業', 'stock_id': '2362', 'stock_name': '藍天', 'type': 'twse', 'date': '2025-09-30'}"
2583,2362,藍天,電腦及週邊設備業,twse,2025-09-30,"{'industry_category': '電腦及週邊設備業', 'stock_id': '2362', 'stock_name': '藍天', 'type': 'twse', 'date': '2025-09-30'}"
2584,2363,矽統,半導體業,twse,2025-09-30,"{'industry_category': '半導體業', 'stock_id': '2363', 'stock_name': '矽統', 'type': 'twse', 'date': '2025-09-30'}"
2585,2363,矽統,電子工業,twse,2025-09-30,"{'industry_category': '電子工業', 'stock_id': '2363', 'stock_name': '矽統', 'type': 'twse', 'date': '2025-09-30'}"
2586,2364,倫飛,電子工業,twse,2025-09-30,"{'industry_category': '電子工業', 'stock_id': '2364', 'stock_name': '倫飛', 'type': 'twse', 'date': '2025-09-30'}"
2587,2364,倫飛,電腦及週邊設備業,twse,2025-09-30,"{'industry_category': '電腦及週邊設備業', 'stock_id': '2364', 'stock_name': '倫飛', 'type': 'twse', 'date': '2025-09-30'}"
2588,2365,昆盈,電子工業,twse,2025-09-30,"{'industry_category': '電子工業', 'stock_id': '2365', 'stock_name': '昆盈', 'type': 'twse', 'date': '2025-09-30'}"
2589,2365,昆盈,電腦及週邊設備業,twse,2025-09-30,"{'industry_category': '電腦及週邊設備業', 'stock_id': '2365', 'stock_name': '昆盈', 'type': 'twse', 'date': '2025-09-30'}"
2590,2367,燿華,電子工業,twse,2025-09-30,"{'industry_category': '電子工業', 'stock_id': '2367', 'stock_name': '燿華', 'type': 'twse', 'date': '2025-09-30'}"
2591,2359,所羅門,電子工業,twse,2025-09-30,"{'industry_category': '電子工業', 'stock_id': '2359', 'stock_name': '所羅門', 'type': 'twse', 'date': '2025-09-30'}"
2592,1473,台南,紡織纖維,twse,2025-09-30,"{'industry_category': '紡織纖維', 'stock_id': '1473', 'stock_name': '台南', 'type': 'twse', 'date': '2025-09-30'}"
2593,2349,錸德,電子工業,twse,2025-09-30,"{'industry_category': '電子工業', 'stock_id': '2349', 'stock_name': '錸德', 'type': 'twse', 'date': '2025-09-30'}"
2594,2348A,海悅甲特,其他,twse,2025-09-30,"{'industry_category': '其他', 'stock_id': '2348A', 'stock_name': '海悅甲特', 'type': 'twse', 'date': '2025-09-30'}"
2595,2328,廣宇,電子零組件業,twse,2025-09-30,"{'industry_category': '電子零組件業', 'stock_id': '2328', 'stock_name': '廣宇', 'type': 'twse', 'date': '2025-09-30'}"
2596,2329,華泰,半導體業,twse,2025-09-30,"{'industry_category': '半導體業', 'stock_id': '2329', 'stock_name': '華泰', 'type': 'twse', 'date': '2025-09-30'}"
2597,2329,華泰,電子工業,twse,2025-09-30,"{'industry_category': '電子工業', 'stock_id': '2329', 'stock_name': '華泰', 'type': 'twse', 'date': '2025-09-30'}"
2598,2330,台積電,半導體業,twse,2025-09-30,"{'industry_category': '半導體業', 'stock_id': '2330', 'stock_name': '台積電', 'type': 'twse', 'date': '2025-09-30'}"
2599,2330,台積電,電子工業,twse,2025-09-30,"{'industry_category': '電子工業', 'stock_id': '2330', 'stock_name': '台積電', 'type': 'twse', 'date': '2025-09-30'}"
2600,2331,精英,電子工業,twse,2025-09-30,"{'industry_category': '電子工業', 'stock_id': '2331', 'stock_name': '精英', 'type': 'twse', 'date': '2025-09-30'}"
2601,2331,精英,電腦及週邊設備業,twse,2025-09-30,"{'industry_category': '電腦及週邊設備業', 'stock_id': '2331', 'stock_name': '精英', 'type': 'twse', 'date': '2025-09-30'}"
2602,2332,友訊,通信網路業,twse,2025-09-30,"{'industry_category': '通信網路業', 'stock_id': '2332', 'stock_name': '友訊', 'type': 'twse', 'date': '2025-09-30'}"
2603,2332,友訊,電子工業,twse,2025-09-30,"{'industry_category': '電子工業', 'stock_id': '2332', 'stock_name': '友訊', 'type': 'twse', 'date': '2025-09-30'}"
2604,2337,旺宏,半導體業,twse,2025-09-30,"{'industry_category': '半導體業', 'stock_id': '2337', 'stock_name': '旺宏', 'type': 'twse', 'date': '2025-09-30'}"
2605,2337,旺宏,電子工業,twse,2025-09-30,"{'industry_category': '電子工業', 'stock_id': '2337', 'stock_name': '旺宏', 'type': 'twse', 'date': '2025-09-30'}"
2606,2349,錸德,光電業,twse,2025-09-30,"{'industry_category': '光電業', 'stock_id': '2349', 'stock_name': '錸德', 'type': 'twse', 'date': '2025-09-30'}"
2607,2338,光罩,半導體業,twse,2025-09-30,"{'industry_category': '半導體業', 'stock_id': '2338', 'stock_name': '光罩', 'type': 'twse', 'date': '2025-09-30'}"
2608,2340,台亞,半導體業,twse,2025-09-30,"{'industry_category': '半導體業', 'stock_id': '2340', 'stock_name': '台亞', 'type': 'twse', 'date': '2025-09-30'}"
2609,2340,台亞,電子工業,twse,2025-09-30,"{'industry_category': '電子工業', 'stock_id': '2340', 'stock_name': '台亞', 'type': 'twse', 'date': '2025-09-30'}"
2610,2342,茂矽,半導體業,twse,2025-09-30,"{'industry_category': '半導體業', 'stock_id': '2342', 'stock_name': '茂矽', 'type': 'twse', 'date': '2025-09-30'}"
2611,2342,茂矽,電子工業,twse,2025-09-30,"{'industry_category': '電子工業', 'stock_id': '2342', 'stock_name': '茂矽', 'type': 'twse', 'date': '2025-09-30'}"
2612,2344,華邦電,半導體業,twse,2025-09-30,"{'industry_category': '半導體業', 'stock_id': '2344', 'stock_name': '華邦電', 'type': 'twse', 'date': '2025-09-30'}"
2613,2344,華邦電,電子工業,twse,2025-09-30,"{'industry_category': '電子工業', 'stock_id': '2344', 'stock_name': '華邦電', 'type': 'twse', 'date': '2025-09-30'}"
2614,2345,智邦,通信網路業,twse,2025-09-30,"{'industry_category': '通信網路業', 'stock_id': '2345', 'stock_name': '智邦', 'type': 'twse', 'date': '2025-09-30'}"
2615,2345,智邦,電子工業,twse,2025-09-30,"{'industry_category': '電子工業', 'stock_id': '2345', 'stock_name': '智邦', 'type': 'twse', 'date': '2025-09-30'}"
2616,2347,聯強,電子工業,twse,2025-09-30,"{'industry_category': '電子工業', 'stock_id': '2347', 'stock_name': '聯強', 'type': 'twse', 'date': '2025-09-30'}"
2617,2347,聯強,電子通路業,twse,2025-09-30,"{'industry_category': '電子通路業', 'stock_id': '2347', 'stock_name': '聯強', 'type': 'twse', 'date': '2025-09-30'}"
2618,2348,海悅,其他,twse,2025-09-30,"{'industry_category': '其他', 'stock_id': '2348', 'stock_name': '海悅', 'type': 'twse', 'date': '2025-09-30'}"
2619,2338,光罩,電子工業,twse,2025-09-30,"{'industry_category': '電子工業', 'stock_id': '2338', 'stock_name': '光罩', 'type': 'twse', 'date': '2025-09-30'}"
2620,2449,京元電子,半導體業,twse,2025-09-30,"{'industry_category': '半導體業', 'stock_id': '2449', 'stock_name': '京元電子', 'type': 'twse', 'date': '2025-09-30'}"
2621,1472,三洋實業,建材營造,twse,2025-09-30,"{'industry_category': '建材營造', 'stock_id': '1472', 'stock_name': '三洋實業', 'type': 'twse', 'date': '2025-09-30'}"
2622,1471,首利,電子工業,twse,2025-09-30,"{'industry_category': '電子工業', 'stock_id': '1471', 'stock_name': '首利', 'type': 'twse', 'date': '2025-09-30'}"
2623,00778B,凱基金融債20+,上櫃ETF,tpex,2025-09-30,"{'industry_category': '上櫃ETF', 'stock_id': '00778B', 'stock_name': '凱基金融債20+', 'type': 'tpex', 'date': '2025-09-30'}"
2624,00779B,凱基美債25+,上櫃ETF,tpex,2025-09-30,"{'industry_category': '上櫃ETF', 'stock_id': '00779B', 'stock_name': '凱基美債25+', 'type': 'tpex', 'date': '2025-09-30'}"
2625,00780B,國泰A級金融債,上櫃ETF,tpex,2025-09-30,"{'industry_category': '上櫃ETF', 'stock_id': '00780B', 'stock_name': '國泰A級金融債', 'type': 'tpex', 'date': '2025-09-30'}"
2626,00781B,國泰A級科技債,上櫃ETF,tpex,2025-09-30,"{'industry_category': '上櫃ETF', 'stock_id': '00781B', 'stock_name': '國泰A級科技債', 'type': 'tpex', 'date': '2025-09-30'}"
2627,00782B,國泰A級公用債,上櫃ETF,tpex,2025-09-30,"{'industry_category': '上櫃ETF', 'stock_id': '00782B', 'stock_name': '國泰A級公用債', 'type': 'tpex', 'date': '2025-09-30'}"
2628,00783,富邦中証500,ETF,twse,2025-09-30,"{'industry_category': 'ETF', 'stock_id': '00783', 'stock_name': '富邦中証500', 'type': 'twse', 'date': '2025-09-30'}"
2629,00785B,富邦金融投等債,上櫃ETF,tpex,2025-09-30,"{'industry_category': '上櫃ETF', 'stock_id': '00785B', 'stock_name': '富邦金融投等債', 'type': 'tpex', 'date': '2025-09-30'}"
2630,00786B,元大10年IG銀行債,上櫃ETF,tpex,2025-09-30,"{'industry_category': '上櫃ETF', 'stock_id': '00786B', 'stock_name': '元大10年IG銀行債', 'type': 'tpex', 'date': '2025-09-30'}"
2631,00787B,元大10年IG醫療債,上櫃ETF,tpex,2025-09-30,"{'industry_category': '上櫃ETF', 'stock_id': '00787B', 'stock_name': '元大10年IG醫療債', 'type': 'tpex', 'date': '2025-09-30'}"
2632,00788B,元大10年IG電能債,上櫃ETF,tpex,2025-09-30,"{'industry_category': '上櫃ETF', 'stock_id': '00788B', 'stock_name': '元大10年IG電能債', 'type': 'tpex', 'date': '2025-09-30'}"
2633,00789B,復華公司債A3,上櫃ETF,tpex,2025-09-30,"{'industry_category': '上櫃ETF', 'stock_id': '00789B', 'stock_name': '復華公司債A3', 'type': 'tpex', 'date': '2025-09-30'}"
2634,00791B,復華信用債1-5,上櫃ETF,tpex,2025-09-30,"{'industry_category': '上櫃ETF', 'stock_id': '00791B', 'stock_name': '復華信用債1-5', 'type': 'tpex', 'date': '2025-09-30'}"
2635,00792B,群益A級公司債,上櫃ETF,tpex,2025-09-30,"{'industry_category': '上櫃ETF', 'stock_id': '00792B', 'stock_name': '群益A級公司債', 'type': 'tpex', 'date': '2025-09-30'}"
2636,00793B,群益AAA-A醫療債,上櫃ETF,tpex,2025-09-30,"{'industry_category': '上櫃ETF', 'stock_id': '00793B', 'stock_name': '群益AAA-A醫療債', 'type': 'tpex', 'date': '2025-09-30'}"
2637,00795B,中信美國公債20年,上櫃ETF,tpex,2025-09-30,"{'industry_category': '上櫃ETF', 'stock_id': '00795B', 'stock_name': '中信美國公債20年', 'type': 'tpex', 'date': '2025-09-30'}"
2638,00799B,國泰A級醫療債,上櫃ETF,tpex,2025-09-30,"{'industry_category': '上櫃ETF', 'stock_id': '00799B', 'stock_name': '國泰A級醫療債', 'type': 'tpex', 'date': '2025-09-30'}"
2639,00830,國泰費城半導體,ETF,twse,2025-09-30,"{'industry_category': 'ETF', 'stock_id': '00830', 'stock_name': '國泰費城半導體', 'type': 'twse', 'date': '2025-09-30'}"
2640,00834B,第一金金融債10+,上櫃ETF,tpex,2025-09-30,"{'industry_category': '上櫃ETF', 'stock_id': '00834B', 'stock_name': '第一金金融債10+', 'type': 'tpex', 'date': '2025-09-30'}"
2641,00836B,永豐10年A公司債,上櫃ETF,tpex,2025-09-30,"{'industry_category': '上櫃ETF', 'stock_id': '00836B', 'stock_name': '永豐10年A公司債', 'type': 'tpex', 'date': '2025-09-30'}"
2642,00840B,凱基IG精選15+,上櫃ETF,tpex,2025-09-30,"{'industry_category': '上櫃ETF', 'stock_id': '00840B', 'stock_name': '凱基IG精選15+', 'type': 'tpex', 'date': '2025-09-30'}"
2643,00841B,凱基AAA-AA公司債,上櫃ETF,tpex,2025-09-30,"{'industry_category': '上櫃ETF', 'stock_id': '00841B', 'stock_name': '凱基AAA-AA公司債', 'type': 'tpex', 'date': '2025-09-30'}"
2644,00842B,台新美元銀行債,上櫃ETF,tpex,2025-09-30,"{'industry_category': '上櫃ETF', 'stock_id': '00842B', 'stock_name': '台新美元銀行債', 'type': 'tpex', 'date': '2025-09-30'}"
2645,00844B,新光15年IG金融債,上櫃ETF,tpex,2025-09-30,"{'industry_category': '上櫃ETF', 'stock_id': '00844B', 'stock_name': '新光15年IG金融債', 'type': 'tpex', 'date': '2025-09-30'}"
2646,00777B,凱基AAA至A公司債,上櫃ETF,tpex,2025-09-30,"{'industry_category': '上櫃ETF', 'stock_id': '00777B', 'stock_name': '凱基AAA至A公司債', 'type': 'tpex', 'date': '2025-09-30'}"
2647,00775B,新光投等債15+,ETF,twse,2025-09-30,"{'industry_category': 'ETF', 'stock_id': '00775B', 'stock_name': '新光投等債15+', 'type': 'twse', 'date': '2025-09-30'}"
2648,00773B,中信優先金融債,上櫃ETF,tpex,2025-09-30,"{'industry_category': '上櫃ETF', 'stock_id': '00773B', 'stock_name': '中信優先金融債', 'type': 'tpex', 'date': '2025-09-30'}"
2649,00772B,中信高評級公司債,上櫃ETF,tpex,2025-09-30,"{'industry_category': '上櫃ETF', 'stock_id': '00772B', 'stock_name': '中信高評級公司債', 'type': 'tpex', 'date': '2025-09-30'}"
2650,00738U,期元大道瓊白銀,ETF,twse,2025-09-30,"{'industry_category': 'ETF', 'stock_id': '00738U', 'stock_name': '期元大道瓊白銀', 'type': 'twse', 'date': '2025-09-30'}"
2651,00739,元大MSCI A股,ETF,twse,2025-09-30,"{'industry_category': 'ETF', 'stock_id': '00739', 'stock_name': '元大MSCI A股', 'type': 'twse', 'date': '2025-09-30'}"
2652,00740B,富邦全球投等債,上櫃ETF,tpex,2025-09-30,"{'industry_category': '上櫃ETF', 'stock_id': '00740B', 'stock_name': '富邦全球投等債', 'type': 'tpex', 'date': '2025-09-30'}"
2653,00741B,富邦全球非投等債,上櫃ETF,tpex,2025-09-30,"{'industry_category': '上櫃ETF', 'stock_id': '00741B', 'stock_name': '富邦全球非投等債', 'type': 'tpex', 'date': '2025-09-30'}"
2654,00746B,富邦A級公司債,上櫃ETF,tpex,2025-09-30,"{'industry_category': '上櫃ETF', 'stock_id': '00746B', 'stock_name': '富邦A級公司債', 'type': 'tpex', 'date': '2025-09-30'}"
2655,00749B,凱基新興債10+,上櫃ETF,tpex,2025-09-30,"{'industry_category': '上櫃ETF', 'stock_id': '00749B', 'stock_name': '凱基新興債10+', 'type': 'tpex', 'date': '2025-09-30'}"
2656,00750B,凱基科技債10+,上櫃ETF,tpex,2025-09-30,"{'industry_category': '上櫃ETF', 'stock_id': '00750B', 'stock_name': '凱基科技債10+', 'type': 'tpex', 'date': '2025-09-30'}"
2657,00751B,元大AAA至A公司債,上櫃ETF,tpex,2025-09-30,"{'industry_category': '上櫃ETF', 'stock_id': '00751B', 'stock_name': '元大AAA至A公司債', 'type': 'tpex', 'date': '2025-09-30'}"
2658,00752,中信中國50,ETF,twse,2025-09-30,"{'industry_category': 'ETF', 'stock_id': '00752', 'stock_name': '中信中國50', 'type': 'twse', 'date': '2025-09-30'}"
2659,00753L,中信中國50正2,ETF,twse,2025-09-30,"{'industry_category': 'ETF', 'stock_id': '00753L', 'stock_name': '中信中國50正2', 'type': 'twse', 'date': '2025-09-30'}"
2660,00754B,群益AAA-AA公司債,上櫃ETF,tpex,2025-09-30,"{'industry_category': '上櫃ETF', 'stock_id': '00754B', 'stock_name': '群益AAA-AA公司債', 'type': 'tpex', 'date': '2025-09-30'}"
2661,00845B,富邦新興投等債,上櫃ETF,tpex,2025-09-30,"{'industry_category': '上櫃ETF', 'stock_id': '00845B', 'stock_name': '富邦新興投等債', 'type': 'tpex', 'date': '2025-09-30'}"
2662,00755B,群益投資級公用債,上櫃ETF,tpex,2025-09-30,"{'industry_category': '上櫃ETF', 'stock_id': '00755B', 'stock_name': '群益投資級公用債', 'type': 'tpex', 'date': '2025-09-30'}"
2663,00757,統一FANG+,ETF,twse,2025-09-30,"{'industry_category': 'ETF', 'stock_id': '00757', 'stock_name': '統一FANG+', 'type': 'twse', 'date': '2025-09-30'}"
2664,00758B,復華能源債,上櫃ETF,tpex,2025-09-30,"{'industry_category': '上櫃ETF', 'stock_id': '00758B', 'stock_name': '復華能源債', 'type': 'tpex', 'date': '2025-09-30'}"
2665,00759B,復華製藥債,上櫃ETF,tpex,2025-09-30,"{'industry_category': '上櫃ETF', 'stock_id': '00759B', 'stock_name': '復華製藥債', 'type': 'tpex', 'date': '2025-09-30'}"
2666,00760B,復華新興企業債,上櫃ETF,tpex,2025-09-30,"{'industry_category': '上櫃ETF', 'stock_id': '00760B', 'stock_name': '復華新興企業債', 'type': 'tpex', 'date': '2025-09-30'}"
2667,00761B,國泰A級公司債,上櫃ETF,tpex,2025-09-30,"{'industry_category': '上櫃ETF', 'stock_id': '00761B', 'stock_name': '國泰A級公司債', 'type': 'tpex', 'date': '2025-09-30'}"
2668,00762,元大全球AI,ETF,twse,2025-09-30,"{'industry_category': 'ETF', 'stock_id': '00762', 'stock_name': '元大全球AI', 'type': 'twse', 'date': '2025-09-30'}"
2669,00763U,期街口道瓊銅,ETF,twse,2025-09-30,"{'industry_category': 'ETF', 'stock_id': '00763U', 'stock_name': '期街口道瓊銅', 'type': 'twse', 'date': '2025-09-30'}"
2670,00764B,群益25年美債,上櫃ETF,tpex,2025-09-30,"{'industry_category': '上櫃ETF', 'stock_id': '00764B', 'stock_name': '群益25年美債', 'type': 'tpex', 'date': '2025-09-30'}"
2671,00768B,復華20年美債,上櫃ETF,tpex,2025-09-30,"{'industry_category': '上櫃ETF', 'stock_id': '00768B', 'stock_name': '復華20年美債', 'type': 'tpex', 'date': '2025-09-30'}"
2672,00770,國泰北美科技,ETF,twse,2025-09-30,"{'industry_category': 'ETF', 'stock_id': '00770', 'stock_name': '國泰北美科技', 'type': 'twse', 'date': '2025-09-30'}"
2673,00771,元大US高息特別股,ETF,twse,2025-09-30,"{'industry_category': 'ETF', 'stock_id': '00771', 'stock_name': '元大US高息特別股', 'type': 'twse', 'date': '2025-09-30'}"
2674,00756B,群益投等新興公債,上櫃ETF,tpex,2025-09-30,"{'industry_category': '上櫃ETF', 'stock_id': '00756B', 'stock_name': '群益投等新興公債', 'type': 'tpex', 'date': '2025-09-30'}"
2675,00737,國泰AI機器人,ETF,twse,2025-09-30,"{'industry_category': 'ETF', 'stock_id': '00737', 'stock_name': '國泰AI機器人', 'type': 'twse', 'date': '2025-09-30'}"
2676,00846B,富邦歐洲銀行債,上櫃ETF,tpex,2025-09-30,"{'industry_category': '上櫃ETF', 'stock_id': '00846B', 'stock_name': '富邦歐洲銀行債', 'type': 'tpex', 'date': '2025-09-30'}"
2677,00848B,中信新興亞洲債,上櫃ETF,tpex,2025-09-30,"{'industry_category': '上櫃ETF', 'stock_id': '00848B', 'stock_name': '中信新興亞洲債', 'type': 'tpex', 'date': '2025-09-30'}"
2678,00888,永豐台灣ESG,上櫃ETF,tpex,2025-09-30,"{'industry_category': '上櫃ETF', 'stock_id': '00888', 'stock_name': '永豐台灣ESG', 'type': 'tpex', 'date': '2025-09-30'}"
2679,00890B,凱基ESG BBB債15+,上櫃ETF,tpex,2025-09-30,"{'industry_category': '上櫃ETF', 'stock_id': '00890B', 'stock_name': '凱基ESG BBB債15+', 'type': 'tpex', 'date': '2025-09-30'}"
2680,00891,中信關鍵半導體,ETF,twse,2025-09-30,"{'industry_category': 'ETF', 'stock_id': '00891', 'stock_name': '中信關鍵半導體', 'type': 'twse', 'date': '2025-09-30'}"
2681,00892,富邦台灣半導體,ETF,twse,2025-09-30,"{'industry_category': 'ETF', 'stock_id': '00892', 'stock_name': '富邦台灣半導體', 'type': 'twse', 'date': '2025-09-30'}"
2682,00893,國泰智能電動車,ETF,twse,2025-09-30,"{'industry_category': 'ETF', 'stock_id': '00893', 'stock_name': '國泰智能電動車', 'type': 'twse', 'date': '2025-09-30'}"
2683,00894,中信小資高價30,ETF,twse,2025-09-30,"{'industry_category': 'ETF', 'stock_id': '00894', 'stock_name': '中信小資高價30', 'type': 'twse', 'date': '2025-09-30'}"
2684,00895,富邦未來車,ETF,twse,2025-09-30,"{'industry_category': 'ETF', 'stock_id': '00895', 'stock_name': '富邦未來車', 'type': 'twse', 'date': '2025-09-30'}"
2685,00896,中信綠能及電動車,ETF,twse,2025-09-30,"{'industry_category': 'ETF', 'stock_id': '00896', 'stock_name': '中信綠能及電動車', 'type': 'twse', 'date': '2025-09-30'}"
2686,00897,富邦基因免疫生技,ETF,twse,2025-09-30,"{'industry_category': 'ETF', 'stock_id': '00897', 'stock_name': '富邦基因免疫生技', 'type': 'twse', 'date': '2025-09-30'}"
2687,00898,國泰基因免疫革命,ETF,twse,2025-09-30,"{'industry_category': 'ETF', 'stock_id': '00898', 'stock_name': '國泰基因免疫革命', 'type': 'twse', 'date': '2025-09-30'}"
2688,00899,FT潔淨能源,ETF,twse,2025-09-30,"{'industry_category': 'ETF', 'stock_id': '00899', 'stock_name': 'FT潔淨能源', 'type': 'twse', 'date': '2025-09-30'}"
2689,00900,富邦特選高股息30,ETF,twse,2025-09-30,"{'industry_category': 'ETF', 'stock_id': '00900', 'stock_name': '富邦特選高股息30', 'type': 'twse', 'date': '2025-09-30'}"
2690,00901,永豐智能車供應鏈,ETF,twse,2025-09-30,"{'industry_category': 'ETF', 'stock_id': '00901', 'stock_name': '永豐智能車供應鏈', 'type': 'twse', 'date': '2025-09-30'}"
2691,00902,中信電池及儲能,ETF,twse,2025-09-30,"{'industry_category': 'ETF', 'stock_id': '00902', 'stock_name': '中信電池及儲能', 'type': 'twse', 'date': '2025-09-30'}"
2692,00903,富邦元宇宙,ETF,twse,2025-09-30,"{'industry_category': 'ETF', 'stock_id': '00903', 'stock_name': '富邦元宇宙', 'type': 'twse', 'date': '2025-09-30'}"
2693,00904,新光臺灣半導體30,ETF,twse,2025-09-30,"{'industry_category': 'ETF', 'stock_id': '00904', 'stock_name': '新光臺灣半導體30', 'type': 'twse', 'date': '2025-09-30'}"
2694,00905,FT臺灣Smart,ETF,twse,2025-09-30,"{'industry_category': 'ETF', 'stock_id': '00905', 'stock_name': 'FT臺灣Smart', 'type': 'twse', 'date': '2025-09-30'}"
2695,00907,永豐優息存股,ETF,twse,2025-09-30,"{'industry_category': 'ETF', 'stock_id': '00907', 'stock_name': '永豐優息存股', 'type': 'twse', 'date': '2025-09-30'}"
2696,00908,富邦入息REITs+,ETF,twse,2025-09-30,"{'industry_category': 'ETF', 'stock_id': '00908', 'stock_name': '富邦入息REITs+', 'type': 'twse', 'date': '2025-09-30'}"
2697,00909,國泰數位支付服務,ETF,twse,2025-09-30,"{'industry_category': 'ETF', 'stock_id': '00909', 'stock_name': '國泰數位支付服務', 'type': 'twse', 'date': '2025-09-30'}"
2698,00910,第一金太空衛星,ETF,twse,2025-09-30,"{'industry_category': 'ETF', 'stock_id': '00910', 'stock_name': '第一金太空衛星', 'type': 'twse', 'date': '2025-09-30'}"
2699,00911,兆豐洲際半導體,ETF,twse,2025-09-30,"{'industry_category': 'ETF', 'stock_id': '00911', 'stock_name': '兆豐洲際半導體', 'type': 'twse', 'date': '2025-09-30'}"
2700,00912,中信臺灣智慧50,ETF,twse,2025-09-30,"{'industry_category': 'ETF', 'stock_id': '00912', 'stock_name': '中信臺灣智慧50', 'type': 'twse', 'date': '2025-09-30'}"
2701,00887,永豐中國科技50大,上櫃ETF,tpex,2025-09-30,"{'industry_category': '上櫃ETF', 'stock_id': '00887', 'stock_name': '永豐中國科技50大', 'type': 'tpex', 'date': '2025-09-30'}"
2702,00886,永豐美國科技,上櫃ETF,tpex,2025-09-30,"{'industry_category': '上櫃ETF', 'stock_id': '00886', 'stock_name': '永豐美國科技', 'type': 'tpex', 'date': '2025-09-30'}"
2703,00885,富邦越南,ETF,twse,2025-09-30,"{'industry_category': 'ETF', 'stock_id': '00885', 'stock_name': '富邦越南', 'type': 'twse', 'date': '2025-09-30'}"
2704,00884B,中信低碳新興債,上櫃ETF,tpex,2025-09-30,"{'industry_category': '上櫃ETF', 'stock_id': '00884B', 'stock_name': '中信低碳新興債', 'type': 'tpex', 'date': '2025-09-30'}"
2705,00849B,中信EM主權債0-5,上櫃ETF,tpex,2025-09-30,"{'industry_category': '上櫃ETF', 'stock_id': '00849B', 'stock_name': '中信EM主權債0-5', 'type': 'tpex', 'date': '2025-09-30'}"
2706,00850,元大臺灣ESG永續,ETF,twse,2025-09-30,"{'industry_category': 'ETF', 'stock_id': '00850', 'stock_name': '元大臺灣ESG永續', 'type': 'twse', 'date': '2025-09-30'}"
2707,00851,台新全球AI,ETF,twse,2025-09-30,"{'industry_category': 'ETF', 'stock_id': '00851', 'stock_name': '台新全球AI', 'type': 'twse', 'date': '2025-09-30'}"
2708,00852L,國泰美國道瓊正2,ETF,twse,2025-09-30,"{'industry_category': 'ETF', 'stock_id': '00852L', 'stock_name': '國泰美國道瓊正2', 'type': 'twse', 'date': '2025-09-30'}"
2709,00853B,統一美債10年Aa-A,上櫃ETF,tpex,2025-09-30,"{'industry_category': '上櫃ETF', 'stock_id': '00853B', 'stock_name': '統一美債10年Aa-A', 'type': 'tpex', 'date': '2025-09-30'}"
2710,00856B,永豐1-3年美公債,上櫃ETF,tpex,2025-09-30,"{'industry_category': '上櫃ETF', 'stock_id': '00856B', 'stock_name': '永豐1-3年美公債', 'type': 'tpex', 'date': '2025-09-30'}"
2711,00857B,永豐20年美公債,上櫃ETF,tpex,2025-09-30,"{'industry_category': '上櫃ETF', 'stock_id': '00857B', 'stock_name': '永豐20年美公債', 'type': 'tpex', 'date': '2025-09-30'}"
2712,00858,永豐美國500大,上櫃ETF,tpex,2025-09-30,"{'industry_category': '上櫃ETF', 'stock_id': '00858', 'stock_name': '永豐美國500大', 'type': 'tpex', 'date': '2025-09-30'}"
2713,00859B,群益0-1年美債,上櫃ETF,tpex,2025-09-30,"{'industry_category': '上櫃ETF', 'stock_id': '00859B', 'stock_name': '群益0-1年美債', 'type': 'tpex', 'date': '2025-09-30'}"
2714,00860B,群益1-5Y投資級債,上櫃ETF,tpex,2025-09-30,"{'industry_category': '上櫃ETF', 'stock_id': '00860B', 'stock_name': '群益1-5Y投資級債', 'type': 'tpex', 'date': '2025-09-30'}"
2715,00861,元大全球未來通訊,ETF,twse,2025-09-30,"{'industry_category': 'ETF', 'stock_id': '00861', 'stock_name': '元大全球未來通訊', 'type': 'twse', 'date': '2025-09-30'}"
2716,00847B,中信美國市政債,上櫃ETF,tpex,2025-09-30,"{'industry_category': '上櫃ETF', 'stock_id': '00847B', 'stock_name': '中信美國市政債', 'type': 'tpex', 'date': '2025-09-30'}"
2717,00862B,中信投資級公司債,上櫃ETF,tpex,2025-09-30,"{'industry_category': '上櫃ETF', 'stock_id': '00862B', 'stock_name': '中信投資級公司債', 'type': 'tpex', 'date': '2025-09-30'}"
2718,00864B,中信美國公債0-1,上櫃ETF,tpex,2025-09-30,"{'industry_category': '上櫃ETF', 'stock_id': '00864B', 'stock_name': '中信美國公債0-1', 'type': 'tpex', 'date': '2025-09-30'}"
2719,00865B,國泰US短期公債,ETF,twse,2025-09-30,"{'industry_category': 'ETF', 'stock_id': '00865B', 'stock_name': '國泰US短期公債', 'type': 'twse', 'date': '2025-09-30'}"
2720,00867B,新光A-BBB電信債,上櫃ETF,tpex,2025-09-30,"{'industry_category': '上櫃ETF', 'stock_id': '00867B', 'stock_name': '新光A-BBB電信債', 'type': 'tpex', 'date': '2025-09-30'}"
2721,00870B,元大15年EM主權債,上櫃ETF,tpex,2025-09-30,"{'industry_category': '上櫃ETF', 'stock_id': '00870B', 'stock_name': '元大15年EM主權債', 'type': 'tpex', 'date': '2025-09-30'}"
2722,00875,國泰網路資安,ETF,twse,2025-09-30,"{'industry_category': 'ETF', 'stock_id': '00875', 'stock_name': '國泰網路資安', 'type': 'twse', 'date': '2025-09-30'}"
2723,00876,元大全球5G,ETF,twse,2025-09-30,"{'industry_category': 'ETF', 'stock_id': '00876', 'stock_name': '元大全球5G', 'type': 'twse', 'date': '2025-09-30'}"
2724,00877,復華中國5G,上櫃ETF,tpex,2025-09-30,"{'industry_category': '上櫃ETF', 'stock_id': '00877', 'stock_name': '復華中國5G', 'type': 'tpex', 'date': '2025-09-30'}"
2725,00878,國泰永續高股息,ETF,twse,2025-09-30,"{'industry_category': 'ETF', 'stock_id': '00878', 'stock_name': '國泰永續高股息', 'type': 'twse', 'date': '2025-09-30'}"
2726,00881,國泰台灣科技龍頭,ETF,twse,2025-09-30,"{'industry_category': 'ETF', 'stock_id': '00881', 'stock_name': '國泰台灣科技龍頭', 'type': 'twse', 'date': '2025-09-30'}"
2727,00882,中信中國高股息,ETF,twse,2025-09-30,"{'industry_category': 'ETF', 'stock_id': '00882', 'stock_name': '中信中國高股息', 'type': 'twse', 'date': '2025-09-30'}"
2728,00883B,中信ESG投資級債,上櫃ETF,tpex,2025-09-30,"{'industry_category': '上櫃ETF', 'stock_id': '00883B', 'stock_name': '中信ESG投資級債', 'type': 'tpex', 'date': '2025-09-30'}"
2729,00863B,中信全球電信債,上櫃ETF,tpex,2025-09-30,"{'industry_category': '上櫃ETF', 'stock_id': '00863B', 'stock_name': '中信全球電信債', 'type': 'tpex', 'date': '2025-09-30'}"
2730,00913,兆豐台灣晶圓製造,ETF,twse,2025-09-30,"{'industry_category': 'ETF', 'stock_id': '00913', 'stock_name': '兆豐台灣晶圓製造', 'type': 'twse', 'date': '2025-09-30'}"
2731,00736,國泰新興市場,ETF,twse,2025-09-30,"{'industry_category': 'ETF', 'stock_id': '00736', 'stock_name': '國泰新興市場', 'type': 'twse', 'date': '2025-09-30'}"
2732,00734B,台新JPM新興債,上櫃ETF,tpex,2025-09-30,"{'industry_category': '上櫃ETF', 'stock_id': '00734B', 'stock_name': '台新JPM新興債', 'type': 'tpex', 'date': '2025-09-30'}"
2733,00643,群益深証中小,ETF,twse,2025-09-30,"{'industry_category': 'ETF', 'stock_id': '00643', 'stock_name': '群益深証中小', 'type': 'twse', 'date': '2025-09-30'}"
2734,00643K,群益深証中小+R,ETF,twse,2025-09-30,"{'industry_category': 'ETF', 'stock_id': '00643K', 'stock_name': '群益深証中小+R', 'type': 'twse', 'date': '2025-09-30'}"
2735,00645,富邦日本,ETF,twse,2025-09-30,"{'industry_category': 'ETF', 'stock_id': '00645', 'stock_name': '富邦日本', 'type': 'twse', 'date': '2025-09-30'}"
2736,00646,元大S&P500,ETF,twse,2025-09-30,"{'industry_category': 'ETF', 'stock_id': '00646', 'stock_name': '元大S&P500', 'type': 'twse', 'date': '2025-09-30'}"
2737,00647L,元大S&P500正2,ETF,twse,2025-09-30,"{'industry_category': 'ETF', 'stock_id': '00647L', 'stock_name': '元大S&P500正2', 'type': 'twse', 'date': '2025-09-30'}"
2738,00648R,元大S&P500反1,ETF,twse,2025-09-30,"{'industry_category': 'ETF', 'stock_id': '00648R', 'stock_name': '元大S&P500反1', 'type': 'twse', 'date': '2025-09-30'}"
2739,00650L,復華香港正2,ETF,twse,2025-09-30,"{'industry_category': 'ETF', 'stock_id': '00650L', 'stock_name': '復華香港正2', 'type': 'twse', 'date': '2025-09-30'}"
2740,00651R,復華香港反1,ETF,twse,2025-09-30,"{'industry_category': 'ETF', 'stock_id': '00651R', 'stock_name': '復華香港反1', 'type': 'twse', 'date': '2025-09-30'}"
2741,00652,富邦印度,ETF,twse,2025-09-30,"{'industry_category': 'ETF', 'stock_id': '00652', 'stock_name': '富邦印度', 'type': 'twse', 'date': '2025-09-30'}"
2742,00653L,富邦印度正2,ETF,twse,2025-09-30,"{'industry_category': 'ETF', 'stock_id': '00653L', 'stock_name': '富邦印度正2', 'type': 'twse', 'date': '2025-09-30'}"
2743,00654R,富邦印度反1,ETF,twse,2025-09-30,"{'industry_category': 'ETF', 'stock_id': '00654R', 'stock_name': '富邦印度反1', 'type': 'twse', 'date': '2025-09-30'}"
2744,00655L,國泰中國A50正2,ETF,twse,2025-09-30,"{'industry_category': 'ETF', 'stock_id': '00655L', 'stock_name': '國泰中國A50正2', 'type': 'twse', 'date': '2025-09-30'}"
2745,00656R,國泰中國A50反1,ETF,twse,2025-09-30,"{'industry_category': 'ETF', 'stock_id': '00656R', 'stock_name': '國泰中國A50反1', 'type': 'twse', 'date': '2025-09-30'}"
2746,00657,國泰日經225,ETF,twse,2025-09-30,"{'industry_category': 'ETF', 'stock_id': '00657', 'stock_name': '國泰日經225', 'type': 'twse', 'date': '2025-09-30'}"
2747,00657K,國泰日經225+U,ETF,twse,2025-09-30,"{'industry_category': 'ETF', 'stock_id': '00657K', 'stock_name': '國泰日經225+U', 'type': 'twse', 'date': '2025-09-30'}"
2748,00660,元大歐洲50,ETF,twse,2025-09-30,"{'industry_category': 'ETF', 'stock_id': '00660', 'stock_name': '元大歐洲50', 'type': 'twse', 'date': '2025-09-30'}"
2749,00661,元大日經225,ETF,twse,2025-09-30,"{'industry_category': 'ETF', 'stock_id': '00661', 'stock_name': '元大日經225', 'type': 'twse', 'date': '2025-09-30'}"
2750,00662,富邦NASDAQ,ETF,twse,2025-09-30,"{'industry_category': 'ETF', 'stock_id': '00662', 'stock_name': '富邦NASDAQ', 'type': 'twse', 'date': '2025-09-30'}"
2751,00663L,國泰臺灣加權正2,ETF,twse,2025-09-30,"{'industry_category': 'ETF', 'stock_id': '00663L', 'stock_name': '國泰臺灣加權正2', 'type': 'twse', 'date': '2025-09-30'}"
2752,00664R,國泰臺灣加權反1,ETF,twse,2025-09-30,"{'industry_category': 'ETF', 'stock_id': '00664R', 'stock_name': '國泰臺灣加權反1', 'type': 'twse', 'date': '2025-09-30'}"
2753,00665L,富邦恒生國企正2,ETF,twse,2025-09-30,"{'industry_category': 'ETF', 'stock_id': '00665L', 'stock_name': '富邦恒生國企正2', 'type': 'twse', 'date': '2025-09-30'}"
2754,00666R,富邦恒生國企反1,ETF,twse,2025-09-30,"{'industry_category': 'ETF', 'stock_id': '00666R', 'stock_name': '富邦恒生國企反1', 'type': 'twse', 'date': '2025-09-30'}"
2755,00668,國泰美國道瓊,ETF,twse,2025-09-30,"{'industry_category': 'ETF', 'stock_id': '00668', 'stock_name': '國泰美國道瓊', 'type': 'twse', 'date': '2025-09-30'}"
2756,00642U,期元大S&P石油,ETF,twse,2025-09-30,"{'industry_category': 'ETF', 'stock_id': '00642U', 'stock_name': '期元大S&P石油', 'type': 'twse', 'date': '2025-09-30'}"
2757,00641R,富邦日本反1,ETF,twse,2025-09-30,"{'industry_category': 'ETF', 'stock_id': '00641R', 'stock_name': '富邦日本反1', 'type': 'twse', 'date': '2025-09-30'}"
2758,00640L,富邦日本正2,ETF,twse,2025-09-30,"{'industry_category': 'ETF', 'stock_id': '00640L', 'stock_name': '富邦日本正2', 'type': 'twse', 'date': '2025-09-30'}"
2759,00639,富邦深100,ETF,twse,2025-09-30,"{'industry_category': 'ETF', 'stock_id': '00639', 'stock_name': '富邦深100', 'type': 'twse', 'date': '2025-09-30'}"
2760,0051,元大中型100,ETF,twse,2025-09-30,"{'industry_category': 'ETF', 'stock_id': '0051', 'stock_name': '元大中型100', 'type': 'twse', 'date': '2025-09-30'}"
2761,0052,富邦科技,ETF,twse,2025-09-30,"{'industry_category': 'ETF', 'stock_id': '0052', 'stock_name': '富邦科技', 'type': 'twse', 'date': '2025-09-30'}"
2762,0053,元大電子,ETF,twse,2025-09-30,"{'industry_category': 'ETF', 'stock_id': '0053', 'stock_name': '元大電子', 'type': 'twse', 'date': '2025-09-30'}"
2763,0055,元大MSCI金融,ETF,twse,2025-09-30,"{'industry_category': 'ETF', 'stock_id': '0055', 'stock_name': '元大MSCI金融', 'type': 'twse', 'date': '2025-09-30'}"
2764,0056,元大高股息,ETF,twse,2025-09-30,"{'industry_category': 'ETF', 'stock_id': '0056', 'stock_name': '元大高股息', 'type': 'twse', 'date': '2025-09-30'}"
2765,0057,富邦摩台,ETF,twse,2025-09-30,"{'industry_category': 'ETF', 'stock_id': '0057', 'stock_name': '富邦摩台', 'type': 'twse', 'date': '2025-09-30'}"
2766,0061,元大寶滬深,ETF,twse,2025-09-30,"{'industry_category': 'ETF', 'stock_id': '0061', 'stock_name': '元大寶滬深', 'type': 'twse', 'date': '2025-09-30'}"
2767,006201,元大富櫃50,上櫃ETF,tpex,2025-09-30,"{'industry_category': '上櫃ETF', 'stock_id': '006201', 'stock_name': '元大富櫃50', 'type': 'tpex', 'date': '2025-09-30'}"
2768,006203,元大MSCI台灣,ETF,twse,2025-09-30,"{'industry_category': 'ETF', 'stock_id': '006203', 'stock_name': '元大MSCI台灣', 'type': 'twse', 'date': '2025-09-30'}"
2769,006204,永豐臺灣加權,ETF,twse,2025-09-30,"{'industry_category': 'ETF', 'stock_id': '006204', 'stock_name': '永豐臺灣加權', 'type': 'twse', 'date': '2025-09-30'}"
2770,006205,富邦上証,ETF,twse,2025-09-30,"{'industry_category': 'ETF', 'stock_id': '006205', 'stock_name': '富邦上証', 'type': 'twse', 'date': '2025-09-30'}"
2771,00668K,國泰美國道瓊+U,ETF,twse,2025-09-30,"{'industry_category': 'ETF', 'stock_id': '00668K', 'stock_name': '國泰美國道瓊+U', 'type': 'twse', 'date': '2025-09-30'}"
2772,006206,元大上證50,ETF,twse,2025-09-30,"{'industry_category': 'ETF', 'stock_id': '006206', 'stock_name': '元大上證50', 'type': 'twse', 'date': '2025-09-30'}"
2773,006208,富邦台50,ETF,twse,2025-09-30,"{'industry_category': 'ETF', 'stock_id': '006208', 'stock_name': '富邦台50', 'type': 'twse', 'date': '2025-09-30'}"
2774,00625K,富邦上証+R,ETF,twse,2025-09-30,"{'industry_category': 'ETF', 'stock_id': '00625K', 'stock_name': '富邦上証+R', 'type': 'twse', 'date': '2025-09-30'}"
2775,00631L,元大台灣50正2,ETF,twse,2025-09-30,"{'industry_category': 'ETF', 'stock_id': '00631L', 'stock_name': '元大台灣50正2', 'type': 'twse', 'date': '2025-09-30'}"
2776,00632R,元大台灣50反1,ETF,twse,2025-09-30,"{'industry_category': 'ETF', 'stock_id': '00632R', 'stock_name': '元大台灣50反1', 'type': 'twse', 'date': '2025-09-30'}"
2777,00633L,富邦上証正2,ETF,twse,2025-09-30,"{'industry_category': 'ETF', 'stock_id': '00633L', 'stock_name': '富邦上証正2', 'type': 'twse', 'date': '2025-09-30'}"
2778,00634R,富邦上証反1,ETF,twse,2025-09-30,"{'industry_category': 'ETF', 'stock_id': '00634R', 'stock_name': '富邦上証反1', 'type': 'twse', 'date': '2025-09-30'}"
2779,00635U,期元大S&P黃金,ETF,twse,2025-09-30,"{'industry_category': 'ETF', 'stock_id': '00635U', 'stock_name': '期元大S&P黃金', 'type': 'twse', 'date': '2025-09-30'}"
2780,00636,國泰中國A50,ETF,twse,2025-09-30,"{'industry_category': 'ETF', 'stock_id': '00636', 'stock_name': '國泰中國A50', 'type': 'twse', 'date': '2025-09-30'}"
2781,00636K,國泰中國A50+U,ETF,twse,2025-09-30,"{'industry_category': 'ETF', 'stock_id': '00636K', 'stock_name': '國泰中國A50+U', 'type': 'twse', 'date': '2025-09-30'}"
2782,00637L,元大滬深300正2,ETF,twse,2025-09-30,"{'industry_category': 'ETF', 'stock_id': '00637L', 'stock_name': '元大滬深300正2', 'type': 'twse', 'date': '2025-09-30'}"
2783,00638R,元大滬深300反1,ETF,twse,2025-09-30,"{'industry_category': 'ETF', 'stock_id': '00638R', 'stock_name': '元大滬深300反1', 'type': 'twse', 'date': '2025-09-30'}"
2784,006207,復華滬深,ETF,twse,2025-09-30,"{'industry_category': 'ETF', 'stock_id': '006207', 'stock_name': '復華滬深', 'type': 'twse', 'date': '2025-09-30'}"
2785,00735,國泰臺韓科技,ETF,twse,2025-09-30,"{'industry_category': 'ETF', 'stock_id': '00735', 'stock_name': '國泰臺韓科技', 'type': 'twse', 'date': '2025-09-30'}"
2786,00669R,國泰美國道瓊反1,ETF,twse,2025-09-30,"{'industry_category': 'ETF', 'stock_id': '00669R', 'stock_name': '國泰美國道瓊反1', 'type': 'twse', 'date': '2025-09-30'}"
2787,00671R,富邦NASDAQ反1,ETF,twse,2025-09-30,"{'industry_category': 'ETF', 'stock_id': '00671R', 'stock_name': '富邦NASDAQ反1', 'type': 'twse', 'date': '2025-09-30'}"
2788,00706L,期元大S&P日圓正2,ETF,twse,2025-09-30,"{'industry_category': 'ETF', 'stock_id': '00706L', 'stock_name': '期元大S&P日圓正2', 'type': 'twse', 'date': '2025-09-30'}"
2789,00707R,期元大S&P日圓反1,ETF,twse,2025-09-30,"{'industry_category': 'ETF', 'stock_id': '00707R', 'stock_name': '期元大S&P日圓反1', 'type': 'twse', 'date': '2025-09-30'}"
2790,00708L,期元大S&P黃金正2,ETF,twse,2025-09-30,"{'industry_category': 'ETF', 'stock_id': '00708L', 'stock_name': '期元大S&P黃金正2', 'type': 'twse', 'date': '2025-09-30'}"
2791,00709,富邦歐洲,ETF,twse,2025-09-30,"{'industry_category': 'ETF', 'stock_id': '00709', 'stock_name': '富邦歐洲', 'type': 'twse', 'date': '2025-09-30'}"
2792,00710B,復華彭博非投等債,ETF,twse,2025-09-30,"{'industry_category': 'ETF', 'stock_id': '00710B', 'stock_name': '復華彭博非投等債', 'type': 'twse', 'date': '2025-09-30'}"
2793,00711B,復華彭博新興債,ETF,twse,2025-09-30,"{'industry_category': 'ETF', 'stock_id': '00711B', 'stock_name': '復華彭博新興債', 'type': 'twse', 'date': '2025-09-30'}"
2794,00712,復華富時不動產,ETF,twse,2025-09-30,"{'industry_category': 'ETF', 'stock_id': '00712', 'stock_name': '復華富時不動產', 'type': 'twse', 'date': '2025-09-30'}"
2795,00713,元大台灣高息低波,ETF,twse,2025-09-30,"{'industry_category': 'ETF', 'stock_id': '00713', 'stock_name': '元大台灣高息低波', 'type': 'twse', 'date': '2025-09-30'}"
2796,00714,群益道瓊美國地產,ETF,twse,2025-09-30,"{'industry_category': 'ETF', 'stock_id': '00714', 'stock_name': '群益道瓊美國地產', 'type': 'twse', 'date': '2025-09-30'}"
2797,00715L,期街口布蘭特正2,ETF,twse,2025-09-30,"{'industry_category': 'ETF', 'stock_id': '00715L', 'stock_name': '期街口布蘭特正2', 'type': 'twse', 'date': '2025-09-30'}"
2798,00717,富邦美國特別股,ETF,twse,2025-09-30,"{'industry_category': 'ETF', 'stock_id': '00717', 'stock_name': '富邦美國特別股', 'type': 'twse', 'date': '2025-09-30'}"
2799,00719B,元大美債1-3,上櫃ETF,tpex,2025-09-30,"{'industry_category': '上櫃ETF', 'stock_id': '00719B', 'stock_name': '元大美債1-3', 'type': 'tpex', 'date': '2025-09-30'}"
2800,00720B,元大投資級公司債,上櫃ETF,tpex,2025-09-30,"{'industry_category': '上櫃ETF', 'stock_id': '00720B', 'stock_name': '元大投資級公司債', 'type': 'tpex', 'date': '2025-09-30'}"
2801,00722B,群益投資級電信債,上櫃ETF,tpex,2025-09-30,"{'industry_category': '上櫃ETF', 'stock_id': '00722B', 'stock_name': '群益投資級電信債', 'type': 'tpex', 'date': '2025-09-30'}"
2802,00723B,群益投資級科技債,上櫃ETF,tpex,2025-09-30,"{'industry_category': '上櫃ETF', 'stock_id': '00723B', 'stock_name': '群益投資級科技債', 'type': 'tpex', 'date': '2025-09-30'}"
2803,00724B,群益投資級金融債,上櫃ETF,tpex,2025-09-30,"{'industry_category': '上櫃ETF', 'stock_id': '00724B', 'stock_name': '群益投資級金融債', 'type': 'tpex', 'date': '2025-09-30'}"
2804,00725B,國泰投資級公司債,上櫃ETF,tpex,2025-09-30,"{'industry_category': '上櫃ETF', 'stock_id': '00725B', 'stock_name': '國泰投資級公司債', 'type': 'tpex', 'date': '2025-09-30'}"
2805,00726B,國泰新興投等債,上櫃ETF,tpex,2025-09-30,"{'industry_category': '上櫃ETF', 'stock_id': '00726B', 'stock_name': '國泰新興投等債', 'type': 'tpex', 'date': '2025-09-30'}"
2806,00727B,國泰優選非投等債,上櫃ETF,tpex,2025-09-30,"{'industry_category': '上櫃ETF', 'stock_id': '00727B', 'stock_name': '國泰優選非投等債', 'type': 'tpex', 'date': '2025-09-30'}"
2807,00728,第一金工業30,ETF,twse,2025-09-30,"{'industry_category': 'ETF', 'stock_id': '00728', 'stock_name': '第一金工業30', 'type': 'twse', 'date': '2025-09-30'}"
2808,00730,富邦臺灣優質高息,ETF,twse,2025-09-30,"{'industry_category': 'ETF', 'stock_id': '00730', 'stock_name': '富邦臺灣優質高息', 'type': 'twse', 'date': '2025-09-30'}"
2809,00731,復華富時高息低波,ETF,twse,2025-09-30,"{'industry_category': 'ETF', 'stock_id': '00731', 'stock_name': '復華富時高息低波', 'type': 'twse', 'date': '2025-09-30'}"
2810,00733,富邦臺灣中小,ETF,twse,2025-09-30,"{'industry_category': 'ETF', 'stock_id': '00733', 'stock_name': '富邦臺灣中小', 'type': 'twse', 'date': '2025-09-30'}"
2811,00703,台新MSCI中國,ETF,twse,2025-09-30,"{'industry_category': 'ETF', 'stock_id': '00703', 'stock_name': '台新MSCI中國', 'type': 'twse', 'date': '2025-09-30'}"
2812,00702,國泰標普低波高息,ETF,twse,2025-09-30,"{'industry_category': 'ETF', 'stock_id': '00702', 'stock_name': '國泰標普低波高息', 'type': 'twse', 'date': '2025-09-30'}"
2813,00701,國泰股利精選30,ETF,twse,2025-09-30,"{'industry_category': 'ETF', 'stock_id': '00701', 'stock_name': '國泰股利精選30', 'type': 'twse', 'date': '2025-09-30'}"
2814,00700,富邦恒生國企,ETF,twse,2025-09-30,"{'industry_category': 'ETF', 'stock_id': '00700', 'stock_name': '富邦恒生國企', 'type': 'twse', 'date': '2025-09-30'}"
2815,00673R,期元大S&P原油反1,ETF,twse,2025-09-30,"{'industry_category': 'ETF', 'stock_id': '00673R', 'stock_name': '期元大S&P原油反1', 'type': 'twse', 'date': '2025-09-30'}"
2816,00674R,期元大S&P黃金反1,ETF,twse,2025-09-30,"{'industry_category': 'ETF', 'stock_id': '00674R', 'stock_name': '期元大S&P黃金反1', 'type': 'twse', 'date': '2025-09-30'}"
2817,00675L,富邦臺灣加權正2,ETF,twse,2025-09-30,"{'industry_category': 'ETF', 'stock_id': '00675L', 'stock_name': '富邦臺灣加權正2', 'type': 'twse', 'date': '2025-09-30'}"
2818,00676R,富邦臺灣加權反1,ETF,twse,2025-09-30,"{'industry_category': 'ETF', 'stock_id': '00676R', 'stock_name': '富邦臺灣加權反1', 'type': 'twse', 'date': '2025-09-30'}"
2819,00678,群益那斯達克生技,ETF,twse,2025-09-30,"{'industry_category': 'ETF', 'stock_id': '00678', 'stock_name': '群益那斯達克生技', 'type': 'twse', 'date': '2025-09-30'}"
2820,00679B,元大美債20年,上櫃ETF,tpex,2025-09-30,"{'industry_category': '上櫃ETF', 'stock_id': '00679B', 'stock_name': '元大美債20年', 'type': 'tpex', 'date': '2025-09-30'}"
2821,00680L,元大美債20正2,ETF,twse,2025-09-30,"{'industry_category': 'ETF', 'stock_id': '00680L', 'stock_name': '元大美債20正2', 'type': 'twse', 'date': '2025-09-30'}"
2822,00681R,元大美債20反1,ETF,twse,2025-09-30,"{'industry_category': 'ETF', 'stock_id': '00681R', 'stock_name': '元大美債20反1', 'type': 'twse', 'date': '2025-09-30'}"
2823,00682U,期元大美元指數,ETF,twse,2025-09-30,"{'industry_category': 'ETF', 'stock_id': '00682U', 'stock_name': '期元大美元指數', 'type': 'twse', 'date': '2025-09-30'}"
2824,00683L,期元大美元指正2,ETF,twse,2025-09-30,"{'industry_category': 'ETF', 'stock_id': '00683L', 'stock_name': '期元大美元指正2', 'type': 'twse', 'date': '2025-09-30'}"
2825,00684R,期元大美元指反1,ETF,twse,2025-09-30,"{'industry_category': 'ETF', 'stock_id': '00684R', 'stock_name': '期元大美元指反1', 'type': 'twse', 'date': '2025-09-30'}"
2826,00670L,富邦NASDAQ正2,ETF,twse,2025-09-30,"{'industry_category': 'ETF', 'stock_id': '00670L', 'stock_name': '富邦NASDAQ正2', 'type': 'twse', 'date': '2025-09-30'}"
2827,00685L,群益臺灣加權正2,ETF,twse,2025-09-30,"{'industry_category': 'ETF', 'stock_id': '00685L', 'stock_name': '群益臺灣加權正2', 'type': 'twse', 'date': '2025-09-30'}"
2828,00687B,國泰20年美債,上櫃ETF,tpex,2025-09-30,"{'industry_category': '上櫃ETF', 'stock_id': '00687B', 'stock_name': '國泰20年美債', 'type': 'tpex', 'date': '2025-09-30'}"
2829,00687C,國泰20年美債+櫃U,上櫃ETF,tpex,2025-09-30,"{'industry_category': '上櫃ETF', 'stock_id': '00687C', 'stock_name': '國泰20年美債+櫃U', 'type': 'tpex', 'date': '2025-09-30'}"
2830,00688L,國泰20年美債正2,ETF,twse,2025-09-30,"{'industry_category': 'ETF', 'stock_id': '00688L', 'stock_name': '國泰20年美債正2', 'type': 'twse', 'date': '2025-09-30'}"
2831,00689R,國泰20年美債反1,ETF,twse,2025-09-30,"{'industry_category': 'ETF', 'stock_id': '00689R', 'stock_name': '國泰20年美債反1', 'type': 'twse', 'date': '2025-09-30'}"
2832,00690,兆豐藍籌30,ETF,twse,2025-09-30,"{'industry_category': 'ETF', 'stock_id': '00690', 'stock_name': '兆豐藍籌30', 'type': 'twse', 'date': '2025-09-30'}"
2833,00692,富邦公司治理,ETF,twse,2025-09-30,"{'industry_category': 'ETF', 'stock_id': '00692', 'stock_name': '富邦公司治理', 'type': 'twse', 'date': '2025-09-30'}"
2834,00693U,期街口S&P黃豆,ETF,twse,2025-09-30,"{'industry_category': 'ETF', 'stock_id': '00693U', 'stock_name': '期街口S&P黃豆', 'type': 'twse', 'date': '2025-09-30'}"
2835,00694B,富邦美債1-3,上櫃ETF,tpex,2025-09-30,"{'industry_category': '上櫃ETF', 'stock_id': '00694B', 'stock_name': '富邦美債1-3', 'type': 'tpex', 'date': '2025-09-30'}"
2836,00695B,富邦美債7-10,上櫃ETF,tpex,2025-09-30,"{'industry_category': '上櫃ETF', 'stock_id': '00695B', 'stock_name': '富邦美債7-10', 'type': 'tpex', 'date': '2025-09-30'}"
2837,00696B,富邦美債20年,上櫃ETF,tpex,2025-09-30,"{'industry_category': '上櫃ETF', 'stock_id': '00696B', 'stock_name': '富邦美債20年', 'type': 'tpex', 'date': '2025-09-30'}"
2838,00697B,元大美債7-10,上櫃ETF,tpex,2025-09-30,"{'industry_category': '上櫃ETF', 'stock_id': '00697B', 'stock_name': '元大美債7-10', 'type': 'tpex', 'date': '2025-09-30'}"
2839,00686R,群益臺灣加權反1,ETF,twse,2025-09-30,"{'industry_category': 'ETF', 'stock_id': '00686R', 'stock_name': '群益臺灣加權反1', 'type': 'twse', 'date': '2025-09-30'}"
2840,00915,凱基優選高股息30,ETF,twse,2025-09-30,"{'industry_category': 'ETF', 'stock_id': '00915', 'stock_name': '凱基優選高股息30', 'type': 'twse', 'date': '2025-09-30'}"
2841,00916,國泰全球品牌50,ETF,twse,2025-09-30,"{'industry_category': 'ETF', 'stock_id': '00916', 'stock_name': '國泰全球品牌50', 'type': 'twse', 'date': '2025-09-30'}"
2842,00917,中信特選金融,ETF,twse,2025-09-30,"{'industry_category': 'ETF', 'stock_id': '00917', 'stock_name': '中信特選金融', 'type': 'twse', 'date': '2025-09-30'}"
2843,1260,富味鄉,食品工業,emerging,2025-09-30,"{'industry_category': '食品工業', 'stock_id': '1260', 'stock_name': '富味鄉', 'type': 'emerging', 'date': '2025-09-30'}"
2844,1264,德麥,食品工業,tpex,2025-09-30,"{'industry_category': '食品工業', 'stock_id': '1264', 'stock_name': '德麥', 'type': 'tpex', 'date': '2025-09-30'}"
2845,1268,漢來美食,觀光餐旅,tpex,2025-09-30,"{'industry_category': '觀光餐旅', 'stock_id': '1268', 'stock_name': '漢來美食', 'type': 'tpex', 'date': '2025-09-30'}"
2846,1269,乾杯,觀光餐旅,emerging,2025-09-30,"{'industry_category': '觀光餐旅', 'stock_id': '1269', 'stock_name': '乾杯', 'type': 'emerging', 'date': '2025-09-30'}"
2847,1271,晨暉生技,生技醫療業,emerging,2025-09-30,"{'industry_category': '生技醫療業', 'stock_id': '1271', 'stock_name': '晨暉生技', 'type': 'emerging', 'date': '2025-09-30'}"
2848,1293,利統,食品工業,emerging,2025-09-30,"{'industry_category': '食品工業', 'stock_id': '1293', 'stock_name': '利統', 'type': 'emerging', 'date': '2025-09-30'}"
2849,1294,漢田生技,食品工業,tpex,2025-09-30,"{'industry_category': '食品工業', 'stock_id': '1294', 'stock_name': '漢田生技', 'type': 'tpex', 'date': '2025-09-30'}"
2850,1295,生合,食品工業,tpex,2025-09-30,"{'industry_category': '食品工業', 'stock_id': '1295', 'stock_name': '生合', 'type': 'tpex', 'date': '2025-09-30'}"
2851,1301,台塑,塑膠工業,twse,2025-09-30,"{'industry_category': '塑膠工業', 'stock_id': '1301', 'stock_name': '台塑', 'type': 'twse', 'date': '2025-09-30'}"
2852,1303,南亞,塑膠工業,twse,2025-09-30,"{'industry_category': '塑膠工業', 'stock_id': '1303', 'stock_name': '南亞', 'type': 'twse', 'date': '2025-09-30'}"
2853,1304,台聚,塑膠工業,twse,2025-09-30,"{'industry_category': '塑膠工業', 'stock_id': '1304', 'stock_name': '台聚', 'type': 'twse', 'date': '2025-09-30'}"
2854,1305,華夏,塑膠工業,twse,2025-09-30,"{'industry_category': '塑膠工業', 'stock_id': '1305', 'stock_name': '華夏', 'type': 'twse', 'date': '2025-09-30'}"
2855,1307,三芳,塑膠工業,twse,2025-09-30,"{'industry_category': '塑膠工業', 'stock_id': '1307', 'stock_name': '三芳', 'type': 'twse', 'date': '2025-09-30'}"
2856,1308,亞聚,塑膠工業,twse,2025-09-30,"{'industry_category': '塑膠工業', 'stock_id': '1308', 'stock_name': '亞聚', 'type': 'twse', 'date': '2025-09-30'}"
2857,1309,台達化,塑膠工業,twse,2025-09-30,"{'industry_category': '塑膠工業', 'stock_id': '1309', 'stock_name': '台達化', 'type': 'twse', 'date': '2025-09-30'}"
2858,1310,台苯,塑膠工業,twse,2025-09-30,"{'industry_category': '塑膠工業', 'stock_id': '1310', 'stock_name': '台苯', 'type': 'twse', 'date': '2025-09-30'}"
2859,1312,國喬,塑膠工業,twse,2025-09-30,"{'industry_category': '塑膠工業', 'stock_id': '1312', 'stock_name': '國喬', 'type': 'twse', 'date': '2025-09-30'}"
2860,1312A,國喬特,塑膠工業,twse,2025-09-30,"{'industry_category': '塑膠工業', 'stock_id': '1312A', 'stock_name': '國喬特', 'type': 'twse', 'date': '2025-09-30'}"
2861,1313,聯成,塑膠工業,twse,2025-09-30,"{'industry_category': '塑膠工業', 'stock_id': '1313', 'stock_name': '聯成', 'type': 'twse', 'date': '2025-09-30'}"
2862,1314,中石化,塑膠工業,twse,2025-09-30,"{'industry_category': '塑膠工業', 'stock_id': '1314', 'stock_name': '中石化', 'type': 'twse', 'date': '2025-09-30'}"
2863,1315,達新,塑膠工業,twse,2025-09-30,"{'industry_category': '塑膠工業', 'stock_id': '1315', 'stock_name': '達新', 'type': 'twse', 'date': '2025-09-30'}"
2864,1316,上曜,建材營造,twse,2025-09-30,"{'industry_category': '建材營造', 'stock_id': '1316', 'stock_name': '上曜', 'type': 'twse', 'date': '2025-09-30'}"
2865,1319,東陽,汽車工業,twse,2025-09-30,"{'industry_category': '汽車工業', 'stock_id': '1319', 'stock_name': '東陽', 'type': 'twse', 'date': '2025-09-30'}"
2866,1259,安心,觀光餐旅,tpex,2025-09-30,"{'industry_category': '觀光餐旅', 'stock_id': '1259', 'stock_name': '安心', 'type': 'tpex', 'date': '2025-09-30'}"
2867,1256,鮮活果汁-KY,食品工業,twse,2025-09-30,"{'industry_category': '食品工業', 'stock_id': '1256', 'stock_name': '鮮活果汁-KY', 'type': 'twse', 'date': '2025-09-30'}"
2868,1240,茂生農經,農業科技業,tpex,2025-09-30,"{'industry_category': '農業科技業', 'stock_id': '1240', 'stock_name': '茂生農經', 'type': 'tpex', 'date': '2025-09-30'}"
2869,1236,宏亞,食品工業,twse,2025-09-30,"{'industry_category': '食品工業', 'stock_id': '1236', 'stock_name': '宏亞', 'type': 'twse', 'date': '2025-09-30'}"
2870,1102,亞泥,水泥工業,twse,2025-09-30,"{'industry_category': '水泥工業', 'stock_id': '1102', 'stock_name': '亞泥', 'type': 'twse', 'date': '2025-09-30'}"
2871,1103,嘉泥,水泥工業,twse,2025-09-30,"{'industry_category': '水泥工業', 'stock_id': '1103', 'stock_name': '嘉泥', 'type': 'twse', 'date': '2025-09-30'}"
2872,1104,環泥,水泥工業,twse,2025-09-30,"{'industry_category': '水泥工業', 'stock_id': '1104', 'stock_name': '環泥', 'type': 'twse', 'date': '2025-09-30'}"
2873,1108,幸福,水泥工業,twse,2025-09-30,"{'industry_category': '水泥工業', 'stock_id': '1108', 'stock_name': '幸福', 'type': 'twse', 'date': '2025-09-30'}"
2874,1109,信大,水泥工業,twse,2025-09-30,"{'industry_category': '水泥工業', 'stock_id': '1109', 'stock_name': '信大', 'type': 'twse', 'date': '2025-09-30'}"
2875,1110,東泥,水泥工業,twse,2025-09-30,"{'industry_category': '水泥工業', 'stock_id': '1110', 'stock_name': '東泥', 'type': 'twse', 'date': '2025-09-30'}"
2876,1201,味全,食品工業,twse,2025-09-30,"{'industry_category': '食品工業', 'stock_id': '1201', 'stock_name': '味全', 'type': 'twse', 'date': '2025-09-30'}"
2877,1203,味王,食品工業,twse,2025-09-30,"{'industry_category': '食品工業', 'stock_id': '1203', 'stock_name': '味王', 'type': 'twse', 'date': '2025-09-30'}"
2878,1210,大成,食品工業,twse,2025-09-30,"{'industry_category': '食品工業', 'stock_id': '1210', 'stock_name': '大成', 'type': 'twse', 'date': '2025-09-30'}"
2879,1213,大飲,食品工業,twse,2025-09-30,"{'industry_category': '食品工業', 'stock_id': '1213', 'stock_name': '大飲', 'type': 'twse', 'date': '2025-09-30'}"
2880,1215,卜蜂,食品工業,twse,2025-09-30,"{'industry_category': '食品工業', 'stock_id': '1215', 'stock_name': '卜蜂', 'type': 'twse', 'date': '2025-09-30'}"
2881,1321,大洋,塑膠工業,twse,2025-09-30,"{'industry_category': '塑膠工業', 'stock_id': '1321', 'stock_name': '大洋', 'type': 'twse', 'date': '2025-09-30'}"
2882,1216,統一,食品工業,twse,2025-09-30,"{'industry_category': '食品工業', 'stock_id': '1216', 'stock_name': '統一', 'type': 'twse', 'date': '2025-09-30'}"
2883,1218,泰山,食品工業,twse,2025-09-30,"{'industry_category': '食品工業', 'stock_id': '1218', 'stock_name': '泰山', 'type': 'twse', 'date': '2025-09-30'}"
2884,1219,福壽,食品工業,twse,2025-09-30,"{'industry_category': '食品工業', 'stock_id': '1219', 'stock_name': '福壽', 'type': 'twse', 'date': '2025-09-30'}"
2885,1220,台榮,食品工業,twse,2025-09-30,"{'industry_category': '食品工業', 'stock_id': '1220', 'stock_name': '台榮', 'type': 'twse', 'date': '2025-09-30'}"
2886,1225,福懋油,食品工業,twse,2025-09-30,"{'industry_category': '食品工業', 'stock_id': '1225', 'stock_name': '福懋油', 'type': 'twse', 'date': '2025-09-30'}"
2887,1227,佳格,食品工業,twse,2025-09-30,"{'industry_category': '食品工業', 'stock_id': '1227', 'stock_name': '佳格', 'type': 'twse', 'date': '2025-09-30'}"
2888,1229,聯華,食品工業,twse,2025-09-30,"{'industry_category': '食品工業', 'stock_id': '1229', 'stock_name': '聯華', 'type': 'twse', 'date': '2025-09-30'}"
2889,1231,聯華食,食品工業,twse,2025-09-30,"{'industry_category': '食品工業', 'stock_id': '1231', 'stock_name': '聯華食', 'type': 'twse', 'date': '2025-09-30'}"
2890,1232,大統益,食品工業,twse,2025-09-30,"{'industry_category': '食品工業', 'stock_id': '1232', 'stock_name': '大統益', 'type': 'twse', 'date': '2025-09-30'}"
2891,1233,天仁,食品工業,twse,2025-09-30,"{'industry_category': '食品工業', 'stock_id': '1233', 'stock_name': '天仁', 'type': 'twse', 'date': '2025-09-30'}"
2892,1234,黑松,食品工業,twse,2025-09-30,"{'industry_category': '食品工業', 'stock_id': '1234', 'stock_name': '黑松', 'type': 'twse', 'date': '2025-09-30'}"
2893,1235,興泰,食品工業,twse,2025-09-30,"{'industry_category': '食品工業', 'stock_id': '1235', 'stock_name': '興泰', 'type': 'twse', 'date': '2025-09-30'}"
2894,1217,愛之味,食品工業,twse,2025-09-30,"{'industry_category': '食品工業', 'stock_id': '1217', 'stock_name': '愛之味', 'type': 'twse', 'date': '2025-09-30'}"
2895,1101B,台泥乙特,水泥工業,twse,2025-09-30,"{'industry_category': '水泥工業', 'stock_id': '1101B', 'stock_name': '台泥乙特', 'type': 'twse', 'date': '2025-09-30'}"
2896,1323,永裕,塑膠工業,twse,2025-09-30,"{'industry_category': '塑膠工業', 'stock_id': '1323', 'stock_name': '永裕', 'type': 'twse', 'date': '2025-09-30'}"
2897,1325,恆大,塑膠工業,twse,2025-09-30,"{'industry_category': '塑膠工業', 'stock_id': '1325', 'stock_name': '恆大', 'type': 'twse', 'date': '2025-09-30'}"
2898,1442,名軒,建材營造,twse,2025-09-30,"{'industry_category': '建材營造', 'stock_id': '1442', 'stock_name': '名軒', 'type': 'twse', 'date': '2025-09-30'}"
2899,1443,立益物流,其他,twse,2025-09-30,"{'industry_category': '其他', 'stock_id': '1443', 'stock_name': '立益物流', 'type': 'twse', 'date': '2025-09-30'}"
2900,1444,力麗,紡織纖維,twse,2025-09-30,"{'industry_category': '紡織纖維', 'stock_id': '1444', 'stock_name': '力麗', 'type': 'twse', 'date': '2025-09-30'}"
2901,1445,大宇,紡織纖維,twse,2025-09-30,"{'industry_category': '紡織纖維', 'stock_id': '1445', 'stock_name': '大宇', 'type': 'twse', 'date': '2025-09-30'}"
2902,1446,宏和,紡織纖維,twse,2025-09-30,"{'industry_category': '紡織纖維', 'stock_id': '1446', 'stock_name': '宏和', 'type': 'twse', 'date': '2025-09-30'}"
2903,1447,力鵬,紡織纖維,twse,2025-09-30,"{'industry_category': '紡織纖維', 'stock_id': '1447', 'stock_name': '力鵬', 'type': 'twse', 'date': '2025-09-30'}"
2904,1449,佳和,紡織纖維,twse,2025-09-30,"{'industry_category': '紡織纖維', 'stock_id': '1449', 'stock_name': '佳和', 'type': 'twse', 'date': '2025-09-30'}"
2905,1451,年興,紡織纖維,twse,2025-09-30,"{'industry_category': '紡織纖維', 'stock_id': '1451', 'stock_name': '年興', 'type': 'twse', 'date': '2025-09-30'}"
2906,1452,宏益,紡織纖維,twse,2025-09-30,"{'industry_category': '紡織纖維', 'stock_id': '1452', 'stock_name': '宏益', 'type': 'twse', 'date': '2025-09-30'}"
2907,1453,大將,建材營造,twse,2025-09-30,"{'industry_category': '建材營造', 'stock_id': '1453', 'stock_name': '大將', 'type': 'twse', 'date': '2025-09-30'}"
2908,1454,台富,紡織纖維,twse,2025-09-30,"{'industry_category': '紡織纖維', 'stock_id': '1454', 'stock_name': '台富', 'type': 'twse', 'date': '2025-09-30'}"
2909,1455,集盛,紡織纖維,twse,2025-09-30,"{'industry_category': '紡織纖維', 'stock_id': '1455', 'stock_name': '集盛', 'type': 'twse', 'date': '2025-09-30'}"
2910,1456,怡華,建材營造,twse,2025-09-30,"{'industry_category': '建材營造', 'stock_id': '1456', 'stock_name': '怡華', 'type': 'twse', 'date': '2025-09-30'}"
2911,1457,宜進,紡織纖維,twse,2025-09-30,"{'industry_category': '紡織纖維', 'stock_id': '1457', 'stock_name': '宜進', 'type': 'twse', 'date': '2025-09-30'}"
2912,1459,聯發,紡織纖維,twse,2025-09-30,"{'industry_category': '紡織纖維', 'stock_id': '1459', 'stock_name': '聯發', 'type': 'twse', 'date': '2025-09-30'}"
2913,1460,宏遠,紡織纖維,twse,2025-09-30,"{'industry_category': '紡織纖維', 'stock_id': '1460', 'stock_name': '宏遠', 'type': 'twse', 'date': '2025-09-30'}"
2914,1463,強盛新,紡織纖維,twse,2025-09-30,"{'industry_category': '紡織纖維', 'stock_id': '1463', 'stock_name': '強盛新', 'type': 'twse', 'date': '2025-09-30'}"
2915,1464,得力,紡織纖維,twse,2025-09-30,"{'industry_category': '紡織纖維', 'stock_id': '1464', 'stock_name': '得力', 'type': 'twse', 'date': '2025-09-30'}"
2916,1465,偉全,紡織纖維,twse,2025-09-30,"{'industry_category': '紡織纖維', 'stock_id': '1465', 'stock_name': '偉全', 'type': 'twse', 'date': '2025-09-30'}"
2917,1466,聚隆,紡織纖維,twse,2025-09-30,"{'industry_category': '紡織纖維', 'stock_id': '1466', 'stock_name': '聚隆', 'type': 'twse', 'date': '2025-09-30'}"
2918,1467,南緯,紡織纖維,twse,2025-09-30,"{'industry_category': '紡織纖維', 'stock_id': '1467', 'stock_name': '南緯', 'type': 'twse', 'date': '2025-09-30'}"
2919,1468,昶和,紡織纖維,twse,2025-09-30,"{'industry_category': '紡織纖維', 'stock_id': '1468', 'stock_name': '昶和', 'type': 'twse', 'date': '2025-09-30'}"
2920,1470,大統新創,紡織纖維,twse,2025-09-30,"{'industry_category': '紡織纖維', 'stock_id': '1470', 'stock_name': '大統新創', 'type': 'twse', 'date': '2025-09-30'}"
2921,1441,大東,紡織纖維,twse,2025-09-30,"{'industry_category': '紡織纖維', 'stock_id': '1441', 'stock_name': '大東', 'type': 'twse', 'date': '2025-09-30'}"
2922,1440,南紡,紡織纖維,twse,2025-09-30,"{'industry_category': '紡織纖維', 'stock_id': '1440', 'stock_name': '南紡', 'type': 'twse', 'date': '2025-09-30'}"
2923,1439,雋揚,建材營造,twse,2025-09-30,"{'industry_category': '建材營造', 'stock_id': '1439', 'stock_name': '雋揚', 'type': 'twse', 'date': '2025-09-30'}"
2924,1438,三地開發,建材營造,twse,2025-09-30,"{'industry_category': '建材營造', 'stock_id': '1438', 'stock_name': '三地開發', 'type': 'twse', 'date': '2025-09-30'}"
2925,1326,台化,塑膠工業,twse,2025-09-30,"{'industry_category': '塑膠工業', 'stock_id': '1326', 'stock_name': '台化', 'type': 'twse', 'date': '2025-09-30'}"
2926,1336,台翰,電子零組件業,tpex,2025-09-30,"{'industry_category': '電子零組件業', 'stock_id': '1336', 'stock_name': '台翰', 'type': 'tpex', 'date': '2025-09-30'}"
2927,1337,再生-KY,塑膠工業,twse,2025-09-30,"{'industry_category': '塑膠工業', 'stock_id': '1337', 'stock_name': '再生-KY', 'type': 'twse', 'date': '2025-09-30'}"
2928,1338,廣華-KY,汽車工業,twse,2025-09-30,"{'industry_category': '汽車工業', 'stock_id': '1338', 'stock_name': '廣華-KY', 'type': 'twse', 'date': '2025-09-30'}"
2929,1339,昭輝,汽車工業,twse,2025-09-30,"{'industry_category': '汽車工業', 'stock_id': '1339', 'stock_name': '昭輝', 'type': 'twse', 'date': '2025-09-30'}"
2930,1340,勝悅-KY,塑膠工業,twse,2025-09-30,"{'industry_category': '塑膠工業', 'stock_id': '1340', 'stock_name': '勝悅-KY', 'type': 'twse', 'date': '2025-09-30'}"
2931,1341,富林-KY,塑膠工業,twse,2025-09-30,"{'industry_category': '塑膠工業', 'stock_id': '1341', 'stock_name': '富林-KY', 'type': 'twse', 'date': '2025-09-30'}"
2932,1342,八貫,其他,twse,2025-09-30,"{'industry_category': '其他', 'stock_id': '1342', 'stock_name': '八貫', 'type': 'twse', 'date': '2025-09-30'}"
2933,1343,旭東環保,綠能環保,emerging,2025-09-30,"{'industry_category': '綠能環保', 'stock_id': '1343', 'stock_name': '旭東環保', 'type': 'emerging', 'date': '2025-09-30'}"
2934,1402,遠東新,紡織纖維,twse,2025-09-30,"{'industry_category': '紡織纖維', 'stock_id': '1402', 'stock_name': '遠東新', 'type': 'twse', 'date': '2025-09-30'}"
2935,1409,新纖,紡織纖維,twse,2025-09-30,"{'industry_category': '紡織纖維', 'stock_id': '1409', 'stock_name': '新纖', 'type': 'twse', 'date': '2025-09-30'}"
2936,1324,地球,塑膠工業,twse,2025-09-30,"{'industry_category': '塑膠工業', 'stock_id': '1324', 'stock_name': '地球', 'type': 'twse', 'date': '2025-09-30'}"
2937,1410,南染,紡織纖維,twse,2025-09-30,"{'industry_category': '紡織纖維', 'stock_id': '1410', 'stock_name': '南染', 'type': 'twse', 'date': '2025-09-30'}"
2938,1414,東和,紡織纖維,twse,2025-09-30,"{'industry_category': '紡織纖維', 'stock_id': '1414', 'stock_name': '東和', 'type': 'twse', 'date': '2025-09-30'}"
2939,1416,廣豐,其他,twse,2025-09-30,"{'industry_category': '其他', 'stock_id': '1416', 'stock_name': '廣豐', 'type': 'twse', 'date': '2025-09-30'}"
2940,1417,嘉裕,紡織纖維,twse,2025-09-30,"{'industry_category': '紡織纖維', 'stock_id': '1417', 'stock_name': '嘉裕', 'type': 'twse', 'date': '2025-09-30'}"
2941,1418,東華,紡織纖維,twse,2025-09-30,"{'industry_category': '紡織纖維', 'stock_id': '1418', 'stock_name': '東華', 'type': 'twse', 'date': '2025-09-30'}"
2942,1419,新紡,紡織纖維,twse,2025-09-30,"{'industry_category': '紡織纖維', 'stock_id': '1419', 'stock_name': '新紡', 'type': 'twse', 'date': '2025-09-30'}"
2943,1423,利華,紡織纖維,twse,2025-09-30,"{'industry_category': '紡織纖維', 'stock_id': '1423', 'stock_name': '利華', 'type': 'twse', 'date': '2025-09-30'}"
2944,1432,大魯閣,運動休閒,twse,2025-09-30,"{'industry_category': '運動休閒', 'stock_id': '1432', 'stock_name': '大魯閣', 'type': 'twse', 'date': '2025-09-30'}"
2945,1434,福懋,紡織纖維,twse,2025-09-30,"{'industry_category': '紡織纖維', 'stock_id': '1434', 'stock_name': '福懋', 'type': 'twse', 'date': '2025-09-30'}"
2946,1435,中福,其他,twse,2025-09-30,"{'industry_category': '其他', 'stock_id': '1435', 'stock_name': '中福', 'type': 'twse', 'date': '2025-09-30'}"
2947,1436,華友聯,建材營造,twse,2025-09-30,"{'industry_category': '建材營造', 'stock_id': '1436', 'stock_name': '華友聯', 'type': 'twse', 'date': '2025-09-30'}"
2948,1437,勤益控,其他,twse,2025-09-30,"{'industry_category': '其他', 'stock_id': '1437', 'stock_name': '勤益控', 'type': 'twse', 'date': '2025-09-30'}"
2949,1413,宏洲,紡織纖維,twse,2025-09-30,"{'industry_category': '紡織纖維', 'stock_id': '1413', 'stock_name': '宏洲', 'type': 'twse', 'date': '2025-09-30'}"
2950,1101,台泥,水泥工業,twse,2025-09-30,"{'industry_category': '水泥工業', 'stock_id': '1101', 'stock_name': '台泥', 'type': 'twse', 'date': '2025-09-30'}"
2951,020041,兆豐半導體氣候N,指數投資證券(ETN),tpex,2025-09-30,"{'industry_category': '指數投資證券(ETN)', 'stock_id': '020041', 'stock_name': '兆豐半導體氣候N', 'type': 'tpex', 'date': '2025-09-30'}"
2952,020040,元大上櫃ESG龍頭N,指數投資證券(ETN),tpex,2025-09-30,"{'industry_category': '指數投資證券(ETN)', 'stock_id': '020040', 'stock_name': '元大上櫃ESG龍頭N', 'type': 'tpex', 'date': '2025-09-30'}"
2953,00947,台新臺灣IC設計,ETF,twse,2025-09-30,"{'industry_category': 'ETF', 'stock_id': '00947', 'stock_name': '台新臺灣IC設計', 'type': 'twse', 'date': '2025-09-30'}"
2954,00948B,中信優息投資級債,上櫃ETF,tpex,2025-09-30,"{'industry_category': '上櫃ETF', 'stock_id': '00948B', 'stock_name': '中信優息投資級債', 'type': 'tpex', 'date': '2025-09-30'}"
2955,00949,復華日本龍頭,ETF,twse,2025-09-30,"{'industry_category': 'ETF', 'stock_id': '00949', 'stock_name': '復華日本龍頭', 'type': 'twse', 'date': '2025-09-30'}"
2956,00950B,凱基A級公司債,上櫃ETF,tpex,2025-09-30,"{'industry_category': '上櫃ETF', 'stock_id': '00950B', 'stock_name': '凱基A級公司債', 'type': 'tpex', 'date': '2025-09-30'}"
2957,00951,台新日本半導體,ETF,twse,2025-09-30,"{'industry_category': 'ETF', 'stock_id': '00951', 'stock_name': '台新日本半導體', 'type': 'twse', 'date': '2025-09-30'}"
2958,00952,凱基台灣AI50,ETF,twse,2025-09-30,"{'industry_category': 'ETF', 'stock_id': '00952', 'stock_name': '凱基台灣AI50', 'type': 'twse', 'date': '2025-09-30'}"
2959,00953B,群益優選非投等債,ETF,twse,2025-09-30,"{'industry_category': 'ETF', 'stock_id': '00953B', 'stock_name': '群益優選非投等債', 'type': 'twse', 'date': '2025-09-30'}"
2960,00954,中信日本半導體,ETF,twse,2025-09-30,"{'industry_category': 'ETF', 'stock_id': '00954', 'stock_name': '中信日本半導體', 'type': 'twse', 'date': '2025-09-30'}"
2961,00955,中信日本商社,上櫃ETF,tpex,2025-09-30,"{'industry_category': '上櫃ETF', 'stock_id': '00955', 'stock_name': '中信日本商社', 'type': 'tpex', 'date': '2025-09-30'}"
2962,00956,中信日經高股息,ETF,twse,2025-09-30,"{'industry_category': 'ETF', 'stock_id': '00956', 'stock_name': '中信日經高股息', 'type': 'twse', 'date': '2025-09-30'}"
2963,00957B,兆豐US優選投等債,上櫃ETF,tpex,2025-09-30,"{'industry_category': '上櫃ETF', 'stock_id': '00957B', 'stock_name': '兆豐US優選投等債', 'type': 'tpex', 'date': '2025-09-30'}"
2964,00958B,永豐ESG銀行債15+,上櫃ETF,tpex,2025-09-30,"{'industry_category': '上櫃ETF', 'stock_id': '00958B', 'stock_name': '永豐ESG銀行債15+', 'type': 'tpex', 'date': '2025-09-30'}"
2965,00959B,大華投等美債15Y+,上櫃ETF,tpex,2025-09-30,"{'industry_category': '上櫃ETF', 'stock_id': '00959B', 'stock_name': '大華投等美債15Y+', 'type': 'tpex', 'date': '2025-09-30'}"
2966,00960,野村全球航運龍頭,ETF,twse,2025-09-30,"{'industry_category': 'ETF', 'stock_id': '00960', 'stock_name': '野村全球航運龍頭', 'type': 'twse', 'date': '2025-09-30'}"
2967,00961,FT臺灣永續高息,ETF,twse,2025-09-30,"{'industry_category': 'ETF', 'stock_id': '00961', 'stock_name': 'FT臺灣永續高息', 'type': 'twse', 'date': '2025-09-30'}"
2968,00962,台新AI優息動能,ETF,twse,2025-09-30,"{'industry_category': 'ETF', 'stock_id': '00962', 'stock_name': '台新AI優息動能', 'type': 'twse', 'date': '2025-09-30'}"
2969,00963,中信全球高股息,ETF,twse,2025-09-30,"{'industry_category': 'ETF', 'stock_id': '00963', 'stock_name': '中信全球高股息', 'type': 'twse', 'date': '2025-09-30'}"
2970,00964,中信亞太高股息,ETF,twse,2025-09-30,"{'industry_category': 'ETF', 'stock_id': '00964', 'stock_name': '中信亞太高股息', 'type': 'twse', 'date': '2025-09-30'}"
2971,00965,元大航太防衛科技,ETF,twse,2025-09-30,"{'industry_category': 'ETF', 'stock_id': '00965', 'stock_name': '元大航太防衛科技', 'type': 'twse', 'date': '2025-09-30'}"
2972,00966B,統一ESG投等債15+,上櫃ETF,tpex,2025-09-30,"{'industry_category': '上櫃ETF', 'stock_id': '00966B', 'stock_name': '統一ESG投等債15+', 'type': 'tpex', 'date': '2025-09-30'}"
2973,00967B,元大優息美債,上櫃ETF,tpex,2025-09-30,"{'industry_category': '上櫃ETF', 'stock_id': '00967B', 'stock_name': '元大優息美債', 'type': 'tpex', 'date': '2025-09-30'}"
2974,00968B,元大優息投等債,上櫃ETF,tpex,2025-09-30,"{'industry_category': '上櫃ETF', 'stock_id': '00968B', 'stock_name': '元大優息投等債', 'type': 'tpex', 'date': '2025-09-30'}"
2975,00969B,元大零息超長美債,上櫃ETF,tpex,2025-09-30,"{'industry_category': '上櫃ETF', 'stock_id': '00969B', 'stock_name': '元大零息超長美債', 'type': 'tpex', 'date': '2025-09-30'}"
2976,00946,群益科技高息成長,ETF,twse,2025-09-30,"{'industry_category': 'ETF', 'stock_id': '00946', 'stock_name': '群益科技高息成長', 'type': 'twse', 'date': '2025-09-30'}"
2977,00945B,凱基美國非投等債,ETF,twse,2025-09-30,"{'industry_category': 'ETF', 'stock_id': '00945B', 'stock_name': '凱基美國非投等債', 'type': 'twse', 'date': '2025-09-30'}"
2978,00944,野村趨勢動能高息,ETF,twse,2025-09-30,"{'industry_category': 'ETF', 'stock_id': '00944', 'stock_name': '野村趨勢動能高息', 'type': 'twse', 'date': '2025-09-30'}"
2979,00943,兆豐電子高息等權,ETF,twse,2025-09-30,"{'industry_category': 'ETF', 'stock_id': '00943', 'stock_name': '兆豐電子高息等權', 'type': 'twse', 'date': '2025-09-30'}"
2980,00918,大華優利高填息30,ETF,twse,2025-09-30,"{'industry_category': 'ETF', 'stock_id': '00918', 'stock_name': '大華優利高填息30', 'type': 'twse', 'date': '2025-09-30'}"
2981,00919,群益台灣精選高息,ETF,twse,2025-09-30,"{'industry_category': 'ETF', 'stock_id': '00919', 'stock_name': '群益台灣精選高息', 'type': 'twse', 'date': '2025-09-30'}"
2982,00920,富邦ESG綠色電力,ETF,twse,2025-09-30,"{'industry_category': 'ETF', 'stock_id': '00920', 'stock_name': '富邦ESG綠色電力', 'type': 'twse', 'date': '2025-09-30'}"
2983,00921,兆豐龍頭等權重,ETF,twse,2025-09-30,"{'industry_category': 'ETF', 'stock_id': '00921', 'stock_name': '兆豐龍頭等權重', 'type': 'twse', 'date': '2025-09-30'}"
2984,00922,國泰台灣領袖50,ETF,twse,2025-09-30,"{'industry_category': 'ETF', 'stock_id': '00922', 'stock_name': '國泰台灣領袖50', 'type': 'twse', 'date': '2025-09-30'}"
2985,00923,群益台ESG低碳50,ETF,twse,2025-09-30,"{'industry_category': 'ETF', 'stock_id': '00923', 'stock_name': '群益台ESG低碳50', 'type': 'twse', 'date': '2025-09-30'}"
2986,00924,復華S&P500成長,ETF,twse,2025-09-30,"{'industry_category': 'ETF', 'stock_id': '00924', 'stock_name': '復華S&P500成長', 'type': 'twse', 'date': '2025-09-30'}"
2987,00926,凱基全球菁英55,ETF,twse,2025-09-30,"{'industry_category': 'ETF', 'stock_id': '00926', 'stock_name': '凱基全球菁英55', 'type': 'twse', 'date': '2025-09-30'}"
2988,00927,群益半導體收益,ETF,twse,2025-09-30,"{'industry_category': 'ETF', 'stock_id': '00927', 'stock_name': '群益半導體收益', 'type': 'twse', 'date': '2025-09-30'}"
2989,00928,中信上櫃ESG 30,上櫃ETF,tpex,2025-09-30,"{'industry_category': '上櫃ETF', 'stock_id': '00928', 'stock_name': '中信上櫃ESG 30', 'type': 'tpex', 'date': '2025-09-30'}"
2990,00929,復華台灣科技優息,ETF,twse,2025-09-30,"{'industry_category': 'ETF', 'stock_id': '00929', 'stock_name': '復華台灣科技優息', 'type': 'twse', 'date': '2025-09-30'}"
2991,00970B,新光BBB投等債20+,上櫃ETF,tpex,2025-09-30,"{'industry_category': '上櫃ETF', 'stock_id': '00970B', 'stock_name': '新光BBB投等債20+', 'type': 'tpex', 'date': '2025-09-30'}"
2992,00930,永豐ESG低碳高息,ETF,twse,2025-09-30,"{'industry_category': 'ETF', 'stock_id': '00930', 'stock_name': '永豐ESG低碳高息', 'type': 'twse', 'date': '2025-09-30'}"
2993,00932,兆豐永續高息等權,ETF,twse,2025-09-30,"{'industry_category': 'ETF', 'stock_id': '00932', 'stock_name': '兆豐永續高息等權', 'type': 'twse', 'date': '2025-09-30'}"
2994,00933B,國泰10Y+金融債,上櫃ETF,tpex,2025-09-30,"{'industry_category': '上櫃ETF', 'stock_id': '00933B', 'stock_name': '國泰10Y+金融債', 'type': 'tpex', 'date': '2025-09-30'}"
2995,00934,中信成長高股息,ETF,twse,2025-09-30,"{'industry_category': 'ETF', 'stock_id': '00934', 'stock_name': '中信成長高股息', 'type': 'twse', 'date': '2025-09-30'}"
2996,00935,野村臺灣新科技50,ETF,twse,2025-09-30,"{'industry_category': 'ETF', 'stock_id': '00935', 'stock_name': '野村臺灣新科技50', 'type': 'twse', 'date': '2025-09-30'}"
2997,00936,台新永續高息中小,ETF,twse,2025-09-30,"{'industry_category': 'ETF', 'stock_id': '00936', 'stock_name': '台新永續高息中小', 'type': 'twse', 'date': '2025-09-30'}"
2998,00937B,群益ESG投等債20+,上櫃ETF,tpex,2025-09-30,"{'industry_category': '上櫃ETF', 'stock_id': '00937B', 'stock_name': '群益ESG投等債20+', 'type': 'tpex', 'date': '2025-09-30'}"
2999,00938,凱基優選30,ETF,twse,2025-09-30,"{'industry_category': 'ETF', 'stock_id': '00938', 'stock_name': '凱基優選30', 'type': 'twse', 'date': '2025-09-30'}"
3000,00939,統一台灣高息動能,ETF,twse,2025-09-30,"{'industry_category': 'ETF', 'stock_id': '00939', 'stock_name': '統一台灣高息動能', 'type': 'twse', 'date': '2025-09-30'}"
3001,00940,元大台灣價值高息,ETF,twse,2025-09-30,"{'industry_category': 'ETF', 'stock_id': '00940', 'stock_name': '元大台灣價值高息', 'type': 'twse', 'date': '2025-09-30'}"
3002,00941,中信上游半導體,ETF,twse,2025-09-30,"{'industry_category': 'ETF', 'stock_id': '00941', 'stock_name': '中信上游半導體', 'type': 'twse', 'date': '2025-09-30'}"
3003,00942B,台新美A公司債20+,上櫃ETF,tpex,2025-09-30,"{'industry_category': '上櫃ETF', 'stock_id': '00942B', 'stock_name': '台新美A公司債20+', 'type': 'tpex', 'date': '2025-09-30'}"
3004,00931B,統一美債20年,上櫃ETF,tpex,2025-09-30,"{'industry_category': '上櫃ETF', 'stock_id': '00931B', 'stock_name': '統一美債20年', 'type': 'tpex', 'date': '2025-09-30'}"
3005,00971,野村美國研發龍頭,ETF,twse,2025-09-30,"{'industry_category': 'ETF', 'stock_id': '00971', 'stock_name': '野村美國研發龍頭', 'type': 'twse', 'date': '2025-09-30'}"
3006,00972,野村日本動能高息,ETF,twse,2025-09-30,"{'industry_category': 'ETF', 'stock_id': '00972', 'stock_name': '野村日本動能高息', 'type': 'twse', 'date': '2025-09-30'}"
3007,009800,中信NASDAQ,ETF,twse,2025-09-30,"{'industry_category': 'ETF', 'stock_id': '009800', 'stock_name': '中信NASDAQ', 'type': 'twse', 'date': '2025-09-30'}"
3008,020000,富邦特選蘋果N,ETN,twse,2025-09-30,"{'industry_category': 'ETN', 'stock_id': '020000', 'stock_name': '富邦特選蘋果N', 'type': 'twse', 'date': '2025-09-30'}"
3009,020001,富邦存股雙十N,指數投資證券(ETN),tpex,2025-09-30,"{'industry_category': '指數投資證券(ETN)', 'stock_id': '020001', 'stock_name': '富邦存股雙十N', 'type': 'tpex', 'date': '2025-09-30'}"
3010,020011,統一微波高息20N,ETN,twse,2025-09-30,"{'industry_category': 'ETN', 'stock_id': '020011', 'stock_name': '統一微波高息20N', 'type': 'twse', 'date': '2025-09-30'}"
3011,020012,富邦行動通訊N,ETN,twse,2025-09-30,"{'industry_category': 'ETN', 'stock_id': '020012', 'stock_name': '富邦行動通訊N', 'type': 'twse', 'date': '2025-09-30'}"
3012,02001B,統一美國政府債N,指數投資證券(ETN),tpex,2025-09-30,"{'industry_category': '指數投資證券(ETN)', 'stock_id': '02001B', 'stock_name': '統一美國政府債N', 'type': 'tpex', 'date': '2025-09-30'}"
3013,02001L,富邦蘋果正二N,ETN,twse,2025-09-30,"{'industry_category': 'ETN', 'stock_id': '02001L', 'stock_name': '富邦蘋果正二N', 'type': 'twse', 'date': '2025-09-30'}"
3014,02001R,富邦蘋果反一N,ETN,twse,2025-09-30,"{'industry_category': 'ETN', 'stock_id': '02001R', 'stock_name': '富邦蘋果反一N', 'type': 'twse', 'date': '2025-09-30'}"
3015,02001S,策元大加權策略N,ETN,twse,2025-09-30,"{'industry_category': 'ETN', 'stock_id': '02001S', 'stock_name': '策元大加權策略N', 'type': 'twse', 'date': '2025-09-30'}"
3016,020020,元大台股領航N,ETN,twse,2025-09-30,"{'industry_category': 'ETN', 'stock_id': '020020', 'stock_name': '元大台股領航N', 'type': 'twse', 'date': '2025-09-30'}"
3017,020023,元大櫃買半導體N,指數投資證券(ETN),tpex,2025-09-30,"{'industry_category': '指數投資證券(ETN)', 'stock_id': '020023', 'stock_name': '元大櫃買半導體N', 'type': 'tpex', 'date': '2025-09-30'}"
3018,020025,統一亞洲半導體N,指數投資證券(ETN),tpex,2025-09-30,"{'industry_category': '指數投資證券(ETN)', 'stock_id': '020025', 'stock_name': '統一亞洲半導體N', 'type': 'tpex', 'date': '2025-09-30'}"
3019,00986A,主動台新龍頭成長,ETF,twse,2025-09-30,"{'industry_category': 'ETF', 'stock_id': '00986A', 'stock_name': '主動台新龍頭成長', 'type': 'twse', 'date': '2025-09-30'}"
3020,020027,元大上櫃ESG成長N,指數投資證券(ETN),tpex,2025-09-30,"{'industry_category': '指數投資證券(ETN)', 'stock_id': '020027', 'stock_name': '元大上櫃ESG成長N', 'type': 'tpex', 'date': '2025-09-30'}"
3021,020029,元大ESG高股息N,ETN,twse,2025-09-30,"{'industry_category': 'ETN', 'stock_id': '020029', 'stock_name': '元大ESG高股息N', 'type': 'twse', 'date': '2025-09-30'}"
3022,020030,統一智慧電動車N,ETN,twse,2025-09-30,"{'industry_category': 'ETN', 'stock_id': '020030', 'stock_name': '統一智慧電動車N', 'type': 'twse', 'date': '2025-09-30'}"
3023,020031,統一IC設計臺灣N,ETN,twse,2025-09-30,"{'industry_category': 'ETN', 'stock_id': '020031', 'stock_name': '統一IC設計臺灣N', 'type': 'twse', 'date': '2025-09-30'}"
3024,020032,元大綠能N,ETN,twse,2025-09-30,"{'industry_category': 'ETN', 'stock_id': '020032', 'stock_name': '元大綠能N', 'type': 'twse', 'date': '2025-09-30'}"
3025,020033,統一恒生科期N,指數投資證券(ETN),tpex,2025-09-30,"{'industry_category': '指數投資證券(ETN)', 'stock_id': '020033', 'stock_name': '統一恒生科期N', 'type': 'tpex', 'date': '2025-09-30'}"
3026,020034,元大IC設計N,ETN,twse,2025-09-30,"{'industry_category': 'ETN', 'stock_id': '020034', 'stock_name': '元大IC設計N', 'type': 'twse', 'date': '2025-09-30'}"
3027,020035,元大上櫃ESG高息N,指數投資證券(ETN),tpex,2025-09-30,"{'industry_category': '指數投資證券(ETN)', 'stock_id': '020035', 'stock_name': '元大上櫃ESG高息N', 'type': 'tpex', 'date': '2025-09-30'}"
3028,020036,元大金融配息N,ETN,twse,2025-09-30,"{'industry_category': 'ETN', 'stock_id': '020036', 'stock_name': '元大金融配息N', 'type': 'twse', 'date': '2025-09-30'}"
3029,020037,元大金融高股息N,ETN,twse,2025-09-30,"{'industry_category': 'ETN', 'stock_id': '020037', 'stock_name': '元大金融高股息N', 'type': 'twse', 'date': '2025-09-30'}"
3030,020038,元大ESG配息N,ETN,twse,2025-09-30,"{'industry_category': 'ETN', 'stock_id': '020038', 'stock_name': '元大ESG配息N', 'type': 'twse', 'date': '2025-09-30'}"
3031,020039,元大加權N,ETN,twse,2025-09-30,"{'industry_category': 'ETN', 'stock_id': '020039', 'stock_name': '元大加權N', 'type': 'twse', 'date': '2025-09-30'}"
3032,020028,元大特選電動車N,ETN,twse,2025-09-30,"{'industry_category': 'ETN', 'stock_id': '020028', 'stock_name': '元大特選電動車N', 'type': 'twse', 'date': '2025-09-30'}"
3033,1471,首利,電子零組件業,twse,2025-09-30,"{'industry_category': '電子零組件業', 'stock_id': '1471', 'stock_name': '首利', 'type': 'twse', 'date': '2025-09-30'}"
3034,00985B,群益ESG投等債0-5,ETF,twse,2025-09-30,"{'industry_category': 'ETF', 'stock_id': '00985B', 'stock_name': '群益ESG投等債0-5', 'type': 'twse', 'date': '2025-09-30'}"
3035,00984B,大華優利美A債15,上櫃ETF,tpex,2025-09-30,"{'industry_category': '上櫃ETF', 'stock_id': '00984B', 'stock_name': '大華優利美A債15', 'type': 'tpex', 'date': '2025-09-30'}"
3036,009801,中信美國創新科技,ETF,twse,2025-09-30,"{'industry_category': 'ETF', 'stock_id': '009801', 'stock_name': '中信美國創新科技', 'type': 'twse', 'date': '2025-09-30'}"
3037,009802,富邦旗艦50,ETF,twse,2025-09-30,"{'industry_category': 'ETF', 'stock_id': '009802', 'stock_name': '富邦旗艦50', 'type': 'twse', 'date': '2025-09-30'}"
3038,009803,保德信市值動能50,ETF,twse,2025-09-30,"{'industry_category': 'ETF', 'stock_id': '009803', 'stock_name': '保德信市值動能50', 'type': 'twse', 'date': '2025-09-30'}"
3039,009804,聯邦台精彩50,ETF,twse,2025-09-30,"{'industry_category': 'ETF', 'stock_id': '009804', 'stock_name': '聯邦台精彩50', 'type': 'twse', 'date': '2025-09-30'}"
3040,009805,新光美國電力基建,ETF,twse,2025-09-30,"{'industry_category': 'ETF', 'stock_id': '009805', 'stock_name': '新光美國電力基建', 'type': 'twse', 'date': '2025-09-30'}"
3041,009806,台新標普500,上櫃ETF,tpex,2025-09-30,"{'industry_category': '上櫃ETF', 'stock_id': '009806', 'stock_name': '台新標普500', 'type': 'tpex', 'date': '2025-09-30'}"
3042,009807,台新標普科技精選,上櫃ETF,tpex,2025-09-30,"{'industry_category': '上櫃ETF', 'stock_id': '009807', 'stock_name': '台新標普科技精選', 'type': 'tpex', 'date': '2025-09-30'}"
3043,009808,華南永昌優選50,ETF,twse,2025-09-30,"{'industry_category': 'ETF', 'stock_id': '009808', 'stock_name': '華南永昌優選50', 'type': 'twse', 'date': '2025-09-30'}"
3044,00980A,主動野村臺灣優選,ETF,twse,2025-09-30,"{'industry_category': 'ETF', 'stock_id': '00980A', 'stock_name': '主動野村臺灣優選', 'type': 'twse', 'date': '2025-09-30'}"
3045,00980B,台新特選IG債10+,上櫃ETF,tpex,2025-09-30,"{'industry_category': '上櫃ETF', 'stock_id': '00980B', 'stock_name': '台新特選IG債10+', 'type': 'tpex', 'date': '2025-09-30'}"
3046,00980D,主動聯博投等入息,上櫃ETF,tpex,2025-09-30,"{'industry_category': '上櫃ETF', 'stock_id': '00980D', 'stock_name': '主動聯博投等入息', 'type': 'tpex', 'date': '2025-09-30'}"
3047,00985A,主動野村台灣50,ETF,twse,2025-09-30,"{'industry_category': 'ETF', 'stock_id': '00985A', 'stock_name': '主動野村台灣50', 'type': 'twse', 'date': '2025-09-30'}"
3048,00980T,平衡凱基美國TOP,上櫃ETF,tpex,2025-09-30,"{'industry_category': '上櫃ETF', 'stock_id': '00980T', 'stock_name': '平衡凱基美國TOP', 'type': 'tpex', 'date': '2025-09-30'}"
3049,009811,統一美國50,ETF,twse,2025-09-30,"{'industry_category': 'ETF', 'stock_id': '009811', 'stock_name': '統一美國50', 'type': 'twse', 'date': '2025-09-30'}"
3050,009812,野村日本東證,ETF,twse,2025-09-30,"{'industry_category': 'ETF', 'stock_id': '009812', 'stock_name': '野村日本東證', 'type': 'twse', 'date': '2025-09-30'}"
3051,00981A,主動統一台股增長,ETF,twse,2025-09-30,"{'industry_category': 'ETF', 'stock_id': '00981A', 'stock_name': '主動統一台股增長', 'type': 'twse', 'date': '2025-09-30'}"
3052,00981B,第一金優選非投債,上櫃ETF,tpex,2025-09-30,"{'industry_category': '上櫃ETF', 'stock_id': '00981B', 'stock_name': '第一金優選非投債', 'type': 'tpex', 'date': '2025-09-30'}"
3053,00981D,主動中信非投等債,上櫃ETF,tpex,2025-09-30,"{'industry_category': '上櫃ETF', 'stock_id': '00981D', 'stock_name': '主動中信非投等債', 'type': 'tpex', 'date': '2025-09-30'}"
3054,00981T,平衡凱基雙核收息,ETF,twse,2025-09-30,"{'industry_category': 'ETF', 'stock_id': '00981T', 'stock_name': '平衡凱基雙核收息', 'type': 'twse', 'date': '2025-09-30'}"
3055,00982A,主動群益台灣強棒,ETF,twse,2025-09-30,"{'industry_category': 'ETF', 'stock_id': '00982A', 'stock_name': '主動群益台灣強棒', 'type': 'twse', 'date': '2025-09-30'}"
3056,00982B,FT投資級債20+,上櫃ETF,tpex,2025-09-30,"{'industry_category': '上櫃ETF', 'stock_id': '00982B', 'stock_name': 'FT投資級債20+', 'type': 'tpex', 'date': '2025-09-30'}"
3057,00983A,主動中信ARK創新,ETF,twse,2025-09-30,"{'industry_category': 'ETF', 'stock_id': '00983A', 'stock_name': '主動中信ARK創新', 'type': 'twse', 'date': '2025-09-30'}"
3058,00983B,大華優利美公債20,上櫃ETF,tpex,2025-09-30,"{'industry_category': '上櫃ETF', 'stock_id': '00983B', 'stock_name': '大華優利美公債20', 'type': 'tpex', 'date': '2025-09-30'}"
3059,00984A,主動安聯台灣高息,ETF,twse,2025-09-30,"{'industry_category': 'ETF', 'stock_id': '00984A', 'stock_name': '主動安聯台灣高息', 'type': 'twse', 'date': '2025-09-30'}"
3060,009810,保德信全球藍籌,ETF,twse,2025-09-30,"{'industry_category': 'ETF', 'stock_id': '009810', 'stock_name': '保德信全球藍籌', 'type': 'twse', 'date': '2025-09-30'}"
3061,2449,京元電子,電子工業,twse,2025-09-30,"{'industry_category': '電子工業', 'stock_id': '2449', 'stock_name': '京元電子', 'type': 'twse', 'date': '2025-09-30'}"
3062,2436,偉詮電,半導體業,twse,2025-09-30,"{'industry_category': '半導體業', 'stock_id': '2436', 'stock_name': '偉詮電', 'type': 'twse', 'date': '2025-09-30'}"
3063,2450,神腦,電子工業,twse,2025-09-30,"{'industry_category': '電子工業', 'stock_id': '2450', 'stock_name': '神腦', 'type': 'twse', 'date': '2025-09-30'}"
3064,3576,聯合再生,光電業,twse,2025-09-30,"{'industry_category': '光電業', 'stock_id': '3576', 'stock_name': '聯合再生', 'type': 'twse', 'date': '2025-09-30'}"
3065,3576,聯合再生,電子工業,twse,2025-09-30,"{'industry_category': '電子工業', 'stock_id': '3576', 'stock_name': '聯合再生', 'type': 'twse', 'date': '2025-09-30'}"
3066,3577,泓格,電腦及週邊設備業,tpex,2025-09-30,"{'industry_category': '電腦及週邊設備業', 'stock_id': '3577', 'stock_name': '泓格', 'type': 'tpex', 'date': '2025-09-30'}"
3067,3580,友威科,其他電子類,tpex,2025-09-30,"{'industry_category': '其他電子類', 'stock_id': '3580', 'stock_name': '友威科', 'type': 'tpex', 'date': '2025-09-30'}"
3068,3581,博磊,半導體業,tpex,2025-09-30,"{'industry_category': '半導體業', 'stock_id': '3581', 'stock_name': '博磊', 'type': 'tpex', 'date': '2025-09-30'}"
3069,3583,辛耘,半導體業,twse,2025-09-30,"{'industry_category': '半導體業', 'stock_id': '3583', 'stock_name': '辛耘', 'type': 'twse', 'date': '2025-09-30'}"
3070,3583,辛耘,電子工業,twse,2025-09-30,"{'industry_category': '電子工業', 'stock_id': '3583', 'stock_name': '辛耘', 'type': 'twse', 'date': '2025-09-30'}"
3071,3585,聯致,電子零組件業,emerging,2025-09-30,"{'industry_category': '電子零組件業', 'stock_id': '3585', 'stock_name': '聯致', 'type': 'emerging', 'date': '2025-09-30'}"
3072,3587,閎康,其他電子類,tpex,2025-09-30,"{'industry_category': '其他電子類', 'stock_id': '3587', 'stock_name': '閎康', 'type': 'tpex', 'date': '2025-09-30'}"
3073,3588,通嘉,半導體業,twse,2025-09-30,"{'industry_category': '半導體業', 'stock_id': '3588', 'stock_name': '通嘉', 'type': 'twse', 'date': '2025-09-30'}"
3074,3588,通嘉,電子工業,twse,2025-09-30,"{'industry_category': '電子工業', 'stock_id': '3588', 'stock_name': '通嘉', 'type': 'twse', 'date': '2025-09-30'}"
3075,3591,艾笛森,光電業,twse,2025-09-30,"{'industry_category': '光電業', 'stock_id': '3591', 'stock_name': '艾笛森', 'type': 'twse', 'date': '2025-09-30'}"
3076,3591,艾笛森,電子工業,twse,2025-09-30,"{'industry_category': '電子工業', 'stock_id': '3591', 'stock_name': '艾笛森', 'type': 'twse', 'date': '2025-09-30'}"
3077,3592,瑞鼎,半導體業,twse,2025-09-30,"{'industry_category': '半導體業', 'stock_id': '3592', 'stock_name': '瑞鼎', 'type': 'twse', 'date': '2025-09-30'}"
3078,3592,瑞鼎,電子工業,twse,2025-09-30,"{'industry_category': '電子工業', 'stock_id': '3592', 'stock_name': '瑞鼎', 'type': 'twse', 'date': '2025-09-30'}"
3079,3593,力銘,電子工業,twse,2025-09-30,"{'industry_category': '電子工業', 'stock_id': '3593', 'stock_name': '力銘', 'type': 'twse', 'date': '2025-09-30'}"
3080,3593,力銘,電子零組件業,twse,2025-09-30,"{'industry_category': '電子零組件業', 'stock_id': '3593', 'stock_name': '力銘', 'type': 'twse', 'date': '2025-09-30'}"
3081,3594,磐儀,電腦及週邊設備業,tpex,2025-09-30,"{'industry_category': '電腦及週邊設備業', 'stock_id': '3594', 'stock_name': '磐儀', 'type': 'tpex', 'date': '2025-09-30'}"
3082,3595,山太士,光電業,emerging,2025-09-30,"{'industry_category': '光電業', 'stock_id': '3595', 'stock_name': '山太士', 'type': 'emerging', 'date': '2025-09-30'}"
3083,3596,智易,通信網路業,twse,2025-09-30,"{'industry_category': '通信網路業', 'stock_id': '3596', 'stock_name': '智易', 'type': 'twse', 'date': '2025-09-30'}"
3084,3596,智易,電子工業,twse,2025-09-30,"{'industry_category': '電子工業', 'stock_id': '3596', 'stock_name': '智易', 'type': 'twse', 'date': '2025-09-30'}"
3085,3597,映興,電子零組件業,tpex,2025-09-30,"{'industry_category': '電子零組件業', 'stock_id': '3597', 'stock_name': '映興', 'type': 'tpex', 'date': '2025-09-30'}"
3086,3603,建祥國際,電子通路業,emerging,2025-09-30,"{'industry_category': '電子通路業', 'stock_id': '3603', 'stock_name': '建祥國際', 'type': 'emerging', 'date': '2025-09-30'}"
3087,3570,大塚,資訊服務業,tpex,2025-09-30,"{'industry_category': '資訊服務業', 'stock_id': '3570', 'stock_name': '大塚', 'type': 'tpex', 'date': '2025-09-30'}"
3088,3567,逸昌,半導體業,tpex,2025-09-30,"{'industry_category': '半導體業', 'stock_id': '3567', 'stock_name': '逸昌', 'type': 'tpex', 'date': '2025-09-30'}"
3089,3564,其陽,通信網路業,tpex,2025-09-30,"{'industry_category': '通信網路業', 'stock_id': '3564', 'stock_name': '其陽', 'type': 'tpex', 'date': '2025-09-30'}"
3090,3563,牧德,電子工業,twse,2025-09-30,"{'industry_category': '電子工業', 'stock_id': '3563', 'stock_name': '牧德', 'type': 'twse', 'date': '2025-09-30'}"
3091,3532,台勝科,半導體業,twse,2025-09-30,"{'industry_category': '半導體業', 'stock_id': '3532', 'stock_name': '台勝科', 'type': 'twse', 'date': '2025-09-30'}"
3092,3532,台勝科,電子工業,twse,2025-09-30,"{'industry_category': '電子工業', 'stock_id': '3532', 'stock_name': '台勝科', 'type': 'twse', 'date': '2025-09-30'}"
3093,3533,嘉澤,電子工業,twse,2025-09-30,"{'industry_category': '電子工業', 'stock_id': '3533', 'stock_name': '嘉澤', 'type': 'twse', 'date': '2025-09-30'}"
3094,3533,嘉澤,電子零組件業,twse,2025-09-30,"{'industry_category': '電子零組件業', 'stock_id': '3533', 'stock_name': '嘉澤', 'type': 'twse', 'date': '2025-09-30'}"
3095,3535,晶彩科,光電業,twse,2025-09-30,"{'industry_category': '光電業', 'stock_id': '3535', 'stock_name': '晶彩科', 'type': 'twse', 'date': '2025-09-30'}"
3096,3535,晶彩科,電子工業,twse,2025-09-30,"{'industry_category': '電子工業', 'stock_id': '3535', 'stock_name': '晶彩科', 'type': 'twse', 'date': '2025-09-30'}"
3097,3537,堡達,電子零組件業,tpex,2025-09-30,"{'industry_category': '電子零組件業', 'stock_id': '3537', 'stock_name': '堡達', 'type': 'tpex', 'date': '2025-09-30'}"
3098,3540,曜越,電腦及週邊設備業,tpex,2025-09-30,"{'industry_category': '電腦及週邊設備業', 'stock_id': '3540', 'stock_name': '曜越', 'type': 'tpex', 'date': '2025-09-30'}"
3099,3541,西柏,其他電子類,tpex,2025-09-30,"{'industry_category': '其他電子類', 'stock_id': '3541', 'stock_name': '西柏', 'type': 'tpex', 'date': '2025-09-30'}"
3100,3543,州巧,光電業,twse,2025-09-30,"{'industry_category': '光電業', 'stock_id': '3543', 'stock_name': '州巧', 'type': 'twse', 'date': '2025-09-30'}"
3101,3543,州巧,電子工業,twse,2025-09-30,"{'industry_category': '電子工業', 'stock_id': '3543', 'stock_name': '州巧', 'type': 'twse', 'date': '2025-09-30'}"
3102,3605,宏致,電子工業,twse,2025-09-30,"{'industry_category': '電子工業', 'stock_id': '3605', 'stock_name': '宏致', 'type': 'twse', 'date': '2025-09-30'}"
3103,3545,敦泰,半導體業,twse,2025-09-30,"{'industry_category': '半導體業', 'stock_id': '3545', 'stock_name': '敦泰', 'type': 'twse', 'date': '2025-09-30'}"
3104,3546,宇峻,文化創意業,tpex,2025-09-30,"{'industry_category': '文化創意業', 'stock_id': '3546', 'stock_name': '宇峻', 'type': 'tpex', 'date': '2025-09-30'}"
3105,3548,兆利,電子零組件業,tpex,2025-09-30,"{'industry_category': '電子零組件業', 'stock_id': '3548', 'stock_name': '兆利', 'type': 'tpex', 'date': '2025-09-30'}"
3106,3550,聯穎,電子工業,twse,2025-09-30,"{'industry_category': '電子工業', 'stock_id': '3550', 'stock_name': '聯穎', 'type': 'twse', 'date': '2025-09-30'}"
3107,3550,聯穎,電子零組件業,twse,2025-09-30,"{'industry_category': '電子零組件業', 'stock_id': '3550', 'stock_name': '聯穎', 'type': 'twse', 'date': '2025-09-30'}"
3108,3551,世禾,綠能環保類,tpex,2025-09-30,"{'industry_category': '綠能環保類', 'stock_id': '3551', 'stock_name': '世禾', 'type': 'tpex', 'date': '2025-09-30'}"
3109,3552,同致,其他電子類,tpex,2025-09-30,"{'industry_category': '其他電子類', 'stock_id': '3552', 'stock_name': '同致', 'type': 'tpex', 'date': '2025-09-30'}"
3110,3555,博士旺,半導體業,tpex,2025-09-30,"{'industry_category': '半導體業', 'stock_id': '3555', 'stock_name': '博士旺', 'type': 'tpex', 'date': '2025-09-30'}"
3111,3556,禾瑞亞,半導體業,tpex,2025-09-30,"{'industry_category': '半導體業', 'stock_id': '3556', 'stock_name': '禾瑞亞', 'type': 'tpex', 'date': '2025-09-30'}"
3112,3557,嘉威,居家生活,twse,2025-09-30,"{'industry_category': '居家生活', 'stock_id': '3557', 'stock_name': '嘉威', 'type': 'twse', 'date': '2025-09-30'}"
3113,3558,神準,通信網路業,tpex,2025-09-30,"{'industry_category': '通信網路業', 'stock_id': '3558', 'stock_name': '神準', 'type': 'tpex', 'date': '2025-09-30'}"
3114,3563,牧德,光電業,twse,2025-09-30,"{'industry_category': '光電業', 'stock_id': '3563', 'stock_name': '牧德', 'type': 'twse', 'date': '2025-09-30'}"
3115,3545,敦泰,電子工業,twse,2025-09-30,"{'industry_category': '電子工業', 'stock_id': '3545', 'stock_name': '敦泰', 'type': 'twse', 'date': '2025-09-30'}"
3116,3531,先益,光電業,tpex,2025-09-30,"{'industry_category': '光電業', 'stock_id': '3531', 'stock_name': '先益', 'type': 'tpex', 'date': '2025-09-30'}"
3117,3605,宏致,電子零組件業,twse,2025-09-30,"{'industry_category': '電子零組件業', 'stock_id': '3605', 'stock_name': '宏致', 'type': 'twse', 'date': '2025-09-30'}"
3118,3607,谷崧,電子零組件業,twse,2025-09-30,"{'industry_category': '電子零組件業', 'stock_id': '3607', 'stock_name': '谷崧', 'type': 'twse', 'date': '2025-09-30'}"
3119,3664,安瑞-KY,通信網路業,tpex,2025-09-30,"{'industry_category': '通信網路業', 'stock_id': '3664', 'stock_name': '安瑞-KY', 'type': 'tpex', 'date': '2025-09-30'}"
3120,3665,貿聯-KY,其他電子業,twse,2025-09-30,"{'industry_category': '其他電子業', 'stock_id': '3665', 'stock_name': '貿聯-KY', 'type': 'twse', 'date': '2025-09-30'}"
3121,3665,貿聯-KY,電子工業,twse,2025-09-30,"{'industry_category': '電子工業', 'stock_id': '3665', 'stock_name': '貿聯-KY', 'type': 'twse', 'date': '2025-09-30'}"
3122,3666,光耀,光電業,tpex,2025-09-30,"{'industry_category': '光電業', 'stock_id': '3666', 'stock_name': '光耀', 'type': 'tpex', 'date': '2025-09-30'}"
3123,3669,圓展,通信網路業,twse,2025-09-30,"{'industry_category': '通信網路業', 'stock_id': '3669', 'stock_name': '圓展', 'type': 'twse', 'date': '2025-09-30'}"
3124,3669,圓展,電子工業,twse,2025-09-30,"{'industry_category': '電子工業', 'stock_id': '3669', 'stock_name': '圓展', 'type': 'twse', 'date': '2025-09-30'}"
3125,3672,康聯訊,通信網路業,tpex,2025-09-30,"{'industry_category': '通信網路業', 'stock_id': '3672', 'stock_name': '康聯訊', 'type': 'tpex', 'date': '2025-09-30'}"
3126,3673,TPK-KY,光電業,twse,2025-09-30,"{'industry_category': '光電業', 'stock_id': '3673', 'stock_name': 'TPK-KY', 'type': 'twse', 'date': '2025-09-30'}"
3127,3673,TPK-KY,電子工業,twse,2025-09-30,"{'industry_category': '電子工業', 'stock_id': '3673', 'stock_name': 'TPK-KY', 'type': 'twse', 'date': '2025-09-30'}"
3128,3675,德微,半導體業,tpex,2025-09-30,"{'industry_category': '半導體業', 'stock_id': '3675', 'stock_name': '德微', 'type': 'tpex', 'date': '2025-09-30'}"
3129,3678,聯享,光電業,emerging,2025-09-30,"{'industry_category': '光電業', 'stock_id': '3678', 'stock_name': '聯享', 'type': 'emerging', 'date': '2025-09-30'}"
3130,3679,新至陞,電子工業,twse,2025-09-30,"{'industry_category': '電子工業', 'stock_id': '3679', 'stock_name': '新至陞', 'type': 'twse', 'date': '2025-09-30'}"
3131,3679,新至陞,電子零組件業,twse,2025-09-30,"{'industry_category': '電子零組件業', 'stock_id': '3679', 'stock_name': '新至陞', 'type': 'twse', 'date': '2025-09-30'}"
3132,3680,家登,半導體業,tpex,2025-09-30,"{'industry_category': '半導體業', 'stock_id': '3680', 'stock_name': '家登', 'type': 'tpex', 'date': '2025-09-30'}"
3133,3684,榮昌,通信網路業,tpex,2025-09-30,"{'industry_category': '通信網路業', 'stock_id': '3684', 'stock_name': '榮昌', 'type': 'tpex', 'date': '2025-09-30'}"
3134,3685,元創精密,電機機械,tpex,2025-09-30,"{'industry_category': '電機機械', 'stock_id': '3685', 'stock_name': '元創精密', 'type': 'tpex', 'date': '2025-09-30'}"
3135,3686,達能,半導體業,twse,2025-09-30,"{'industry_category': '半導體業', 'stock_id': '3686', 'stock_name': '達能', 'type': 'twse', 'date': '2025-09-30'}"
3136,3686,達能,電子工業,twse,2025-09-30,"{'industry_category': '電子工業', 'stock_id': '3686', 'stock_name': '達能', 'type': 'twse', 'date': '2025-09-30'}"
3137,3687,歐買尬,數位雲端類,tpex,2025-09-30,"{'industry_category': '數位雲端類', 'stock_id': '3687', 'stock_name': '歐買尬', 'type': 'tpex', 'date': '2025-09-30'}"
3138,3689,湧德,電子零組件業,tpex,2025-09-30,"{'industry_category': '電子零組件業', 'stock_id': '3689', 'stock_name': '湧德', 'type': 'tpex', 'date': '2025-09-30'}"
3139,3691,碩禾,光電業,tpex,2025-09-30,"{'industry_category': '光電業', 'stock_id': '3691', 'stock_name': '碩禾', 'type': 'tpex', 'date': '2025-09-30'}"
3140,3693,營邦,電腦及週邊設備業,tpex,2025-09-30,"{'industry_category': '電腦及週邊設備業', 'stock_id': '3693', 'stock_name': '營邦', 'type': 'tpex', 'date': '2025-09-30'}"
3141,3694,海華,通信網路業,twse,2025-09-30,"{'industry_category': '通信網路業', 'stock_id': '3694', 'stock_name': '海華', 'type': 'twse', 'date': '2025-09-30'}"
3142,3663,鑫科,其他電子類,tpex,2025-09-30,"{'industry_category': '其他電子類', 'stock_id': '3663', 'stock_name': '鑫科', 'type': 'tpex', 'date': '2025-09-30'}"
3143,3661,世芯-KY,電子工業,twse,2025-09-30,"{'industry_category': '電子工業', 'stock_id': '3661', 'stock_name': '世芯-KY', 'type': 'twse', 'date': '2025-09-30'}"
3144,3661,世芯-KY,半導體業,twse,2025-09-30,"{'industry_category': '半導體業', 'stock_id': '3661', 'stock_name': '世芯-KY', 'type': 'twse', 'date': '2025-09-30'}"
3145,3659,百辰,光電業,emerging,2025-09-30,"{'industry_category': '光電業', 'stock_id': '3659', 'stock_name': '百辰', 'type': 'emerging', 'date': '2025-09-30'}"
3146,3609,三一東林,電子零組件業,tpex,2025-09-30,"{'industry_category': '電子零組件業', 'stock_id': '3609', 'stock_name': '三一東林', 'type': 'tpex', 'date': '2025-09-30'}"
3147,3611,鼎翰,電腦及週邊設備業,tpex,2025-09-30,"{'industry_category': '電腦及週邊設備業', 'stock_id': '3611', 'stock_name': '鼎翰', 'type': 'tpex', 'date': '2025-09-30'}"
3148,3615,安可,光電業,tpex,2025-09-30,"{'industry_category': '光電業', 'stock_id': '3615', 'stock_name': '安可', 'type': 'tpex', 'date': '2025-09-30'}"
3149,3616,泓辰,電機機械,emerging,2025-09-30,"{'industry_category': '電機機械', 'stock_id': '3616', 'stock_name': '泓辰', 'type': 'emerging', 'date': '2025-09-30'}"
3150,3617,碩天,其他電子業,twse,2025-09-30,"{'industry_category': '其他電子業', 'stock_id': '3617', 'stock_name': '碩天', 'type': 'twse', 'date': '2025-09-30'}"
3151,3617,碩天,電子工業,twse,2025-09-30,"{'industry_category': '電子工業', 'stock_id': '3617', 'stock_name': '碩天', 'type': 'twse', 'date': '2025-09-30'}"
3152,3622,洋華,光電業,twse,2025-09-30,"{'industry_category': '光電業', 'stock_id': '3622', 'stock_name': '洋華', 'type': 'twse', 'date': '2025-09-30'}"
3153,3622,洋華,電子工業,twse,2025-09-30,"{'industry_category': '電子工業', 'stock_id': '3622', 'stock_name': '洋華', 'type': 'twse', 'date': '2025-09-30'}"
3154,3623,富晶通,光電業,tpex,2025-09-30,"{'industry_category': '光電業', 'stock_id': '3623', 'stock_name': '富晶通', 'type': 'tpex', 'date': '2025-09-30'}"
3155,3624,光頡,電子零組件業,tpex,2025-09-30,"{'industry_category': '電子零組件業', 'stock_id': '3624', 'stock_name': '光頡', 'type': 'tpex', 'date': '2025-09-30'}"
3156,3625,西勝,電腦及週邊設備業,tpex,2025-09-30,"{'industry_category': '電腦及週邊設備業', 'stock_id': '3625', 'stock_name': '西勝', 'type': 'tpex', 'date': '2025-09-30'}"
3157,3607,谷崧,電子工業,twse,2025-09-30,"{'industry_category': '電子工業', 'stock_id': '3607', 'stock_name': '谷崧', 'type': 'twse', 'date': '2025-09-30'}"
3158,3628,盈正,其他電子類,tpex,2025-09-30,"{'industry_category': '其他電子類', 'stock_id': '3628', 'stock_name': '盈正', 'type': 'tpex', 'date': '2025-09-30'}"
3159,3630,新鉅科,光電業,tpex,2025-09-30,"{'industry_category': '光電業', 'stock_id': '3630', 'stock_name': '新鉅科', 'type': 'tpex', 'date': '2025-09-30'}"
3160,3631,晟楠,電子零組件業,tpex,2025-09-30,"{'industry_category': '電子零組件業', 'stock_id': '3631', 'stock_name': '晟楠', 'type': 'tpex', 'date': '2025-09-30'}"
3161,3632,研勤,通信網路業,tpex,2025-09-30,"{'industry_category': '通信網路業', 'stock_id': '3632', 'stock_name': '研勤', 'type': 'tpex', 'date': '2025-09-30'}"
3162,3633,云光,光電業,emerging,2025-09-30,"{'industry_category': '光電業', 'stock_id': '3633', 'stock_name': '云光', 'type': 'emerging', 'date': '2025-09-30'}"
3163,3645,達邁,電子工業,twse,2025-09-30,"{'industry_category': '電子工業', 'stock_id': '3645', 'stock_name': '達邁', 'type': 'twse', 'date': '2025-09-30'}"
3164,3645,達邁,電子零組件業,twse,2025-09-30,"{'industry_category': '電子零組件業', 'stock_id': '3645', 'stock_name': '達邁', 'type': 'twse', 'date': '2025-09-30'}"
3165,3646,艾恩特,電子零組件業,tpex,2025-09-30,"{'industry_category': '電子零組件業', 'stock_id': '3646', 'stock_name': '艾恩特', 'type': 'tpex', 'date': '2025-09-30'}"
3166,3652,精聯,電子工業,twse,2025-09-30,"{'industry_category': '電子工業', 'stock_id': '3652', 'stock_name': '精聯', 'type': 'twse', 'date': '2025-09-30'}"
3167,3652,精聯,電腦及週邊設備業,twse,2025-09-30,"{'industry_category': '電腦及週邊設備業', 'stock_id': '3652', 'stock_name': '精聯', 'type': 'twse', 'date': '2025-09-30'}"
3168,3653,健策,電子工業,twse,2025-09-30,"{'industry_category': '電子工業', 'stock_id': '3653', 'stock_name': '健策', 'type': 'twse', 'date': '2025-09-30'}"
3169,3653,健策,電子零組件業,twse,2025-09-30,"{'industry_category': '電子零組件業', 'stock_id': '3653', 'stock_name': '健策', 'type': 'twse', 'date': '2025-09-30'}"
3170,3629,地心引力,文化創意業,tpex,2025-09-30,"{'industry_category': '文化創意業', 'stock_id': '3629', 'stock_name': '地心引力', 'type': 'tpex', 'date': '2025-09-30'}"
3171,3694,海華,電子工業,twse,2025-09-30,"{'industry_category': '電子工業', 'stock_id': '3694', 'stock_name': '海華', 'type': 'twse', 'date': '2025-09-30'}"
3172,3530,晶相光,電子工業,twse,2025-09-30,"{'industry_category': '電子工業', 'stock_id': '3530', 'stock_name': '晶相光', 'type': 'twse', 'date': '2025-09-30'}"
3173,3529,力旺,半導體業,tpex,2025-09-30,"{'industry_category': '半導體業', 'stock_id': '3529', 'stock_name': '力旺', 'type': 'tpex', 'date': '2025-09-30'}"
3174,3362,先進光,光電業,tpex,2025-09-30,"{'industry_category': '光電業', 'stock_id': '3362', 'stock_name': '先進光', 'type': 'tpex', 'date': '2025-09-30'}"
3175,3363,上詮,通信網路業,tpex,2025-09-30,"{'industry_category': '通信網路業', 'stock_id': '3363', 'stock_name': '上詮', 'type': 'tpex', 'date': '2025-09-30'}"
3176,3372,典範,半導體業,tpex,2025-09-30,"{'industry_category': '半導體業', 'stock_id': '3372', 'stock_name': '典範', 'type': 'tpex', 'date': '2025-09-30'}"
3177,3373,熱映,其他電子類,tpex,2025-09-30,"{'industry_category': '其他電子類', 'stock_id': '3373', 'stock_name': '熱映', 'type': 'tpex', 'date': '2025-09-30'}"
3178,3374,精材,半導體業,tpex,2025-09-30,"{'industry_category': '半導體業', 'stock_id': '3374', 'stock_name': '精材', 'type': 'tpex', 'date': '2025-09-30'}"
3179,3376,新日興,電子工業,twse,2025-09-30,"{'industry_category': '電子工業', 'stock_id': '3376', 'stock_name': '新日興', 'type': 'twse', 'date': '2025-09-30'}"
3180,3376,新日興,電子零組件業,twse,2025-09-30,"{'industry_category': '電子零組件業', 'stock_id': '3376', 'stock_name': '新日興', 'type': 'twse', 'date': '2025-09-30'}"
3181,3379,彬台,電機機械,tpex,2025-09-30,"{'industry_category': '電機機械', 'stock_id': '3379', 'stock_name': '彬台', 'type': 'tpex', 'date': '2025-09-30'}"
3182,3380,明泰,通信網路業,twse,2025-09-30,"{'industry_category': '通信網路業', 'stock_id': '3380', 'stock_name': '明泰', 'type': 'twse', 'date': '2025-09-30'}"
3183,3380,明泰,電子工業,twse,2025-09-30,"{'industry_category': '電子工業', 'stock_id': '3380', 'stock_name': '明泰', 'type': 'twse', 'date': '2025-09-30'}"
3184,3388,崇越電,電子零組件業,tpex,2025-09-30,"{'industry_category': '電子零組件業', 'stock_id': '3388', 'stock_name': '崇越電', 'type': 'tpex', 'date': '2025-09-30'}"
3185,3390,旭軟,電子零組件業,tpex,2025-09-30,"{'industry_category': '電子零組件業', 'stock_id': '3390', 'stock_name': '旭軟', 'type': 'tpex', 'date': '2025-09-30'}"
3186,3402,漢科,其他電子類,tpex,2025-09-30,"{'industry_category': '其他電子類', 'stock_id': '3402', 'stock_name': '漢科', 'type': 'tpex', 'date': '2025-09-30'}"
3187,3406,玉晶光,光電業,twse,2025-09-30,"{'industry_category': '光電業', 'stock_id': '3406', 'stock_name': '玉晶光', 'type': 'twse', 'date': '2025-09-30'}"
3188,3406,玉晶光,電子工業,twse,2025-09-30,"{'industry_category': '電子工業', 'stock_id': '3406', 'stock_name': '玉晶光', 'type': 'twse', 'date': '2025-09-30'}"
3189,3413,京鼎,半導體業,twse,2025-09-30,"{'industry_category': '半導體業', 'stock_id': '3413', 'stock_name': '京鼎', 'type': 'twse', 'date': '2025-09-30'}"
3190,3413,京鼎,電子工業,twse,2025-09-30,"{'industry_category': '電子工業', 'stock_id': '3413', 'stock_name': '京鼎', 'type': 'twse', 'date': '2025-09-30'}"
3191,3416,融程電,電子工業,twse,2025-09-30,"{'industry_category': '電子工業', 'stock_id': '3416', 'stock_name': '融程電', 'type': 'twse', 'date': '2025-09-30'}"
3192,3416,融程電,電腦及週邊設備業,twse,2025-09-30,"{'industry_category': '電腦及週邊設備業', 'stock_id': '3416', 'stock_name': '融程電', 'type': 'twse', 'date': '2025-09-30'}"
3193,3419,譁裕,通信網路業,twse,2025-09-30,"{'industry_category': '通信網路業', 'stock_id': '3419', 'stock_name': '譁裕', 'type': 'twse', 'date': '2025-09-30'}"
3194,3419,譁裕,電子工業,twse,2025-09-30,"{'industry_category': '電子工業', 'stock_id': '3419', 'stock_name': '譁裕', 'type': 'twse', 'date': '2025-09-30'}"
3195,3426,台興,電機機械,tpex,2025-09-30,"{'industry_category': '電機機械', 'stock_id': '3426', 'stock_name': '台興', 'type': 'tpex', 'date': '2025-09-30'}"
3196,3430,奇鈦科,化學工業,tpex,2025-09-30,"{'industry_category': '化學工業', 'stock_id': '3430', 'stock_name': '奇鈦科', 'type': 'tpex', 'date': '2025-09-30'}"
3197,3360,尚立,電子通路業,tpex,2025-09-30,"{'industry_category': '電子通路業', 'stock_id': '3360', 'stock_name': '尚立', 'type': 'tpex', 'date': '2025-09-30'}"
3198,3357,臺慶科,電子零組件業,tpex,2025-09-30,"{'industry_category': '電子零組件業', 'stock_id': '3357', 'stock_name': '臺慶科', 'type': 'tpex', 'date': '2025-09-30'}"
3199,3356,奇偶,電子工業,twse,2025-09-30,"{'industry_category': '電子工業', 'stock_id': '3356', 'stock_name': '奇偶', 'type': 'twse', 'date': '2025-09-30'}"
3200,3356,奇偶,光電業,twse,2025-09-30,"{'industry_category': '光電業', 'stock_id': '3356', 'stock_name': '奇偶', 'type': 'twse', 'date': '2025-09-30'}"
3201,3305,昇貿,電子工業,twse,2025-09-30,"{'industry_category': '電子工業', 'stock_id': '3305', 'stock_name': '昇貿', 'type': 'twse', 'date': '2025-09-30'}"
3202,3306,鼎天,通信網路業,tpex,2025-09-30,"{'industry_category': '通信網路業', 'stock_id': '3306', 'stock_name': '鼎天', 'type': 'tpex', 'date': '2025-09-30'}"
3203,3308,聯德,電子工業,twse,2025-09-30,"{'industry_category': '電子工業', 'stock_id': '3308', 'stock_name': '聯德', 'type': 'twse', 'date': '2025-09-30'}"
3204,3308,聯德,電子零組件業,twse,2025-09-30,"{'industry_category': '電子零組件業', 'stock_id': '3308', 'stock_name': '聯德', 'type': 'twse', 'date': '2025-09-30'}"
3205,3310,佳穎,電子零組件業,tpex,2025-09-30,"{'industry_category': '電子零組件業', 'stock_id': '3310', 'stock_name': '佳穎', 'type': 'tpex', 'date': '2025-09-30'}"
3206,3311,閎暉,通信網路業,twse,2025-09-30,"{'industry_category': '通信網路業', 'stock_id': '3311', 'stock_name': '閎暉', 'type': 'twse', 'date': '2025-09-30'}"
3207,3311,閎暉,電子工業,twse,2025-09-30,"{'industry_category': '電子工業', 'stock_id': '3311', 'stock_name': '閎暉', 'type': 'twse', 'date': '2025-09-30'}"
3208,3312,弘憶股,電子工業,twse,2025-09-30,"{'industry_category': '電子工業', 'stock_id': '3312', 'stock_name': '弘憶股', 'type': 'twse', 'date': '2025-09-30'}"
3209,3312,弘憶股,電子通路業,twse,2025-09-30,"{'industry_category': '電子通路業', 'stock_id': '3312', 'stock_name': '弘憶股', 'type': 'twse', 'date': '2025-09-30'}"
3210,3313,斐成,其他,tpex,2025-09-30,"{'industry_category': '其他', 'stock_id': '3313', 'stock_name': '斐成', 'type': 'tpex', 'date': '2025-09-30'}"
3211,3317,尼克森,半導體業,tpex,2025-09-30,"{'industry_category': '半導體業', 'stock_id': '3317', 'stock_name': '尼克森', 'type': 'tpex', 'date': '2025-09-30'}"
3212,3432,台端,電子工業,twse,2025-09-30,"{'industry_category': '電子工業', 'stock_id': '3432', 'stock_name': '台端', 'type': 'twse', 'date': '2025-09-30'}"
3213,3321,同泰,電子工業,twse,2025-09-30,"{'industry_category': '電子工業', 'stock_id': '3321', 'stock_name': '同泰', 'type': 'twse', 'date': '2025-09-30'}"
3214,2450,神腦,通信網路業,twse,2025-09-30,"{'industry_category': '通信網路業', 'stock_id': '2450', 'stock_name': '神腦', 'type': 'twse', 'date': '2025-09-30'}"
3215,3323,加百裕,電腦及週邊設備業,tpex,2025-09-30,"{'industry_category': '電腦及週邊設備業', 'stock_id': '3323', 'stock_name': '加百裕', 'type': 'tpex', 'date': '2025-09-30'}"
3216,3324,雙鴻,其他電子類,tpex,2025-09-30,"{'industry_category': '其他電子類', 'stock_id': '3324', 'stock_name': '雙鴻', 'type': 'tpex', 'date': '2025-09-30'}"
3217,3325,旭品,電腦及週邊設備業,tpex,2025-09-30,"{'industry_category': '電腦及週邊設備業', 'stock_id': '3325', 'stock_name': '旭品', 'type': 'tpex', 'date': '2025-09-30'}"
3218,3332,幸康,電子零組件業,tpex,2025-09-30,"{'industry_category': '電子零組件業', 'stock_id': '3332', 'stock_name': '幸康', 'type': 'tpex', 'date': '2025-09-30'}"
3219,3338,泰碩,電子工業,twse,2025-09-30,"{'industry_category': '電子工業', 'stock_id': '3338', 'stock_name': '泰碩', 'type': 'twse', 'date': '2025-09-30'}"
3220,3338,泰碩,電子零組件業,twse,2025-09-30,"{'industry_category': '電子零組件業', 'stock_id': '3338', 'stock_name': '泰碩', 'type': 'twse', 'date': '2025-09-30'}"
3221,3339,泰谷,光電業,tpex,2025-09-30,"{'industry_category': '光電業', 'stock_id': '3339', 'stock_name': '泰谷', 'type': 'tpex', 'date': '2025-09-30'}"
3222,3346,麗清,汽車工業,twse,2025-09-30,"{'industry_category': '汽車工業', 'stock_id': '3346', 'stock_name': '麗清', 'type': 'twse', 'date': '2025-09-30'}"
3223,3349,寶德,電腦及週邊設備業,tpex,2025-09-30,"{'industry_category': '電腦及週邊設備業', 'stock_id': '3349', 'stock_name': '寶德', 'type': 'tpex', 'date': '2025-09-30'}"
3224,3354,律勝,電子零組件業,tpex,2025-09-30,"{'industry_category': '電子零組件業', 'stock_id': '3354', 'stock_name': '律勝', 'type': 'tpex', 'date': '2025-09-30'}"
3225,3321,同泰,電子零組件業,twse,2025-09-30,"{'industry_category': '電子零組件業', 'stock_id': '3321', 'stock_name': '同泰', 'type': 'twse', 'date': '2025-09-30'}"
3226,3530,晶相光,半導體業,twse,2025-09-30,"{'industry_category': '半導體業', 'stock_id': '3530', 'stock_name': '晶相光', 'type': 'twse', 'date': '2025-09-30'}"
3227,3432,台端,電子零組件業,twse,2025-09-30,"{'industry_category': '電子零組件業', 'stock_id': '3432', 'stock_name': '台端', 'type': 'twse', 'date': '2025-09-30'}"
3228,3437,榮創,光電業,twse,2025-09-30,"{'industry_category': '光電業', 'stock_id': '3437', 'stock_name': '榮創', 'type': 'twse', 'date': '2025-09-30'}"
3229,3494,誠研,電腦及週邊設備業,twse,2025-09-30,"{'industry_category': '電腦及週邊設備業', 'stock_id': '3494', 'stock_name': '誠研', 'type': 'twse', 'date': '2025-09-30'}"
3230,3498,陽程,其他電子類,tpex,2025-09-30,"{'industry_category': '其他電子類', 'stock_id': '3498', 'stock_name': '陽程', 'type': 'tpex', 'date': '2025-09-30'}"
3231,3499,環天科,通信網路業,tpex,2025-09-30,"{'industry_category': '通信網路業', 'stock_id': '3499', 'stock_name': '環天科', 'type': 'tpex', 'date': '2025-09-30'}"
3232,3501,維熹,電子工業,twse,2025-09-30,"{'industry_category': '電子工業', 'stock_id': '3501', 'stock_name': '維熹', 'type': 'twse', 'date': '2025-09-30'}"
3233,3501,維熹,電子零組件業,twse,2025-09-30,"{'industry_category': '電子零組件業', 'stock_id': '3501', 'stock_name': '維熹', 'type': 'twse', 'date': '2025-09-30'}"
3234,3504,揚明光,光電業,twse,2025-09-30,"{'industry_category': '光電業', 'stock_id': '3504', 'stock_name': '揚明光', 'type': 'twse', 'date': '2025-09-30'}"
3235,3504,揚明光,電子工業,twse,2025-09-30,"{'industry_category': '電子工業', 'stock_id': '3504', 'stock_name': '揚明光', 'type': 'twse', 'date': '2025-09-30'}"
3236,3508,位速,其他電子類,tpex,2025-09-30,"{'industry_category': '其他電子類', 'stock_id': '3508', 'stock_name': '位速', 'type': 'tpex', 'date': '2025-09-30'}"
3237,3511,矽瑪,電子零組件業,tpex,2025-09-30,"{'industry_category': '電子零組件業', 'stock_id': '3511', 'stock_name': '矽瑪', 'type': 'tpex', 'date': '2025-09-30'}"
3238,3512,皇龍,建材營造,tpex,2025-09-30,"{'industry_category': '建材營造', 'stock_id': '3512', 'stock_name': '皇龍', 'type': 'tpex', 'date': '2025-09-30'}"
3239,3515,華擎,電子工業,twse,2025-09-30,"{'industry_category': '電子工業', 'stock_id': '3515', 'stock_name': '華擎', 'type': 'twse', 'date': '2025-09-30'}"
3240,3515,華擎,電腦及週邊設備業,twse,2025-09-30,"{'industry_category': '電腦及週邊設備業', 'stock_id': '3515', 'stock_name': '華擎', 'type': 'twse', 'date': '2025-09-30'}"
3241,3516,亞帝歐,光電業,tpex,2025-09-30,"{'industry_category': '光電業', 'stock_id': '3516', 'stock_name': '亞帝歐', 'type': 'tpex', 'date': '2025-09-30'}"
3242,3518,柏騰,其他電子業,twse,2025-09-30,"{'industry_category': '其他電子業', 'stock_id': '3518', 'stock_name': '柏騰', 'type': 'twse', 'date': '2025-09-30'}"
3243,3518,柏騰,電子工業,twse,2025-09-30,"{'industry_category': '電子工業', 'stock_id': '3518', 'stock_name': '柏騰', 'type': 'twse', 'date': '2025-09-30'}"
3244,3520,華盈,電子零組件業,tpex,2025-09-30,"{'industry_category': '電子零組件業', 'stock_id': '3520', 'stock_name': '華盈', 'type': 'tpex', 'date': '2025-09-30'}"
3245,3521,鴻翊,建材營造,tpex,2025-09-30,"{'industry_category': '建材營造', 'stock_id': '3521', 'stock_name': '鴻翊', 'type': 'tpex', 'date': '2025-09-30'}"
3246,3522,御嵿,觀光餐旅,tpex,2025-09-30,"{'industry_category': '觀光餐旅', 'stock_id': '3522', 'stock_name': '御嵿', 'type': 'tpex', 'date': '2025-09-30'}"
3247,3523,迎輝,光電業,tpex,2025-09-30,"{'industry_category': '光電業', 'stock_id': '3523', 'stock_name': '迎輝', 'type': 'tpex', 'date': '2025-09-30'}"
3248,3526,凡甲,電子零組件業,tpex,2025-09-30,"{'industry_category': '電子零組件業', 'stock_id': '3526', 'stock_name': '凡甲', 'type': 'tpex', 'date': '2025-09-30'}"
3249,3527,聚積,半導體業,tpex,2025-09-30,"{'industry_category': '半導體業', 'stock_id': '3527', 'stock_name': '聚積', 'type': 'tpex', 'date': '2025-09-30'}"
3250,3528,安馳,電子工業,twse,2025-09-30,"{'industry_category': '電子工業', 'stock_id': '3528', 'stock_name': '安馳', 'type': 'twse', 'date': '2025-09-30'}"
3251,3528,安馳,電子通路業,twse,2025-09-30,"{'industry_category': '電子通路業', 'stock_id': '3528', 'stock_name': '安馳', 'type': 'twse', 'date': '2025-09-30'}"
3252,3494,誠研,電子工業,twse,2025-09-30,"{'industry_category': '電子工業', 'stock_id': '3494', 'stock_name': '誠研', 'type': 'twse', 'date': '2025-09-30'}"
3253,3492,長盛,電子零組件業,tpex,2025-09-30,"{'industry_category': '電子零組件業', 'stock_id': '3492', 'stock_name': '長盛', 'type': 'tpex', 'date': '2025-09-30'}"
3254,3491,昇達科,通信網路業,tpex,2025-09-30,"{'industry_category': '通信網路業', 'stock_id': '3491', 'stock_name': '昇達科', 'type': 'tpex', 'date': '2025-09-30'}"
3255,3490,單井,光電業,tpex,2025-09-30,"{'industry_category': '光電業', 'stock_id': '3490', 'stock_name': '單井', 'type': 'tpex', 'date': '2025-09-30'}"
3256,3437,榮創,電子工業,twse,2025-09-30,"{'industry_category': '電子工業', 'stock_id': '3437', 'stock_name': '榮創', 'type': 'twse', 'date': '2025-09-30'}"
3257,3438,類比科,半導體業,tpex,2025-09-30,"{'industry_category': '半導體業', 'stock_id': '3438', 'stock_name': '類比科', 'type': 'tpex', 'date': '2025-09-30'}"
3258,3441,聯一光,光電業,tpex,2025-09-30,"{'industry_category': '光電業', 'stock_id': '3441', 'stock_name': '聯一光', 'type': 'tpex', 'date': '2025-09-30'}"
3259,3443,創意,半導體業,twse,2025-09-30,"{'industry_category': '半導體業', 'stock_id': '3443', 'stock_name': '創意', 'type': 'twse', 'date': '2025-09-30'}"
3260,3443,創意,電子工業,twse,2025-09-30,"{'industry_category': '電子工業', 'stock_id': '3443', 'stock_name': '創意', 'type': 'twse', 'date': '2025-09-30'}"
3261,3444,利機,電子通路業,tpex,2025-09-30,"{'industry_category': '電子通路業', 'stock_id': '3444', 'stock_name': '利機', 'type': 'tpex', 'date': '2025-09-30'}"
3262,3447,展達,通信網路業,twse,2025-09-30,"{'industry_category': '通信網路業', 'stock_id': '3447', 'stock_name': '展達', 'type': 'twse', 'date': '2025-09-30'}"
3263,3447,展達,電子工業,twse,2025-09-30,"{'industry_category': '電子工業', 'stock_id': '3447', 'stock_name': '展達', 'type': 'twse', 'date': '2025-09-30'}"
3264,3450,聯鈞,半導體業,twse,2025-09-30,"{'industry_category': '半導體業', 'stock_id': '3450', 'stock_name': '聯鈞', 'type': 'twse', 'date': '2025-09-30'}"
3265,3450,聯鈞,電子工業,twse,2025-09-30,"{'industry_category': '電子工業', 'stock_id': '3450', 'stock_name': '聯鈞', 'type': 'twse', 'date': '2025-09-30'}"
3266,3454,晶睿,光電業,twse,2025-09-30,"{'industry_category': '光電業', 'stock_id': '3454', 'stock_name': '晶睿', 'type': 'twse', 'date': '2025-09-30'}"
3267,3434,哲固,光電業,tpex,2025-09-30,"{'industry_category': '光電業', 'stock_id': '3434', 'stock_name': '哲固', 'type': 'tpex', 'date': '2025-09-30'}"
3268,3454,晶睿,電子工業,twse,2025-09-30,"{'industry_category': '電子工業', 'stock_id': '3454', 'stock_name': '晶睿', 'type': 'twse', 'date': '2025-09-30'}"
3269,3465,進泰電子,其他電子類,tpex,2025-09-30,"{'industry_category': '其他電子類', 'stock_id': '3465', 'stock_name': '進泰電子', 'type': 'tpex', 'date': '2025-09-30'}"
3270,3466,德晉,通信網路業,tpex,2025-09-30,"{'industry_category': '通信網路業', 'stock_id': '3466', 'stock_name': '德晉', 'type': 'tpex', 'date': '2025-09-30'}"
3271,3467,台灣精材,半導體業,tpex,2025-09-30,"{'industry_category': '半導體業', 'stock_id': '3467', 'stock_name': '台灣精材', 'type': 'tpex', 'date': '2025-09-30'}"
3272,3473,智通聯網,通信網路業,emerging,2025-09-30,"{'industry_category': '通信網路業', 'stock_id': '3473', 'stock_name': '智通聯網', 'type': 'emerging', 'date': '2025-09-30'}"
3273,3479,安勤,電腦及週邊設備業,tpex,2025-09-30,"{'industry_category': '電腦及週邊設備業', 'stock_id': '3479', 'stock_name': '安勤', 'type': 'tpex', 'date': '2025-09-30'}"
3274,3481,群創,光電業,twse,2025-09-30,"{'industry_category': '光電業', 'stock_id': '3481', 'stock_name': '群創', 'type': 'twse', 'date': '2025-09-30'}"
3275,3481,群創,電子工業,twse,2025-09-30,"{'industry_category': '電子工業', 'stock_id': '3481', 'stock_name': '群創', 'type': 'twse', 'date': '2025-09-30'}"
3276,3483,力致,電腦及週邊設備業,tpex,2025-09-30,"{'industry_category': '電腦及週邊設備業', 'stock_id': '3483', 'stock_name': '力致', 'type': 'tpex', 'date': '2025-09-30'}"
3277,3484,崧騰,電子零組件業,tpex,2025-09-30,"{'industry_category': '電子零組件業', 'stock_id': '3484', 'stock_name': '崧騰', 'type': 'tpex', 'date': '2025-09-30'}"
3278,3485,敘豐,光電業,emerging,2025-09-30,"{'industry_category': '光電業', 'stock_id': '3485', 'stock_name': '敘豐', 'type': 'emerging', 'date': '2025-09-30'}"
3279,3489,森寶,建材營造,tpex,2025-09-30,"{'industry_category': '建材營造', 'stock_id': '3489', 'stock_name': '森寶', 'type': 'tpex', 'date': '2025-09-30'}"
3280,3455,由田,光電業,tpex,2025-09-30,"{'industry_category': '光電業', 'stock_id': '3455', 'stock_name': '由田', 'type': 'tpex', 'date': '2025-09-30'}"
3281,3701,大眾控,電子工業,twse,2025-09-30,"{'industry_category': '電子工業', 'stock_id': '3701', 'stock_name': '大眾控', 'type': 'twse', 'date': '2025-09-30'}"
3282,3701,大眾控,電腦及週邊設備業,twse,2025-09-30,"{'industry_category': '電腦及週邊設備業', 'stock_id': '3701', 'stock_name': '大眾控', 'type': 'twse', 'date': '2025-09-30'}"
3283,3702,大聯大,電子工業,twse,2025-09-30,"{'industry_category': '電子工業', 'stock_id': '3702', 'stock_name': '大聯大', 'type': 'twse', 'date': '2025-09-30'}"
3284,4541,晟田,其他,tpex,2025-09-30,"{'industry_category': '其他', 'stock_id': '4541', 'stock_name': '晟田', 'type': 'tpex', 'date': '2025-09-30'}"
3285,4542,科嶠,電子零組件業,tpex,2025-09-30,"{'industry_category': '電子零組件業', 'stock_id': '4542', 'stock_name': '科嶠', 'type': 'tpex', 'date': '2025-09-30'}"
3286,4543,萬在,電機機械,tpex,2025-09-30,"{'industry_category': '電機機械', 'stock_id': '4543', 'stock_name': '萬在', 'type': 'tpex', 'date': '2025-09-30'}"
3287,4544,春日,電機機械,emerging,2025-09-30,"{'industry_category': '電機機械', 'stock_id': '4544', 'stock_name': '春日', 'type': 'emerging', 'date': '2025-09-30'}"
3288,4545,銘鈺,電子工業,twse,2025-09-30,"{'industry_category': '電子工業', 'stock_id': '4545', 'stock_name': '銘鈺', 'type': 'twse', 'date': '2025-09-30'}"
3289,4545,銘鈺,電子零組件業,twse,2025-09-30,"{'industry_category': '電子零組件業', 'stock_id': '4545', 'stock_name': '銘鈺', 'type': 'twse', 'date': '2025-09-30'}"
3290,4546,長亨,電機機械,emerging,2025-09-30,"{'industry_category': '電機機械', 'stock_id': '4546', 'stock_name': '長亨', 'type': 'emerging', 'date': '2025-09-30'}"
3291,4549,桓達,電機機械,tpex,2025-09-30,"{'industry_category': '電機機械', 'stock_id': '4549', 'stock_name': '桓達', 'type': 'tpex', 'date': '2025-09-30'}"
3292,4550,長佳,電機機械,tpex,2025-09-30,"{'industry_category': '電機機械', 'stock_id': '4550', 'stock_name': '長佳', 'type': 'tpex', 'date': '2025-09-30'}"
3293,4551,智伸科,汽車工業,twse,2025-09-30,"{'industry_category': '汽車工業', 'stock_id': '4551', 'stock_name': '智伸科', 'type': 'twse', 'date': '2025-09-30'}"
3294,4552,力達-KY,電機機械,twse,2025-09-30,"{'industry_category': '電機機械', 'stock_id': '4552', 'stock_name': '力達-KY', 'type': 'twse', 'date': '2025-09-30'}"
3295,4553,盛復,電機機械,emerging,2025-09-30,"{'industry_category': '電機機械', 'stock_id': '4553', 'stock_name': '盛復', 'type': 'emerging', 'date': '2025-09-30'}"
3296,4554,橙的,其他電子類,tpex,2025-09-30,"{'industry_category': '其他電子類', 'stock_id': '4554', 'stock_name': '橙的', 'type': 'tpex', 'date': '2025-09-30'}"
3297,4555,氣立,電機機械,twse,2025-09-30,"{'industry_category': '電機機械', 'stock_id': '4555', 'stock_name': '氣立', 'type': 'twse', 'date': '2025-09-30'}"
3298,4556,旭然,其他,tpex,2025-09-30,"{'industry_category': '其他', 'stock_id': '4556', 'stock_name': '旭然', 'type': 'tpex', 'date': '2025-09-30'}"
3299,4557,永新-KY,汽車工業,twse,2025-09-30,"{'industry_category': '汽車工業', 'stock_id': '4557', 'stock_name': '永新-KY', 'type': 'twse', 'date': '2025-09-30'}"
3300,4558,寶緯,電機機械,tpex,2025-09-30,"{'industry_category': '電機機械', 'stock_id': '4558', 'stock_name': '寶緯', 'type': 'tpex', 'date': '2025-09-30'}"
3301,4559,久裕興,運動休閒,emerging,2025-09-30,"{'industry_category': '運動休閒', 'stock_id': '4559', 'stock_name': '久裕興', 'type': 'emerging', 'date': '2025-09-30'}"
3302,4560,強信-KY,電機機械,twse,2025-09-30,"{'industry_category': '電機機械', 'stock_id': '4560', 'stock_name': '強信-KY', 'type': 'twse', 'date': '2025-09-30'}"
3303,4561,健椿,電機機械,tpex,2025-09-30,"{'industry_category': '電機機械', 'stock_id': '4561', 'stock_name': '健椿', 'type': 'tpex', 'date': '2025-09-30'}"
3304,4562,穎漢,電機機械,twse,2025-09-30,"{'industry_category': '電機機械', 'stock_id': '4562', 'stock_name': '穎漢', 'type': 'twse', 'date': '2025-09-30'}"
3305,4563,百德,電機機械,tpex,2025-09-30,"{'industry_category': '電機機械', 'stock_id': '4563', 'stock_name': '百德', 'type': 'tpex', 'date': '2025-09-30'}"
3306,4564,元翎,電機機械,twse,2025-09-30,"{'industry_category': '電機機械', 'stock_id': '4564', 'stock_name': '元翎', 'type': 'twse', 'date': '2025-09-30'}"
3307,4540,全球傳動,電機機械,twse,2025-09-30,"{'industry_category': '電機機械', 'stock_id': '4540', 'stock_name': '全球傳動', 'type': 'twse', 'date': '2025-09-30'}"
3308,4538,大詠城,電機機械,tpex,2025-09-30,"{'industry_category': '電機機械', 'stock_id': '4538', 'stock_name': '大詠城', 'type': 'tpex', 'date': '2025-09-30'}"
3309,4537,旭東,光電業,emerging,2025-09-30,"{'industry_category': '光電業', 'stock_id': '4537', 'stock_name': '旭東', 'type': 'emerging', 'date': '2025-09-30'}"
3310,4536,拓凱,運動休閒,twse,2025-09-30,"{'industry_category': '運動休閒', 'stock_id': '4536', 'stock_name': '拓凱', 'type': 'twse', 'date': '2025-09-30'}"
3311,4430,耀億,其他,tpex,2025-09-30,"{'industry_category': '其他', 'stock_id': '4430', 'stock_name': '耀億', 'type': 'tpex', 'date': '2025-09-30'}"
3312,4431,敏成健康,其他,emerging,2025-09-30,"{'industry_category': '其他', 'stock_id': '4431', 'stock_name': '敏成健康', 'type': 'emerging', 'date': '2025-09-30'}"
3313,4432,銘旺實,紡織纖維,tpex,2025-09-30,"{'industry_category': '紡織纖維', 'stock_id': '4432', 'stock_name': '銘旺實', 'type': 'tpex', 'date': '2025-09-30'}"
3314,4433,興采,紡織纖維,tpex,2025-09-30,"{'industry_category': '紡織纖維', 'stock_id': '4433', 'stock_name': '興采', 'type': 'tpex', 'date': '2025-09-30'}"
3315,4438,廣越,紡織纖維,twse,2025-09-30,"{'industry_category': '紡織纖維', 'stock_id': '4438', 'stock_name': '廣越', 'type': 'twse', 'date': '2025-09-30'}"
3316,4439,冠星-KY,紡織纖維,twse,2025-09-30,"{'industry_category': '紡織纖維', 'stock_id': '4439', 'stock_name': '冠星-KY', 'type': 'twse', 'date': '2025-09-30'}"
3317,4440,宜新實業,紡織纖維,twse,2025-09-30,"{'industry_category': '紡織纖維', 'stock_id': '4440', 'stock_name': '宜新實業', 'type': 'twse', 'date': '2025-09-30'}"
3318,4441,振大環球,紡織纖維,twse,2025-09-30,"{'industry_category': '紡織纖維', 'stock_id': '4441', 'stock_name': '振大環球', 'type': 'twse', 'date': '2025-09-30'}"
3319,4442,竣邦-KY,紡織纖維,tpex,2025-09-30,"{'industry_category': '紡織纖維', 'stock_id': '4442', 'stock_name': '竣邦-KY', 'type': 'tpex', 'date': '2025-09-30'}"
3320,4502,健信,電機機械,tpex,2025-09-30,"{'industry_category': '電機機械', 'stock_id': '4502', 'stock_name': '健信', 'type': 'tpex', 'date': '2025-09-30'}"
3321,4503,金雨,電機機械,tpex,2025-09-30,"{'industry_category': '電機機械', 'stock_id': '4503', 'stock_name': '金雨', 'type': 'tpex', 'date': '2025-09-30'}"
3322,4565,宏偉,電機機械,emerging,2025-09-30,"{'industry_category': '電機機械', 'stock_id': '4565', 'stock_name': '宏偉', 'type': 'emerging', 'date': '2025-09-30'}"
3323,4506,崇友,電機機械,tpex,2025-09-30,"{'industry_category': '電機機械', 'stock_id': '4506', 'stock_name': '崇友', 'type': 'tpex', 'date': '2025-09-30'}"
3324,4513,福裕,電機機械,tpex,2025-09-30,"{'industry_category': '電機機械', 'stock_id': '4513', 'stock_name': '福裕', 'type': 'tpex', 'date': '2025-09-30'}"
3325,4523,永彰,電機機械,tpex,2025-09-30,"{'industry_category': '電機機械', 'stock_id': '4523', 'stock_name': '永彰', 'type': 'tpex', 'date': '2025-09-30'}"
3326,4526,東台,電機機械,twse,2025-09-30,"{'industry_category': '電機機械', 'stock_id': '4526', 'stock_name': '東台', 'type': 'twse', 'date': '2025-09-30'}"
3327,4527,方土霖,電機機械,tpex,2025-09-30,"{'industry_category': '電機機械', 'stock_id': '4527', 'stock_name': '方土霖', 'type': 'tpex', 'date': '2025-09-30'}"
3328,4528,江興鍛,電機機械,tpex,2025-09-30,"{'industry_category': '電機機械', 'stock_id': '4528', 'stock_name': '江興鍛', 'type': 'tpex', 'date': '2025-09-30'}"
3329,4529,淳紳,其他,tpex,2025-09-30,"{'industry_category': '其他', 'stock_id': '4529', 'stock_name': '淳紳', 'type': 'tpex', 'date': '2025-09-30'}"
3330,4530,宏易,觀光餐旅,tpex,2025-09-30,"{'industry_category': '觀光餐旅', 'stock_id': '4530', 'stock_name': '宏易', 'type': 'tpex', 'date': '2025-09-30'}"
3331,4532,瑞智,電機機械,twse,2025-09-30,"{'industry_category': '電機機械', 'stock_id': '4532', 'stock_name': '瑞智', 'type': 'twse', 'date': '2025-09-30'}"
3332,4533,協易機,電機機械,tpex,2025-09-30,"{'industry_category': '電機機械', 'stock_id': '4533', 'stock_name': '協易機', 'type': 'tpex', 'date': '2025-09-30'}"
3333,4534,慶騰,電機機械,tpex,2025-09-30,"{'industry_category': '電機機械', 'stock_id': '4534', 'stock_name': '慶騰', 'type': 'tpex', 'date': '2025-09-30'}"
3334,4535,至興,電機機械,tpex,2025-09-30,"{'industry_category': '電機機械', 'stock_id': '4535', 'stock_name': '至興', 'type': 'tpex', 'date': '2025-09-30'}"
3335,4510,高鋒,電機機械,tpex,2025-09-30,"{'industry_category': '電機機械', 'stock_id': '4510', 'stock_name': '高鋒', 'type': 'tpex', 'date': '2025-09-30'}"
3336,4426,利勤,紡織纖維,twse,2025-09-30,"{'industry_category': '紡織纖維', 'stock_id': '4426', 'stock_name': '利勤', 'type': 'twse', 'date': '2025-09-30'}"
3337,4566,時碩工業,電機機械,twse,2025-09-30,"{'industry_category': '電機機械', 'stock_id': '4566', 'stock_name': '時碩工業', 'type': 'twse', 'date': '2025-09-30'}"
3338,4569,六方科-KY,汽車工業,twse,2025-09-30,"{'industry_category': '汽車工業', 'stock_id': '4569', 'stock_name': '六方科-KY', 'type': 'twse', 'date': '2025-09-30'}"
3339,4721,美琪瑪,化學工業,tpex,2025-09-30,"{'industry_category': '化學工業', 'stock_id': '4721', 'stock_name': '美琪瑪', 'type': 'tpex', 'date': '2025-09-30'}"
3340,4722,國精化,化學工業,twse,2025-09-30,"{'industry_category': '化學工業', 'stock_id': '4722', 'stock_name': '國精化', 'type': 'twse', 'date': '2025-09-30'}"
3341,4722,國精化,化學生技醫療,twse,2025-09-30,"{'industry_category': '化學生技醫療', 'stock_id': '4722', 'stock_name': '國精化', 'type': 'twse', 'date': '2025-09-30'}"
3342,4724,宣捷幹細胞,生技醫療業,emerging,2025-09-30,"{'industry_category': '生技醫療業', 'stock_id': '4724', 'stock_name': '宣捷幹細胞', 'type': 'emerging', 'date': '2025-09-30'}"
3343,4726,永昕,生技醫療業,tpex,2025-09-30,"{'industry_category': '生技醫療業', 'stock_id': '4726', 'stock_name': '永昕', 'type': 'tpex', 'date': '2025-09-30'}"
3344,4728,雙美,生技醫療業,tpex,2025-09-30,"{'industry_category': '生技醫療業', 'stock_id': '4728', 'stock_name': '雙美', 'type': 'tpex', 'date': '2025-09-30'}"
3345,4729,熒茂,光電業,tpex,2025-09-30,"{'industry_category': '光電業', 'stock_id': '4729', 'stock_name': '熒茂', 'type': 'tpex', 'date': '2025-09-30'}"
3346,4732,彥臣,生技醫療業,emerging,2025-09-30,"{'industry_category': '生技醫療業', 'stock_id': '4732', 'stock_name': '彥臣', 'type': 'emerging', 'date': '2025-09-30'}"
3347,4735,豪展,生技醫療業,tpex,2025-09-30,"{'industry_category': '生技醫療業', 'stock_id': '4735', 'stock_name': '豪展', 'type': 'tpex', 'date': '2025-09-30'}"
3348,4736,泰博,化學生技醫療,twse,2025-09-30,"{'industry_category': '化學生技醫療', 'stock_id': '4736', 'stock_name': '泰博', 'type': 'twse', 'date': '2025-09-30'}"
3349,4736,泰博,生技醫療業,twse,2025-09-30,"{'industry_category': '生技醫療業', 'stock_id': '4736', 'stock_name': '泰博', 'type': 'twse', 'date': '2025-09-30'}"
3350,4737,華廣,化學生技醫療,twse,2025-09-30,"{'industry_category': '化學生技醫療', 'stock_id': '4737', 'stock_name': '華廣', 'type': 'twse', 'date': '2025-09-30'}"
3351,4737,華廣,生技醫療業,twse,2025-09-30,"{'industry_category': '生技醫療業', 'stock_id': '4737', 'stock_name': '華廣', 'type': 'twse', 'date': '2025-09-30'}"
3352,4738,大同精化,化學工業,emerging,2025-09-30,"{'industry_category': '化學工業', 'stock_id': '4738', 'stock_name': '大同精化', 'type': 'emerging', 'date': '2025-09-30'}"
3353,4739,康普,化學工業,twse,2025-09-30,"{'industry_category': '化學工業', 'stock_id': '4739', 'stock_name': '康普', 'type': 'twse', 'date': '2025-09-30'}"
3354,4739,康普,化學生技醫療,twse,2025-09-30,"{'industry_category': '化學生技醫療', 'stock_id': '4739', 'stock_name': '康普', 'type': 'twse', 'date': '2025-09-30'}"
3355,4741,泓瀚,化學工業,tpex,2025-09-30,"{'industry_category': '化學工業', 'stock_id': '4741', 'stock_name': '泓瀚', 'type': 'tpex', 'date': '2025-09-30'}"
3356,4743,合一,生技醫療業,tpex,2025-09-30,"{'industry_category': '生技醫療業', 'stock_id': '4743', 'stock_name': '合一', 'type': 'tpex', 'date': '2025-09-30'}"
3357,4744,皇將,生技醫療業,tpex,2025-09-30,"{'industry_category': '生技醫療業', 'stock_id': '4744', 'stock_name': '皇將', 'type': 'tpex', 'date': '2025-09-30'}"
3358,4745,合富-KY,生技醫療業,tpex,2025-09-30,"{'industry_category': '生技醫療業', 'stock_id': '4745', 'stock_name': '合富-KY', 'type': 'tpex', 'date': '2025-09-30'}"
3359,4746,台耀,化學生技醫療,twse,2025-09-30,"{'industry_category': '化學生技醫療', 'stock_id': '4746', 'stock_name': '台耀', 'type': 'twse', 'date': '2025-09-30'}"
3360,4746,台耀,生技醫療業,twse,2025-09-30,"{'industry_category': '生技醫療業', 'stock_id': '4746', 'stock_name': '台耀', 'type': 'twse', 'date': '2025-09-30'}"
3361,4747,強生,生技醫療業,tpex,2025-09-30,"{'industry_category': '生技醫療業', 'stock_id': '4747', 'stock_name': '強生', 'type': 'tpex', 'date': '2025-09-30'}"
3362,4720,德淵,化學生技醫療,twse,2025-09-30,"{'industry_category': '化學生技醫療', 'stock_id': '4720', 'stock_name': '德淵', 'type': 'twse', 'date': '2025-09-30'}"
3363,4720,德淵,化學工業,twse,2025-09-30,"{'industry_category': '化學工業', 'stock_id': '4720', 'stock_name': '德淵', 'type': 'twse', 'date': '2025-09-30'}"
3364,4716,大立,化學工業,tpex,2025-09-30,"{'industry_category': '化學工業', 'stock_id': '4716', 'stock_name': '大立', 'type': 'tpex', 'date': '2025-09-30'}"
3365,4714,永捷,化學工業,tpex,2025-09-30,"{'industry_category': '化學工業', 'stock_id': '4714', 'stock_name': '永捷', 'type': 'tpex', 'date': '2025-09-30'}"
3366,4570,傑生,電機機械,emerging,2025-09-30,"{'industry_category': '電機機械', 'stock_id': '4570', 'stock_name': '傑生', 'type': 'emerging', 'date': '2025-09-30'}"
3367,4571,鈞興-KY,電機機械,twse,2025-09-30,"{'industry_category': '電機機械', 'stock_id': '4571', 'stock_name': '鈞興-KY', 'type': 'twse', 'date': '2025-09-30'}"
3368,4572,駐龍,電機機械,twse,2025-09-30,"{'industry_category': '電機機械', 'stock_id': '4572', 'stock_name': '駐龍', 'type': 'twse', 'date': '2025-09-30'}"
3369,4573,高明鐵,電機機械,emerging,2025-09-30,"{'industry_category': '電機機械', 'stock_id': '4573', 'stock_name': '高明鐵', 'type': 'emerging', 'date': '2025-09-30'}"
3370,4575,銓寶,電機機械,emerging,2025-09-30,"{'industry_category': '電機機械', 'stock_id': '4575', 'stock_name': '銓寶', 'type': 'emerging', 'date': '2025-09-30'}"
3371,4576,大銀微系統,電機機械,twse,2025-09-30,"{'industry_category': '電機機械', 'stock_id': '4576', 'stock_name': '大銀微系統', 'type': 'twse', 'date': '2025-09-30'}"
3372,4577,達航科技,其他電子類,tpex,2025-09-30,"{'industry_category': '其他電子類', 'stock_id': '4577', 'stock_name': '達航科技', 'type': 'tpex', 'date': '2025-09-30'}"
3373,4580,捷流閥業,電機機械,tpex,2025-09-30,"{'industry_category': '電機機械', 'stock_id': '4580', 'stock_name': '捷流閥業', 'type': 'tpex', 'date': '2025-09-30'}"
3374,4581,光隆精密-KY,汽車工業,twse,2025-09-30,"{'industry_category': '汽車工業', 'stock_id': '4581', 'stock_name': '光隆精密-KY', 'type': 'twse', 'date': '2025-09-30'}"
3375,4582,聚恆,綠能環保,emerging,2025-09-30,"{'industry_category': '綠能環保', 'stock_id': '4582', 'stock_name': '聚恆', 'type': 'emerging', 'date': '2025-09-30'}"
3376,4583,台灣精銳,電機機械,twse,2025-09-30,"{'industry_category': '電機機械', 'stock_id': '4583', 'stock_name': '台灣精銳', 'type': 'twse', 'date': '2025-09-30'}"
3377,4568,科際精密,電機機械,tpex,2025-09-30,"{'industry_category': '電機機械', 'stock_id': '4568', 'stock_name': '科際精密', 'type': 'tpex', 'date': '2025-09-30'}"
3378,4584,君帆,電機機械,tpex,2025-09-30,"{'industry_category': '電機機械', 'stock_id': '4584', 'stock_name': '君帆', 'type': 'tpex', 'date': '2025-09-30'}"
3379,4585,達明,電子工業,twse,2025-09-30,"{'industry_category': '電子工業', 'stock_id': '4585', 'stock_name': '達明', 'type': 'twse', 'date': '2025-09-30'}"
3380,4587,寶元數控,電機機械,emerging,2025-09-30,"{'industry_category': '電機機械', 'stock_id': '4587', 'stock_name': '寶元數控', 'type': 'emerging', 'date': '2025-09-30'}"
3381,4588,玖鼎電力,其他電子業,twse,2025-09-30,"{'industry_category': '其他電子業', 'stock_id': '4588', 'stock_name': '玖鼎電力', 'type': 'twse', 'date': '2025-09-30'}"
3382,4588,玖鼎電力,電子工業,twse,2025-09-30,"{'industry_category': '電子工業', 'stock_id': '4588', 'stock_name': '玖鼎電力', 'type': 'twse', 'date': '2025-09-30'}"
3383,4589,碩陽電機,電機機械,emerging,2025-09-30,"{'industry_category': '電機機械', 'stock_id': '4589', 'stock_name': '碩陽電機', 'type': 'emerging', 'date': '2025-09-30'}"
3384,4590,富田,電機機械,emerging,2025-09-30,"{'industry_category': '電機機械', 'stock_id': '4590', 'stock_name': '富田', 'type': 'emerging', 'date': '2025-09-30'}"
3385,4609,唐鋒,居家生活類,tpex,2025-09-30,"{'industry_category': '居家生活類', 'stock_id': '4609', 'stock_name': '唐鋒', 'type': 'tpex', 'date': '2025-09-30'}"
3386,4702,中美實,居家生活類,tpex,2025-09-30,"{'industry_category': '居家生活類', 'stock_id': '4702', 'stock_name': '中美實', 'type': 'tpex', 'date': '2025-09-30'}"
3387,4706,大恭,化學工業,tpex,2025-09-30,"{'industry_category': '化學工業', 'stock_id': '4706', 'stock_name': '大恭', 'type': 'tpex', 'date': '2025-09-30'}"
3388,4707,磐亞,化學工業,tpex,2025-09-30,"{'industry_category': '化學工業', 'stock_id': '4707', 'stock_name': '磐亞', 'type': 'tpex', 'date': '2025-09-30'}"
3389,4711,永純,化學工業,tpex,2025-09-30,"{'industry_category': '化學工業', 'stock_id': '4711', 'stock_name': '永純', 'type': 'tpex', 'date': '2025-09-30'}"
3390,4585,達明,其他電子業,twse,2025-09-30,"{'industry_category': '其他電子業', 'stock_id': '4585', 'stock_name': '達明', 'type': 'twse', 'date': '2025-09-30'}"
3391,4420,光明,紡織纖維,tpex,2025-09-30,"{'industry_category': '紡織纖維', 'stock_id': '4420', 'stock_name': '光明', 'type': 'tpex', 'date': '2025-09-30'}"
3392,4419,皇家美食,觀光餐旅,tpex,2025-09-30,"{'industry_category': '觀光餐旅', 'stock_id': '4419', 'stock_name': '皇家美食', 'type': 'tpex', 'date': '2025-09-30'}"
3393,4417,金洲,紡織纖維,tpex,2025-09-30,"{'industry_category': '紡織纖維', 'stock_id': '4417', 'stock_name': '金洲', 'type': 'tpex', 'date': '2025-09-30'}"
3394,4106,雃博,生技醫療業,twse,2025-09-30,"{'industry_category': '生技醫療業', 'stock_id': '4106', 'stock_name': '雃博', 'type': 'twse', 'date': '2025-09-30'}"
3395,4107,邦特,生技醫療業,tpex,2025-09-30,"{'industry_category': '生技醫療業', 'stock_id': '4107', 'stock_name': '邦特', 'type': 'tpex', 'date': '2025-09-30'}"
3396,4108,懷特,化學生技醫療,twse,2025-09-30,"{'industry_category': '化學生技醫療', 'stock_id': '4108', 'stock_name': '懷特', 'type': 'twse', 'date': '2025-09-30'}"
3397,4108,懷特,生技醫療業,twse,2025-09-30,"{'industry_category': '生技醫療業', 'stock_id': '4108', 'stock_name': '懷特', 'type': 'twse', 'date': '2025-09-30'}"
3398,4109,加捷生醫,生技醫療業,tpex,2025-09-30,"{'industry_category': '生技醫療業', 'stock_id': '4109', 'stock_name': '加捷生醫', 'type': 'tpex', 'date': '2025-09-30'}"
3399,4111,濟生,生技醫療業,tpex,2025-09-30,"{'industry_category': '生技醫療業', 'stock_id': '4111', 'stock_name': '濟生', 'type': 'tpex', 'date': '2025-09-30'}"
3400,4113,聯上,建材營造,tpex,2025-09-30,"{'industry_category': '建材營造', 'stock_id': '4113', 'stock_name': '聯上', 'type': 'tpex', 'date': '2025-09-30'}"
3401,4114,健喬,生技醫療業,tpex,2025-09-30,"{'industry_category': '生技醫療業', 'stock_id': '4114', 'stock_name': '健喬', 'type': 'tpex', 'date': '2025-09-30'}"
3402,4115,善德生技,生技醫療業,emerging,2025-09-30,"{'industry_category': '生技醫療業', 'stock_id': '4115', 'stock_name': '善德生技', 'type': 'emerging', 'date': '2025-09-30'}"
3403,4116,明基醫,生技醫療業,tpex,2025-09-30,"{'industry_category': '生技醫療業', 'stock_id': '4116', 'stock_name': '明基醫', 'type': 'tpex', 'date': '2025-09-30'}"
3404,4117,普生,生技醫療業,emerging,2025-09-30,"{'industry_category': '生技醫療業', 'stock_id': '4117', 'stock_name': '普生', 'type': 'emerging', 'date': '2025-09-30'}"
3405,4119,旭富,化學生技醫療,twse,2025-09-30,"{'industry_category': '化學生技醫療', 'stock_id': '4119', 'stock_name': '旭富', 'type': 'twse', 'date': '2025-09-30'}"
3406,4119,旭富,生技醫療業,twse,2025-09-30,"{'industry_category': '生技醫療業', 'stock_id': '4119', 'stock_name': '旭富', 'type': 'twse', 'date': '2025-09-30'}"
3407,4120,友華,生技醫療業,tpex,2025-09-30,"{'industry_category': '生技醫療業', 'stock_id': '4120', 'stock_name': '友華', 'type': 'tpex', 'date': '2025-09-30'}"
3408,4121,優盛,生技醫療業,tpex,2025-09-30,"{'industry_category': '生技醫療業', 'stock_id': '4121', 'stock_name': '優盛', 'type': 'tpex', 'date': '2025-09-30'}"
3409,4123,晟德,生技醫療業,tpex,2025-09-30,"{'industry_category': '生技醫療業', 'stock_id': '4123', 'stock_name': '晟德', 'type': 'tpex', 'date': '2025-09-30'}"
3410,4126,太醫,生技醫療業,tpex,2025-09-30,"{'industry_category': '生技醫療業', 'stock_id': '4126', 'stock_name': '太醫', 'type': 'tpex', 'date': '2025-09-30'}"
3411,4127,天良,生技醫療業,tpex,2025-09-30,"{'industry_category': '生技醫療業', 'stock_id': '4127', 'stock_name': '天良', 'type': 'tpex', 'date': '2025-09-30'}"
3412,4128,中天,生技醫療業,tpex,2025-09-30,"{'industry_category': '生技醫療業', 'stock_id': '4128', 'stock_name': '中天', 'type': 'tpex', 'date': '2025-09-30'}"
3413,4129,聯合,生技醫療業,tpex,2025-09-30,"{'industry_category': '生技醫療業', 'stock_id': '4129', 'stock_name': '聯合', 'type': 'tpex', 'date': '2025-09-30'}"
3414,4130,健亞,生技醫療業,tpex,2025-09-30,"{'industry_category': '生技醫療業', 'stock_id': '4130', 'stock_name': '健亞', 'type': 'tpex', 'date': '2025-09-30'}"
3415,4131,浩泰,生技醫療業,tpex,2025-09-30,"{'industry_category': '生技醫療業', 'stock_id': '4131', 'stock_name': '浩泰', 'type': 'tpex', 'date': '2025-09-30'}"
3416,4132,國鼎,生技醫療業,emerging,2025-09-30,"{'industry_category': '生技醫療業', 'stock_id': '4132', 'stock_name': '國鼎', 'type': 'emerging', 'date': '2025-09-30'}"
3417,4106,雃博,化學生技醫療,twse,2025-09-30,"{'industry_category': '化學生技醫療', 'stock_id': '4106', 'stock_name': '雃博', 'type': 'twse', 'date': '2025-09-30'}"
3418,4105,東洋,生技醫療業,tpex,2025-09-30,"{'industry_category': '生技醫療業', 'stock_id': '4105', 'stock_name': '東洋', 'type': 'tpex', 'date': '2025-09-30'}"
3419,4104,佳醫,生技醫療業,twse,2025-09-30,"{'industry_category': '生技醫療業', 'stock_id': '4104', 'stock_name': '佳醫', 'type': 'twse', 'date': '2025-09-30'}"
3420,4104,佳醫,化學生技醫療,twse,2025-09-30,"{'industry_category': '化學生技醫療', 'stock_id': '4104', 'stock_name': '佳醫', 'type': 'twse', 'date': '2025-09-30'}"
3421,3702,大聯大,電子通路業,twse,2025-09-30,"{'industry_category': '電子通路業', 'stock_id': '3702', 'stock_name': '大聯大', 'type': 'twse', 'date': '2025-09-30'}"
3422,3703,欣陸,建材營造,twse,2025-09-30,"{'industry_category': '建材營造', 'stock_id': '3703', 'stock_name': '欣陸', 'type': 'twse', 'date': '2025-09-30'}"
3423,3704,合勤控,通信網路業,twse,2025-09-30,"{'industry_category': '通信網路業', 'stock_id': '3704', 'stock_name': '合勤控', 'type': 'twse', 'date': '2025-09-30'}"
3424,3704,合勤控,電子工業,twse,2025-09-30,"{'industry_category': '電子工業', 'stock_id': '3704', 'stock_name': '合勤控', 'type': 'twse', 'date': '2025-09-30'}"
3425,3705,永信,化學生技醫療,twse,2025-09-30,"{'industry_category': '化學生技醫療', 'stock_id': '3705', 'stock_name': '永信', 'type': 'twse', 'date': '2025-09-30'}"
3426,3705,永信,生技醫療業,twse,2025-09-30,"{'industry_category': '生技醫療業', 'stock_id': '3705', 'stock_name': '永信', 'type': 'twse', 'date': '2025-09-30'}"
3427,3706,神達,電子工業,twse,2025-09-30,"{'industry_category': '電子工業', 'stock_id': '3706', 'stock_name': '神達', 'type': 'twse', 'date': '2025-09-30'}"
3428,3706,神達,電腦及週邊設備業,twse,2025-09-30,"{'industry_category': '電腦及週邊設備業', 'stock_id': '3706', 'stock_name': '神達', 'type': 'twse', 'date': '2025-09-30'}"
3429,3707,漢磊,半導體業,tpex,2025-09-30,"{'industry_category': '半導體業', 'stock_id': '3707', 'stock_name': '漢磊', 'type': 'tpex', 'date': '2025-09-30'}"
3430,3708,上緯投控,綠能環保,twse,2025-09-30,"{'industry_category': '綠能環保', 'stock_id': '3708', 'stock_name': '上緯投控', 'type': 'twse', 'date': '2025-09-30'}"
3431,3709,鑫聯大投控,電腦及週邊設備業,tpex,2025-09-30,"{'industry_category': '電腦及週邊設備業', 'stock_id': '3709', 'stock_name': '鑫聯大投控', 'type': 'tpex', 'date': '2025-09-30'}"
3432,4133,亞諾法,化學生技醫療,twse,2025-09-30,"{'industry_category': '化學生技醫療', 'stock_id': '4133', 'stock_name': '亞諾法', 'type': 'twse', 'date': '2025-09-30'}"
3433,3710,連展投控,電子零組件業,tpex,2025-09-30,"{'industry_category': '電子零組件業', 'stock_id': '3710', 'stock_name': '連展投控', 'type': 'tpex', 'date': '2025-09-30'}"
3434,3711,日月光投控,電子工業,twse,2025-09-30,"{'industry_category': '電子工業', 'stock_id': '3711', 'stock_name': '日月光投控', 'type': 'twse', 'date': '2025-09-30'}"
3435,3712,永崴投控,電子工業,twse,2025-09-30,"{'industry_category': '電子工業', 'stock_id': '3712', 'stock_name': '永崴投控', 'type': 'twse', 'date': '2025-09-30'}"
3436,3713,新晶投控,綠能環保類,tpex,2025-09-30,"{'industry_category': '綠能環保類', 'stock_id': '3713', 'stock_name': '新晶投控', 'type': 'tpex', 'date': '2025-09-30'}"
3437,3714,富采,光電業,twse,2025-09-30,"{'industry_category': '光電業', 'stock_id': '3714', 'stock_name': '富采', 'type': 'twse', 'date': '2025-09-30'}"
3438,3714,富采,電子工業,twse,2025-09-30,"{'industry_category': '電子工業', 'stock_id': '3714', 'stock_name': '富采', 'type': 'twse', 'date': '2025-09-30'}"
3439,3715,定穎投控,電子工業,twse,2025-09-30,"{'industry_category': '電子工業', 'stock_id': '3715', 'stock_name': '定穎投控', 'type': 'twse', 'date': '2025-09-30'}"
3440,3715,定穎投控,電子零組件業,twse,2025-09-30,"{'industry_category': '電子零組件業', 'stock_id': '3715', 'stock_name': '定穎投控', 'type': 'twse', 'date': '2025-09-30'}"
3441,3716,中化控股,化學生技醫療,twse,2025-09-30,"{'industry_category': '化學生技醫療', 'stock_id': '3716', 'stock_name': '中化控股', 'type': 'twse', 'date': '2025-09-30'}"
3442,3716,中化控股,生技醫療業,twse,2025-09-30,"{'industry_category': '生技醫療業', 'stock_id': '3716', 'stock_name': '中化控股', 'type': 'twse', 'date': '2025-09-30'}"
3443,3717,聯嘉投控,汽車工業,twse,2025-09-30,"{'industry_category': '汽車工業', 'stock_id': '3717', 'stock_name': '聯嘉投控', 'type': 'twse', 'date': '2025-09-30'}"
3444,4102,永日,生技醫療業,tpex,2025-09-30,"{'industry_category': '生技醫療業', 'stock_id': '4102', 'stock_name': '永日', 'type': 'tpex', 'date': '2025-09-30'}"
3445,3711,日月光投控,半導體業,twse,2025-09-30,"{'industry_category': '半導體業', 'stock_id': '3711', 'stock_name': '日月光投控', 'type': 'twse', 'date': '2025-09-30'}"
3446,4133,亞諾法,生技醫療業,twse,2025-09-30,"{'industry_category': '生技醫療業', 'stock_id': '4133', 'stock_name': '亞諾法', 'type': 'twse', 'date': '2025-09-30'}"
3447,4137,麗豐-KY,化學生技醫療,twse,2025-09-30,"{'industry_category': '化學生技醫療', 'stock_id': '4137', 'stock_name': '麗豐-KY', 'type': 'twse', 'date': '2025-09-30'}"
3448,4137,麗豐-KY,生技醫療業,twse,2025-09-30,"{'industry_category': '生技醫療業', 'stock_id': '4137', 'stock_name': '麗豐-KY', 'type': 'twse', 'date': '2025-09-30'}"
3449,4175,杏一,生技醫療業,tpex,2025-09-30,"{'industry_category': '生技醫療業', 'stock_id': '4175', 'stock_name': '杏一', 'type': 'tpex', 'date': '2025-09-30'}"
3450,4178,永笙-KY,生技醫療業,emerging,2025-09-30,"{'industry_category': '生技醫療業', 'stock_id': '4178', 'stock_name': '永笙-KY', 'type': 'emerging', 'date': '2025-09-30'}"
3451,4183,福永生技,生技醫療業,tpex,2025-09-30,"{'industry_category': '生技醫療業', 'stock_id': '4183', 'stock_name': '福永生技', 'type': 'tpex', 'date': '2025-09-30'}"
3452,4186,尖端醫,生技醫療業,emerging,2025-09-30,"{'industry_category': '生技醫療業', 'stock_id': '4186', 'stock_name': '尖端醫', 'type': 'emerging', 'date': '2025-09-30'}"
3453,4188,安克,生技醫療業,tpex,2025-09-30,"{'industry_category': '生技醫療業', 'stock_id': '4188', 'stock_name': '安克', 'type': 'tpex', 'date': '2025-09-30'}"
3454,4190,佐登-KY,化學生技醫療,twse,2025-09-30,"{'industry_category': '化學生技醫療', 'stock_id': '4190', 'stock_name': '佐登-KY', 'type': 'twse', 'date': '2025-09-30'}"
3455,4190,佐登-KY,生技醫療業,twse,2025-09-30,"{'industry_category': '生技醫療業', 'stock_id': '4190', 'stock_name': '佐登-KY', 'type': 'twse', 'date': '2025-09-30'}"
3456,4192,杏國,生技醫療業,tpex,2025-09-30,"{'industry_category': '生技醫療業', 'stock_id': '4192', 'stock_name': '杏國', 'type': 'tpex', 'date': '2025-09-30'}"
3457,4194,禾生技,生技醫療業,emerging,2025-09-30,"{'industry_category': '生技醫療業', 'stock_id': '4194', 'stock_name': '禾生技', 'type': 'emerging', 'date': '2025-09-30'}"
3458,4195,基米,生技醫療業,emerging,2025-09-30,"{'industry_category': '生技醫療業', 'stock_id': '4195', 'stock_name': '基米', 'type': 'emerging', 'date': '2025-09-30'}"
3459,4197,暐世,生技醫療業,emerging,2025-09-30,"{'industry_category': '生技醫療業', 'stock_id': '4197', 'stock_name': '暐世', 'type': 'emerging', 'date': '2025-09-30'}"
3460,4174,浩鼎,生技醫療業,tpex,2025-09-30,"{'industry_category': '生技醫療業', 'stock_id': '4174', 'stock_name': '浩鼎', 'type': 'tpex', 'date': '2025-09-30'}"
3461,4198,欣大健康,生技醫療業,tpex,2025-09-30,"{'industry_category': '生技醫療業', 'stock_id': '4198', 'stock_name': '欣大健康', 'type': 'tpex', 'date': '2025-09-30'}"
3462,4207,環泰,食品工業,tpex,2025-09-30,"{'industry_category': '食品工業', 'stock_id': '4207', 'stock_name': '環泰', 'type': 'tpex', 'date': '2025-09-30'}"
3463,4303,信立,塑膠工業,tpex,2025-09-30,"{'industry_category': '塑膠工業', 'stock_id': '4303', 'stock_name': '信立', 'type': 'tpex', 'date': '2025-09-30'}"
3464,4304,勝昱,塑膠工業,tpex,2025-09-30,"{'industry_category': '塑膠工業', 'stock_id': '4304', 'stock_name': '勝昱', 'type': 'tpex', 'date': '2025-09-30'}"
3465,4305,世坤,塑膠工業,tpex,2025-09-30,"{'industry_category': '塑膠工業', 'stock_id': '4305', 'stock_name': '世坤', 'type': 'tpex', 'date': '2025-09-30'}"
3466,4306,炎洲,塑膠工業,twse,2025-09-30,"{'industry_category': '塑膠工業', 'stock_id': '4306', 'stock_name': '炎洲', 'type': 'twse', 'date': '2025-09-30'}"
3467,4401,東隆興,紡織纖維,tpex,2025-09-30,"{'industry_category': '紡織纖維', 'stock_id': '4401', 'stock_name': '東隆興', 'type': 'tpex', 'date': '2025-09-30'}"
3468,4402,郡都開發,紡織纖維,tpex,2025-09-30,"{'industry_category': '紡織纖維', 'stock_id': '4402', 'stock_name': '郡都開發', 'type': 'tpex', 'date': '2025-09-30'}"
3469,4406,新昕纖,紡織纖維,tpex,2025-09-30,"{'industry_category': '紡織纖維', 'stock_id': '4406', 'stock_name': '新昕纖', 'type': 'tpex', 'date': '2025-09-30'}"
3470,4413,飛寶企業,紡織纖維,tpex,2025-09-30,"{'industry_category': '紡織纖維', 'stock_id': '4413', 'stock_name': '飛寶企業', 'type': 'tpex', 'date': '2025-09-30'}"
3471,4414,如興,紡織纖維,twse,2025-09-30,"{'industry_category': '紡織纖維', 'stock_id': '4414', 'stock_name': '如興', 'type': 'twse', 'date': '2025-09-30'}"
3472,4416,三圓,建材營造,tpex,2025-09-30,"{'industry_category': '建材營造', 'stock_id': '4416', 'stock_name': '三圓', 'type': 'tpex', 'date': '2025-09-30'}"
3473,4205,中華食,食品工業,tpex,2025-09-30,"{'industry_category': '食品工業', 'stock_id': '4205', 'stock_name': '中華食', 'type': 'tpex', 'date': '2025-09-30'}"
3474,3305,昇貿,其他電子業,twse,2025-09-30,"{'industry_category': '其他電子業', 'stock_id': '3305', 'stock_name': '昇貿', 'type': 'twse', 'date': '2025-09-30'}"
3475,4173,久裕,生技醫療業,tpex,2025-09-30,"{'industry_category': '生技醫療業', 'stock_id': '4173', 'stock_name': '久裕', 'type': 'tpex', 'date': '2025-09-30'}"
3476,4171,瑞基,農業科技業,tpex,2025-09-30,"{'industry_category': '農業科技業', 'stock_id': '4171', 'stock_name': '瑞基', 'type': 'tpex', 'date': '2025-09-30'}"
3477,4138,曜亞,生技醫療業,tpex,2025-09-30,"{'industry_category': '生技醫療業', 'stock_id': '4138', 'stock_name': '曜亞', 'type': 'tpex', 'date': '2025-09-30'}"
3478,4139,馬光-KY,生技醫療業,tpex,2025-09-30,"{'industry_category': '生技醫療業', 'stock_id': '4139', 'stock_name': '馬光-KY', 'type': 'tpex', 'date': '2025-09-30'}"
3479,4142,國光生,化學生技醫療,twse,2025-09-30,"{'industry_category': '化學生技醫療', 'stock_id': '4142', 'stock_name': '國光生', 'type': 'twse', 'date': '2025-09-30'}"
3480,4142,國光生,生技醫療業,twse,2025-09-30,"{'industry_category': '生技醫療業', 'stock_id': '4142', 'stock_name': '國光生', 'type': 'twse', 'date': '2025-09-30'}"
3481,4147,中裕,生技醫療業,tpex,2025-09-30,"{'industry_category': '生技醫療業', 'stock_id': '4147', 'stock_name': '中裕', 'type': 'tpex', 'date': '2025-09-30'}"
3482,4148,全宇生技-KY,化學生技醫療,twse,2025-09-30,"{'industry_category': '化學生技醫療', 'stock_id': '4148', 'stock_name': '全宇生技-KY', 'type': 'twse', 'date': '2025-09-30'}"
3483,4148,全宇生技-KY,生技醫療業,twse,2025-09-30,"{'industry_category': '生技醫療業', 'stock_id': '4148', 'stock_name': '全宇生技-KY', 'type': 'twse', 'date': '2025-09-30'}"
3484,4150,優你康,生技醫療業,emerging,2025-09-30,"{'industry_category': '生技醫療業', 'stock_id': '4150', 'stock_name': '優你康', 'type': 'emerging', 'date': '2025-09-30'}"
3485,4153,鈺緯,生技醫療業,tpex,2025-09-30,"{'industry_category': '生技醫療業', 'stock_id': '4153', 'stock_name': '鈺緯', 'type': 'tpex', 'date': '2025-09-30'}"
3486,4154,樂威科-KY,其他,tpex,2025-09-30,"{'industry_category': '其他', 'stock_id': '4154', 'stock_name': '樂威科-KY', 'type': 'tpex', 'date': '2025-09-30'}"
3487,4155,訊映,化學生技醫療,twse,2025-09-30,"{'industry_category': '化學生技醫療', 'stock_id': '4155', 'stock_name': '訊映', 'type': 'twse', 'date': '2025-09-30'}"
3488,4172,因華,生技醫療業,emerging,2025-09-30,"{'industry_category': '生技醫療業', 'stock_id': '4172', 'stock_name': '因華', 'type': 'emerging', 'date': '2025-09-30'}"
3489,4155,訊映,生技醫療業,twse,2025-09-30,"{'industry_category': '生技醫療業', 'stock_id': '4155', 'stock_name': '訊映', 'type': 'twse', 'date': '2025-09-30'}"
3490,4160,訊聯基因,生技醫療業,tpex,2025-09-30,"{'industry_category': '生技醫療業', 'stock_id': '4160', 'stock_name': '訊聯基因', 'type': 'tpex', 'date': '2025-09-30'}"
3491,4161,聿新科,生技醫療業,tpex,2025-09-30,"{'industry_category': '生技醫療業', 'stock_id': '4161', 'stock_name': '聿新科', 'type': 'tpex', 'date': '2025-09-30'}"
3492,4162,智擎,生技醫療業,tpex,2025-09-30,"{'industry_category': '生技醫療業', 'stock_id': '4162', 'stock_name': '智擎', 'type': 'tpex', 'date': '2025-09-30'}"
3493,4163,鐿鈦,生技醫療業,tpex,2025-09-30,"{'industry_category': '生技醫療業', 'stock_id': '4163', 'stock_name': '鐿鈦', 'type': 'tpex', 'date': '2025-09-30'}"
3494,4164,承業醫,化學生技醫療,twse,2025-09-30,"{'industry_category': '化學生技醫療', 'stock_id': '4164', 'stock_name': '承業醫', 'type': 'twse', 'date': '2025-09-30'}"
3495,4164,承業醫,生技醫療業,twse,2025-09-30,"{'industry_category': '生技醫療業', 'stock_id': '4164', 'stock_name': '承業醫', 'type': 'twse', 'date': '2025-09-30'}"
3496,4166,友霖,生技醫療業,tpex,2025-09-30,"{'industry_category': '生技醫療業', 'stock_id': '4166', 'stock_name': '友霖', 'type': 'tpex', 'date': '2025-09-30'}"
3497,4167,松瑞藥,生技醫療業,tpex,2025-09-30,"{'industry_category': '生技醫療業', 'stock_id': '4167', 'stock_name': '松瑞藥', 'type': 'tpex', 'date': '2025-09-30'}"
3498,4168,醣聯,生技醫療業,tpex,2025-09-30,"{'industry_category': '生技醫療業', 'stock_id': '4168', 'stock_name': '醣聯', 'type': 'tpex', 'date': '2025-09-30'}"
3499,4169,泰宗,生技醫療業,emerging,2025-09-30,"{'industry_category': '生技醫療業', 'stock_id': '4169', 'stock_name': '泰宗', 'type': 'emerging', 'date': '2025-09-30'}"
3500,4170,鑫品生醫,生技醫療業,emerging,2025-09-30,"{'industry_category': '生技醫療業', 'stock_id': '4170', 'stock_name': '鑫品生醫', 'type': 'emerging', 'date': '2025-09-30'}"
3501,4157,太景*-KY,生技醫療業,tpex,2025-09-30,"{'industry_category': '生技醫療業', 'stock_id': '4157', 'stock_name': '太景*-KY', 'type': 'tpex', 'date': '2025-09-30'}"
3502,3303,岱稜,其他電子類,tpex,2025-09-30,"{'industry_category': '其他電子類', 'stock_id': '3303', 'stock_name': '岱稜', 'type': 'tpex', 'date': '2025-09-30'}"
3503,3322,建舜電,電子零組件業,tpex,2025-09-30,"{'industry_category': '電子零組件業', 'stock_id': '3322', 'stock_name': '建舜電', 'type': 'tpex', 'date': '2025-09-30'}"
3504,3296,勝德,電子零組件業,twse,2025-09-30,"{'industry_category': '電子零組件業', 'stock_id': '3296', 'stock_name': '勝德', 'type': 'twse', 'date': '2025-09-30'}"
3505,2726,雅茗-KY,觀光餐旅,tpex,2025-09-30,"{'industry_category': '觀光餐旅', 'stock_id': '2726', 'stock_name': '雅茗-KY', 'type': 'tpex', 'date': '2025-09-30'}"
3506,2727,王品,觀光餐旅,twse,2025-09-30,"{'industry_category': '觀光餐旅', 'stock_id': '2727', 'stock_name': '王品', 'type': 'twse', 'date': '2025-09-30'}"
3507,2729,瓦城,觀光餐旅,tpex,2025-09-30,"{'industry_category': '觀光餐旅', 'stock_id': '2729', 'stock_name': '瓦城', 'type': 'tpex', 'date': '2025-09-30'}"
3508,2731,雄獅,觀光餐旅,twse,2025-09-30,"{'industry_category': '觀光餐旅', 'stock_id': '2731', 'stock_name': '雄獅', 'type': 'twse', 'date': '2025-09-30'}"
3509,2732,六角,觀光餐旅,tpex,2025-09-30,"{'industry_category': '觀光餐旅', 'stock_id': '2732', 'stock_name': '六角', 'type': 'tpex', 'date': '2025-09-30'}"
3510,2733,維格餅家,觀光餐旅,emerging,2025-09-30,"{'industry_category': '觀光餐旅', 'stock_id': '2733', 'stock_name': '維格餅家', 'type': 'emerging', 'date': '2025-09-30'}"
3511,2734,易飛網,觀光餐旅,tpex,2025-09-30,"{'industry_category': '觀光餐旅', 'stock_id': '2734', 'stock_name': '易飛網', 'type': 'tpex', 'date': '2025-09-30'}"
3512,2736,富野,觀光餐旅,tpex,2025-09-30,"{'industry_category': '觀光餐旅', 'stock_id': '2736', 'stock_name': '富野', 'type': 'tpex', 'date': '2025-09-30'}"
3513,2739,寒舍,觀光餐旅,twse,2025-09-30,"{'industry_category': '觀光餐旅', 'stock_id': '2739', 'stock_name': '寒舍', 'type': 'twse', 'date': '2025-09-30'}"
3514,2740,天蔥,觀光餐旅,tpex,2025-09-30,"{'industry_category': '觀光餐旅', 'stock_id': '2740', 'stock_name': '天蔥', 'type': 'tpex', 'date': '2025-09-30'}"
3515,2741,老四川,觀光餐旅,emerging,2025-09-30,"{'industry_category': '觀光餐旅', 'stock_id': '2741', 'stock_name': '老四川', 'type': 'emerging', 'date': '2025-09-30'}"
3516,2743,山富,觀光餐旅,tpex,2025-09-30,"{'industry_category': '觀光餐旅', 'stock_id': '2743', 'stock_name': '山富', 'type': 'tpex', 'date': '2025-09-30'}"
3517,2745,五福,觀光餐旅,tpex,2025-09-30,"{'industry_category': '觀光餐旅', 'stock_id': '2745', 'stock_name': '五福', 'type': 'tpex', 'date': '2025-09-30'}"
3518,2748,雲品,觀光餐旅,twse,2025-09-30,"{'industry_category': '觀光餐旅', 'stock_id': '2748', 'stock_name': '雲品', 'type': 'twse', 'date': '2025-09-30'}"
3519,2751,王座,觀光餐旅,tpex,2025-09-30,"{'industry_category': '觀光餐旅', 'stock_id': '2751', 'stock_name': '王座', 'type': 'tpex', 'date': '2025-09-30'}"
3520,2752,豆府,觀光餐旅,tpex,2025-09-30,"{'industry_category': '觀光餐旅', 'stock_id': '2752', 'stock_name': '豆府', 'type': 'tpex', 'date': '2025-09-30'}"
3521,2753,八方雲集,觀光餐旅,twse,2025-09-30,"{'industry_category': '觀光餐旅', 'stock_id': '2753', 'stock_name': '八方雲集', 'type': 'twse', 'date': '2025-09-30'}"
3522,2754,亞洲藏壽司,觀光餐旅,tpex,2025-09-30,"{'industry_category': '觀光餐旅', 'stock_id': '2754', 'stock_name': '亞洲藏壽司', 'type': 'tpex', 'date': '2025-09-30'}"
3523,2755,揚秦,觀光餐旅,tpex,2025-09-30,"{'industry_category': '觀光餐旅', 'stock_id': '2755', 'stock_name': '揚秦', 'type': 'tpex', 'date': '2025-09-30'}"
3524,2756,聯發國際,觀光餐旅,tpex,2025-09-30,"{'industry_category': '觀光餐旅', 'stock_id': '2756', 'stock_name': '聯發國際', 'type': 'tpex', 'date': '2025-09-30'}"
3525,2758,路易莎咖啡,觀光餐旅,emerging,2025-09-30,"{'industry_category': '觀光餐旅', 'stock_id': '2758', 'stock_name': '路易莎咖啡', 'type': 'emerging', 'date': '2025-09-30'}"
3526,2760,巨宇翔,觀光餐旅,emerging,2025-09-30,"{'industry_category': '觀光餐旅', 'stock_id': '2760', 'stock_name': '巨宇翔', 'type': 'emerging', 'date': '2025-09-30'}"
3527,2761,橘焱胡同,觀光餐旅,emerging,2025-09-30,"{'industry_category': '觀光餐旅', 'stock_id': '2761', 'stock_name': '橘焱胡同', 'type': 'emerging', 'date': '2025-09-30'}"
3528,2724,藝舍-KY,其他,tpex,2025-09-30,"{'industry_category': '其他', 'stock_id': '2724', 'stock_name': '藝舍-KY', 'type': 'tpex', 'date': '2025-09-30'}"
3529,2723,美食-KY,觀光餐旅,twse,2025-09-30,"{'industry_category': '觀光餐旅', 'stock_id': '2723', 'stock_name': '美食-KY', 'type': 'twse', 'date': '2025-09-30'}"
3530,2722,夏都,觀光餐旅,twse,2025-09-30,"{'industry_category': '觀光餐旅', 'stock_id': '2722', 'stock_name': '夏都', 'type': 'twse', 'date': '2025-09-30'}"
3531,2719,燦星旅,觀光餐旅,tpex,2025-09-30,"{'industry_category': '觀光餐旅', 'stock_id': '2719', 'stock_name': '燦星旅', 'type': 'tpex', 'date': '2025-09-30'}"
3532,2615,萬海,航運業,twse,2025-09-30,"{'industry_category': '航運業', 'stock_id': '2615', 'stock_name': '萬海', 'type': 'twse', 'date': '2025-09-30'}"
3533,2616,山隆,油電燃氣業,twse,2025-09-30,"{'industry_category': '油電燃氣業', 'stock_id': '2616', 'stock_name': '山隆', 'type': 'twse', 'date': '2025-09-30'}"
3534,2617,台航,航運業,twse,2025-09-30,"{'industry_category': '航運業', 'stock_id': '2617', 'stock_name': '台航', 'type': 'twse', 'date': '2025-09-30'}"
3535,2618,長榮航,航運業,twse,2025-09-30,"{'industry_category': '航運業', 'stock_id': '2618', 'stock_name': '長榮航', 'type': 'twse', 'date': '2025-09-30'}"
3536,2630,亞航,航運業,twse,2025-09-30,"{'industry_category': '航運業', 'stock_id': '2630', 'stock_name': '亞航', 'type': 'twse', 'date': '2025-09-30'}"
3537,2633,台灣高鐵,航運業,twse,2025-09-30,"{'industry_category': '航運業', 'stock_id': '2633', 'stock_name': '台灣高鐵', 'type': 'twse', 'date': '2025-09-30'}"
3538,2634,漢翔,航運業,twse,2025-09-30,"{'industry_category': '航運業', 'stock_id': '2634', 'stock_name': '漢翔', 'type': 'twse', 'date': '2025-09-30'}"
3539,2636,台驊控股,航運業,twse,2025-09-30,"{'industry_category': '航運業', 'stock_id': '2636', 'stock_name': '台驊控股', 'type': 'twse', 'date': '2025-09-30'}"
3540,2637,慧洋-KY,航運業,twse,2025-09-30,"{'industry_category': '航運業', 'stock_id': '2637', 'stock_name': '慧洋-KY', 'type': 'twse', 'date': '2025-09-30'}"
3541,2640,大車隊,數位雲端類,tpex,2025-09-30,"{'industry_category': '數位雲端類', 'stock_id': '2640', 'stock_name': '大車隊', 'type': 'tpex', 'date': '2025-09-30'}"
3542,2641,正德,航運業,tpex,2025-09-30,"{'industry_category': '航運業', 'stock_id': '2641', 'stock_name': '正德', 'type': 'tpex', 'date': '2025-09-30'}"
3543,2762,世界健身-KY,運動休閒,twse,2025-09-30,"{'industry_category': '運動休閒', 'stock_id': '2762', 'stock_name': '世界健身-KY', 'type': 'twse', 'date': '2025-09-30'}"
3544,2642,宅配通,航運業,twse,2025-09-30,"{'industry_category': '航運業', 'stock_id': '2642', 'stock_name': '宅配通', 'type': 'twse', 'date': '2025-09-30'}"
3545,2644,中信造船,航運業,emerging,2025-09-30,"{'industry_category': '航運業', 'stock_id': '2644', 'stock_name': '中信造船', 'type': 'emerging', 'date': '2025-09-30'}"
3546,2645,長榮航太,航運業,twse,2025-09-30,"{'industry_category': '航運業', 'stock_id': '2645', 'stock_name': '長榮航太', 'type': 'twse', 'date': '2025-09-30'}"
3547,2646,星宇航空,航運業,twse,2025-09-30,"{'industry_category': '航運業', 'stock_id': '2646', 'stock_name': '星宇航空', 'type': 'twse', 'date': '2025-09-30'}"
3548,2701,萬企,觀光餐旅,twse,2025-09-30,"{'industry_category': '觀光餐旅', 'stock_id': '2701', 'stock_name': '萬企', 'type': 'twse', 'date': '2025-09-30'}"
3549,2702,華園,觀光餐旅,twse,2025-09-30,"{'industry_category': '觀光餐旅', 'stock_id': '2702', 'stock_name': '華園', 'type': 'twse', 'date': '2025-09-30'}"
3550,2704,國賓,觀光餐旅,twse,2025-09-30,"{'industry_category': '觀光餐旅', 'stock_id': '2704', 'stock_name': '國賓', 'type': 'twse', 'date': '2025-09-30'}"
3551,2705,六福,觀光餐旅,twse,2025-09-30,"{'industry_category': '觀光餐旅', 'stock_id': '2705', 'stock_name': '六福', 'type': 'twse', 'date': '2025-09-30'}"
3552,2706,第一店,觀光餐旅,twse,2025-09-30,"{'industry_category': '觀光餐旅', 'stock_id': '2706', 'stock_name': '第一店', 'type': 'twse', 'date': '2025-09-30'}"
3553,2707,晶華,觀光餐旅,twse,2025-09-30,"{'industry_category': '觀光餐旅', 'stock_id': '2707', 'stock_name': '晶華', 'type': 'twse', 'date': '2025-09-30'}"
3554,2712,遠雄來,觀光餐旅,twse,2025-09-30,"{'industry_category': '觀光餐旅', 'stock_id': '2712', 'stock_name': '遠雄來', 'type': 'twse', 'date': '2025-09-30'}"
3555,2718,全心投控,建材營造,tpex,2025-09-30,"{'industry_category': '建材營造', 'stock_id': '2718', 'stock_name': '全心投控', 'type': 'tpex', 'date': '2025-09-30'}"
3556,2643,捷迅,航運業,tpex,2025-09-30,"{'industry_category': '航運業', 'stock_id': '2643', 'stock_name': '捷迅', 'type': 'tpex', 'date': '2025-09-30'}"
3557,2614,東森,其他,twse,2025-09-30,"{'industry_category': '其他', 'stock_id': '2614', 'stock_name': '東森', 'type': 'twse', 'date': '2025-09-30'}"
3558,2801,彰銀,金融保險,twse,2025-09-30,"{'industry_category': '金融保險', 'stock_id': '2801', 'stock_name': '彰銀', 'type': 'twse', 'date': '2025-09-30'}"
3559,2816,旺旺保,金融保險,twse,2025-09-30,"{'industry_category': '金融保險', 'stock_id': '2816', 'stock_name': '旺旺保', 'type': 'twse', 'date': '2025-09-30'}"
3560,2887E,台新新光戊特一,金融保險,twse,2025-09-30,"{'industry_category': '金融保險', 'stock_id': '2887E', 'stock_name': '台新新光戊特一', 'type': 'twse', 'date': '2025-09-30'}"
3561,2887F,台新新光戊特二,金融保險,twse,2025-09-30,"{'industry_category': '金融保險', 'stock_id': '2887F', 'stock_name': '台新新光戊特二', 'type': 'twse', 'date': '2025-09-30'}"
3562,2887G,台新新光庚特一,金融保險,twse,2025-09-30,"{'industry_category': '金融保險', 'stock_id': '2887G', 'stock_name': '台新新光庚特一', 'type': 'twse', 'date': '2025-09-30'}"
3563,2887H,台新新光庚特二,金融保險,twse,2025-09-30,"{'industry_category': '金融保險', 'stock_id': '2887H', 'stock_name': '台新新光庚特二', 'type': 'twse', 'date': '2025-09-30'}"
3564,2887I,台新新光辛特,金融保險,twse,2025-09-30,"{'industry_category': '金融保險', 'stock_id': '2887I', 'stock_name': '台新新光辛特', 'type': 'twse', 'date': '2025-09-30'}"
3565,2887Z1,台新新光己特,金融保險,twse,2025-09-30,"{'industry_category': '金融保險', 'stock_id': '2887Z1', 'stock_name': '台新新光己特', 'type': 'twse', 'date': '2025-09-30'}"
3566,2889,國票金,金融保險,twse,2025-09-30,"{'industry_category': '金融保險', 'stock_id': '2889', 'stock_name': '國票金', 'type': 'twse', 'date': '2025-09-30'}"
3567,2890,永豐金,金融保險,twse,2025-09-30,"{'industry_category': '金融保險', 'stock_id': '2890', 'stock_name': '永豐金', 'type': 'twse', 'date': '2025-09-30'}"
3568,2891,中信金,金融保險,twse,2025-09-30,"{'industry_category': '金融保險', 'stock_id': '2891', 'stock_name': '中信金', 'type': 'twse', 'date': '2025-09-30'}"
3569,3297,杭特,光電業,tpex,2025-09-30,"{'industry_category': '光電業', 'stock_id': '3297', 'stock_name': '杭特', 'type': 'tpex', 'date': '2025-09-30'}"
3570,2891C,中信金丙特,金融保險,twse,2025-09-30,"{'industry_category': '金融保險', 'stock_id': '2891C', 'stock_name': '中信金丙特', 'type': 'twse', 'date': '2025-09-30'}"
3571,2892,第一金,金融保險,twse,2025-09-30,"{'industry_category': '金融保險', 'stock_id': '2892', 'stock_name': '第一金', 'type': 'twse', 'date': '2025-09-30'}"
3572,2897,王道銀行,金融保險,twse,2025-09-30,"{'industry_category': '金融保險', 'stock_id': '2897', 'stock_name': '王道銀行', 'type': 'twse', 'date': '2025-09-30'}"
3573,2897B,王道銀乙特,金融保險,twse,2025-09-30,"{'industry_category': '金融保險', 'stock_id': '2897B', 'stock_name': '王道銀乙特', 'type': 'twse', 'date': '2025-09-30'}"
3574,2901,欣欣,貿易百貨,twse,2025-09-30,"{'industry_category': '貿易百貨', 'stock_id': '2901', 'stock_name': '欣欣', 'type': 'twse', 'date': '2025-09-30'}"
3575,2903,遠百,貿易百貨,twse,2025-09-30,"{'industry_category': '貿易百貨', 'stock_id': '2903', 'stock_name': '遠百', 'type': 'twse', 'date': '2025-09-30'}"
3576,2904,匯僑,其他,twse,2025-09-30,"{'industry_category': '其他', 'stock_id': '2904', 'stock_name': '匯僑', 'type': 'twse', 'date': '2025-09-30'}"
3577,2905,三商,貿易百貨,twse,2025-09-30,"{'industry_category': '貿易百貨', 'stock_id': '2905', 'stock_name': '三商', 'type': 'twse', 'date': '2025-09-30'}"
3578,2906,高林,貿易百貨,twse,2025-09-30,"{'industry_category': '貿易百貨', 'stock_id': '2906', 'stock_name': '高林', 'type': 'twse', 'date': '2025-09-30'}"
3579,2908,特力,貿易百貨,twse,2025-09-30,"{'industry_category': '貿易百貨', 'stock_id': '2908', 'stock_name': '特力', 'type': 'twse', 'date': '2025-09-30'}"
3580,2910,統領,貿易百貨,twse,2025-09-30,"{'industry_category': '貿易百貨', 'stock_id': '2910', 'stock_name': '統領', 'type': 'twse', 'date': '2025-09-30'}"
3581,2911,麗嬰房,貿易百貨,twse,2025-09-30,"{'industry_category': '貿易百貨', 'stock_id': '2911', 'stock_name': '麗嬰房', 'type': 'twse', 'date': '2025-09-30'}"
3582,2912,統一超,貿易百貨,twse,2025-09-30,"{'industry_category': '貿易百貨', 'stock_id': '2912', 'stock_name': '統一超', 'type': 'twse', 'date': '2025-09-30'}"
3583,2887,台新新光金,金融保險,twse,2025-09-30,"{'industry_category': '金融保險', 'stock_id': '2887', 'stock_name': '台新新光金', 'type': 'twse', 'date': '2025-09-30'}"
3584,2886,兆豐金,金融保險,twse,2025-09-30,"{'industry_category': '金融保險', 'stock_id': '2886', 'stock_name': '兆豐金', 'type': 'twse', 'date': '2025-09-30'}"
3585,2885,元大金,金融保險,twse,2025-09-30,"{'industry_category': '金融保險', 'stock_id': '2885', 'stock_name': '元大金', 'type': 'twse', 'date': '2025-09-30'}"
3586,2884,玉山金,金融保險,twse,2025-09-30,"{'industry_category': '金融保險', 'stock_id': '2884', 'stock_name': '玉山金', 'type': 'twse', 'date': '2025-09-30'}"
3587,2820,華票,金融保險,twse,2025-09-30,"{'industry_category': '金融保險', 'stock_id': '2820', 'stock_name': '華票', 'type': 'twse', 'date': '2025-09-30'}"
3588,2832,台產,金融保險,twse,2025-09-30,"{'industry_category': '金融保險', 'stock_id': '2832', 'stock_name': '台產', 'type': 'twse', 'date': '2025-09-30'}"
3589,2834,臺企銀,金融保險,twse,2025-09-30,"{'industry_category': '金融保險', 'stock_id': '2834', 'stock_name': '臺企銀', 'type': 'twse', 'date': '2025-09-30'}"
3590,2836,高雄銀,金融保險,twse,2025-09-30,"{'industry_category': '金融保險', 'stock_id': '2836', 'stock_name': '高雄銀', 'type': 'twse', 'date': '2025-09-30'}"
3591,2836A,高雄銀甲特,金融保險,twse,2025-09-30,"{'industry_category': '金融保險', 'stock_id': '2836A', 'stock_name': '高雄銀甲特', 'type': 'twse', 'date': '2025-09-30'}"
3592,2838,聯邦銀,金融保險,twse,2025-09-30,"{'industry_category': '金融保險', 'stock_id': '2838', 'stock_name': '聯邦銀', 'type': 'twse', 'date': '2025-09-30'}"
3593,2838A,聯邦銀甲特,金融保險,twse,2025-09-30,"{'industry_category': '金融保險', 'stock_id': '2838A', 'stock_name': '聯邦銀甲特', 'type': 'twse', 'date': '2025-09-30'}"
3594,2845,遠東銀,金融保險,twse,2025-09-30,"{'industry_category': '金融保險', 'stock_id': '2845', 'stock_name': '遠東銀', 'type': 'twse', 'date': '2025-09-30'}"
3595,2849,安泰銀,金融保險,twse,2025-09-30,"{'industry_category': '金融保險', 'stock_id': '2849', 'stock_name': '安泰銀', 'type': 'twse', 'date': '2025-09-30'}"
3596,2850,新產,金融保險,twse,2025-09-30,"{'industry_category': '金融保險', 'stock_id': '2850', 'stock_name': '新產', 'type': 'twse', 'date': '2025-09-30'}"
3597,2851,中再保,金融保險,twse,2025-09-30,"{'industry_category': '金融保險', 'stock_id': '2851', 'stock_name': '中再保', 'type': 'twse', 'date': '2025-09-30'}"
3598,2812,台中銀,金融保險,twse,2025-09-30,"{'industry_category': '金融保險', 'stock_id': '2812', 'stock_name': '台中銀', 'type': 'twse', 'date': '2025-09-30'}"
3599,2852,第一保,金融保險,twse,2025-09-30,"{'industry_category': '金融保險', 'stock_id': '2852', 'stock_name': '第一保', 'type': 'twse', 'date': '2025-09-30'}"
3600,2867,三商壽,金融保險,twse,2025-09-30,"{'industry_category': '金融保險', 'stock_id': '2867', 'stock_name': '三商壽', 'type': 'twse', 'date': '2025-09-30'}"
3601,2880,華南金,金融保險,twse,2025-09-30,"{'industry_category': '金融保險', 'stock_id': '2880', 'stock_name': '華南金', 'type': 'twse', 'date': '2025-09-30'}"
3602,2881,富邦金,金融保險,twse,2025-09-30,"{'industry_category': '金融保險', 'stock_id': '2881', 'stock_name': '富邦金', 'type': 'twse', 'date': '2025-09-30'}"
3603,2881A,富邦特,金融保險,twse,2025-09-30,"{'industry_category': '金融保險', 'stock_id': '2881A', 'stock_name': '富邦特', 'type': 'twse', 'date': '2025-09-30'}"
3604,2881B,富邦金乙特,金融保險,twse,2025-09-30,"{'industry_category': '金融保險', 'stock_id': '2881B', 'stock_name': '富邦金乙特', 'type': 'twse', 'date': '2025-09-30'}"
3605,2881C,富邦金丙特,金融保險,twse,2025-09-30,"{'industry_category': '金融保險', 'stock_id': '2881C', 'stock_name': '富邦金丙特', 'type': 'twse', 'date': '2025-09-30'}"
3606,2882,國泰金,金融保險,twse,2025-09-30,"{'industry_category': '金融保險', 'stock_id': '2882', 'stock_name': '國泰金', 'type': 'twse', 'date': '2025-09-30'}"
3607,2882A,國泰特,金融保險,twse,2025-09-30,"{'industry_category': '金融保險', 'stock_id': '2882A', 'stock_name': '國泰特', 'type': 'twse', 'date': '2025-09-30'}"
3608,2882B,國泰金乙特,金融保險,twse,2025-09-30,"{'industry_category': '金融保險', 'stock_id': '2882B', 'stock_name': '國泰金乙特', 'type': 'twse', 'date': '2025-09-30'}"
3609,2883,凱基金,金融保險,twse,2025-09-30,"{'industry_category': '金融保險', 'stock_id': '2883', 'stock_name': '凱基金', 'type': 'twse', 'date': '2025-09-30'}"
3610,2883B,凱基金乙特,金融保險,twse,2025-09-30,"{'industry_category': '金融保險', 'stock_id': '2883B', 'stock_name': '凱基金乙特', 'type': 'twse', 'date': '2025-09-30'}"
3611,2855,統一證,金融保險,twse,2025-09-30,"{'industry_category': '金融保險', 'stock_id': '2855', 'stock_name': '統一證', 'type': 'twse', 'date': '2025-09-30'}"
3612,2913,農林,貿易百貨,twse,2025-09-30,"{'industry_category': '貿易百貨', 'stock_id': '2913', 'stock_name': '農林', 'type': 'twse', 'date': '2025-09-30'}"
3613,2613,中櫃,航運業,twse,2025-09-30,"{'industry_category': '航運業', 'stock_id': '2613', 'stock_name': '中櫃', 'type': 'twse', 'date': '2025-09-30'}"
3614,2611,志信,航運業,twse,2025-09-30,"{'industry_category': '航運業', 'stock_id': '2611', 'stock_name': '志信', 'type': 'twse', 'date': '2025-09-30'}"
3615,2468,華經,資訊服務業,twse,2025-09-30,"{'industry_category': '資訊服務業', 'stock_id': '2468', 'stock_name': '華經', 'type': 'twse', 'date': '2025-09-30'}"
3616,2468,華經,電子工業,twse,2025-09-30,"{'industry_category': '電子工業', 'stock_id': '2468', 'stock_name': '華經', 'type': 'twse', 'date': '2025-09-30'}"
3617,2471,資通,資訊服務業,twse,2025-09-30,"{'industry_category': '資訊服務業', 'stock_id': '2471', 'stock_name': '資通', 'type': 'twse', 'date': '2025-09-30'}"
3618,2471,資通,電子工業,twse,2025-09-30,"{'industry_category': '電子工業', 'stock_id': '2471', 'stock_name': '資通', 'type': 'twse', 'date': '2025-09-30'}"
3619,2472,立隆電,電子工業,twse,2025-09-30,"{'industry_category': '電子工業', 'stock_id': '2472', 'stock_name': '立隆電', 'type': 'twse', 'date': '2025-09-30'}"
3620,2472,立隆電,電子零組件業,twse,2025-09-30,"{'industry_category': '電子零組件業', 'stock_id': '2472', 'stock_name': '立隆電', 'type': 'twse', 'date': '2025-09-30'}"
3621,2474,可成,其他電子業,twse,2025-09-30,"{'industry_category': '其他電子業', 'stock_id': '2474', 'stock_name': '可成', 'type': 'twse', 'date': '2025-09-30'}"
3622,2474,可成,電子工業,twse,2025-09-30,"{'industry_category': '電子工業', 'stock_id': '2474', 'stock_name': '可成', 'type': 'twse', 'date': '2025-09-30'}"
3623,2476,鉅祥,電子工業,twse,2025-09-30,"{'industry_category': '電子工業', 'stock_id': '2476', 'stock_name': '鉅祥', 'type': 'twse', 'date': '2025-09-30'}"
3624,2476,鉅祥,電子零組件業,twse,2025-09-30,"{'industry_category': '電子零組件業', 'stock_id': '2476', 'stock_name': '鉅祥', 'type': 'twse', 'date': '2025-09-30'}"
3625,2477,美隆電,其他電子業,twse,2025-09-30,"{'industry_category': '其他電子業', 'stock_id': '2477', 'stock_name': '美隆電', 'type': 'twse', 'date': '2025-09-30'}"
3626,2477,美隆電,電子工業,twse,2025-09-30,"{'industry_category': '電子工業', 'stock_id': '2477', 'stock_name': '美隆電', 'type': 'twse', 'date': '2025-09-30'}"
3627,2478,大毅,電子工業,twse,2025-09-30,"{'industry_category': '電子工業', 'stock_id': '2478', 'stock_name': '大毅', 'type': 'twse', 'date': '2025-09-30'}"
3628,2478,大毅,電子零組件業,twse,2025-09-30,"{'industry_category': '電子零組件業', 'stock_id': '2478', 'stock_name': '大毅', 'type': 'twse', 'date': '2025-09-30'}"
3629,2480,敦陽科,資訊服務業,twse,2025-09-30,"{'industry_category': '資訊服務業', 'stock_id': '2480', 'stock_name': '敦陽科', 'type': 'twse', 'date': '2025-09-30'}"
3630,2480,敦陽科,電子工業,twse,2025-09-30,"{'industry_category': '電子工業', 'stock_id': '2480', 'stock_name': '敦陽科', 'type': 'twse', 'date': '2025-09-30'}"
3631,2481,強茂,半導體業,twse,2025-09-30,"{'industry_category': '半導體業', 'stock_id': '2481', 'stock_name': '強茂', 'type': 'twse', 'date': '2025-09-30'}"
3632,2481,強茂,電子工業,twse,2025-09-30,"{'industry_category': '電子工業', 'stock_id': '2481', 'stock_name': '強茂', 'type': 'twse', 'date': '2025-09-30'}"
3633,2482,連宇,其他電子業,twse,2025-09-30,"{'industry_category': '其他電子業', 'stock_id': '2482', 'stock_name': '連宇', 'type': 'twse', 'date': '2025-09-30'}"
3634,2482,連宇,電子工業,twse,2025-09-30,"{'industry_category': '電子工業', 'stock_id': '2482', 'stock_name': '連宇', 'type': 'twse', 'date': '2025-09-30'}"
3635,2483,百容,電子工業,twse,2025-09-30,"{'industry_category': '電子工業', 'stock_id': '2483', 'stock_name': '百容', 'type': 'twse', 'date': '2025-09-30'}"
3636,2483,百容,電子零組件業,twse,2025-09-30,"{'industry_category': '電子零組件業', 'stock_id': '2483', 'stock_name': '百容', 'type': 'twse', 'date': '2025-09-30'}"
3637,2484,希華,電子工業,twse,2025-09-30,"{'industry_category': '電子工業', 'stock_id': '2484', 'stock_name': '希華', 'type': 'twse', 'date': '2025-09-30'}"
3638,2467,志聖,電子零組件業,twse,2025-09-30,"{'industry_category': '電子零組件業', 'stock_id': '2467', 'stock_name': '志聖', 'type': 'twse', 'date': '2025-09-30'}"
3639,2467,志聖,電子工業,twse,2025-09-30,"{'industry_category': '電子工業', 'stock_id': '2467', 'stock_name': '志聖', 'type': 'twse', 'date': '2025-09-30'}"
3640,2466,冠西電,電子工業,twse,2025-09-30,"{'industry_category': '電子工業', 'stock_id': '2466', 'stock_name': '冠西電', 'type': 'twse', 'date': '2025-09-30'}"
3641,2466,冠西電,光電業,twse,2025-09-30,"{'industry_category': '光電業', 'stock_id': '2466', 'stock_name': '冠西電', 'type': 'twse', 'date': '2025-09-30'}"
3642,2451,創見,半導體業,twse,2025-09-30,"{'industry_category': '半導體業', 'stock_id': '2451', 'stock_name': '創見', 'type': 'twse', 'date': '2025-09-30'}"
3643,2451,創見,電子工業,twse,2025-09-30,"{'industry_category': '電子工業', 'stock_id': '2451', 'stock_name': '創見', 'type': 'twse', 'date': '2025-09-30'}"
3644,2453,凌群,資訊服務業,twse,2025-09-30,"{'industry_category': '資訊服務業', 'stock_id': '2453', 'stock_name': '凌群', 'type': 'twse', 'date': '2025-09-30'}"
3645,2453,凌群,電子工業,twse,2025-09-30,"{'industry_category': '電子工業', 'stock_id': '2453', 'stock_name': '凌群', 'type': 'twse', 'date': '2025-09-30'}"
3646,2454,聯發科,半導體業,twse,2025-09-30,"{'industry_category': '半導體業', 'stock_id': '2454', 'stock_name': '聯發科', 'type': 'twse', 'date': '2025-09-30'}"
3647,2454,聯發科,電子工業,twse,2025-09-30,"{'industry_category': '電子工業', 'stock_id': '2454', 'stock_name': '聯發科', 'type': 'twse', 'date': '2025-09-30'}"
3648,2455,全新,通信網路業,twse,2025-09-30,"{'industry_category': '通信網路業', 'stock_id': '2455', 'stock_name': '全新', 'type': 'twse', 'date': '2025-09-30'}"
3649,2455,全新,電子工業,twse,2025-09-30,"{'industry_category': '電子工業', 'stock_id': '2455', 'stock_name': '全新', 'type': 'twse', 'date': '2025-09-30'}"
3650,2457,飛宏,電子工業,twse,2025-09-30,"{'industry_category': '電子工業', 'stock_id': '2457', 'stock_name': '飛宏', 'type': 'twse', 'date': '2025-09-30'}"
3651,2457,飛宏,電子零組件業,twse,2025-09-30,"{'industry_category': '電子零組件業', 'stock_id': '2457', 'stock_name': '飛宏', 'type': 'twse', 'date': '2025-09-30'}"
3652,2458,義隆,半導體業,twse,2025-09-30,"{'industry_category': '半導體業', 'stock_id': '2458', 'stock_name': '義隆', 'type': 'twse', 'date': '2025-09-30'}"
3653,2484,希華,電子零組件業,twse,2025-09-30,"{'industry_category': '電子零組件業', 'stock_id': '2484', 'stock_name': '希華', 'type': 'twse', 'date': '2025-09-30'}"
3654,2458,義隆,電子工業,twse,2025-09-30,"{'industry_category': '電子工業', 'stock_id': '2458', 'stock_name': '義隆', 'type': 'twse', 'date': '2025-09-30'}"
3655,2459,敦吉,電子工業,twse,2025-09-30,"{'industry_category': '電子工業', 'stock_id': '2459', 'stock_name': '敦吉', 'type': 'twse', 'date': '2025-09-30'}"
3656,2460,建通,電子工業,twse,2025-09-30,"{'industry_category': '電子工業', 'stock_id': '2460', 'stock_name': '建通', 'type': 'twse', 'date': '2025-09-30'}"
3657,2460,建通,電子零組件業,twse,2025-09-30,"{'industry_category': '電子零組件業', 'stock_id': '2460', 'stock_name': '建通', 'type': 'twse', 'date': '2025-09-30'}"
3658,2461,光群雷,其他電子業,twse,2025-09-30,"{'industry_category': '其他電子業', 'stock_id': '2461', 'stock_name': '光群雷', 'type': 'twse', 'date': '2025-09-30'}"
3659,2461,光群雷,電子工業,twse,2025-09-30,"{'industry_category': '電子工業', 'stock_id': '2461', 'stock_name': '光群雷', 'type': 'twse', 'date': '2025-09-30'}"
3660,2462,良得電,電子工業,twse,2025-09-30,"{'industry_category': '電子工業', 'stock_id': '2462', 'stock_name': '良得電', 'type': 'twse', 'date': '2025-09-30'}"
3661,2462,良得電,電子零組件業,twse,2025-09-30,"{'industry_category': '電子零組件業', 'stock_id': '2462', 'stock_name': '良得電', 'type': 'twse', 'date': '2025-09-30'}"
3662,2464,盟立,其他電子業,twse,2025-09-30,"{'industry_category': '其他電子業', 'stock_id': '2464', 'stock_name': '盟立', 'type': 'twse', 'date': '2025-09-30'}"
3663,2464,盟立,電子工業,twse,2025-09-30,"{'industry_category': '電子工業', 'stock_id': '2464', 'stock_name': '盟立', 'type': 'twse', 'date': '2025-09-30'}"
3664,2465,麗臺,電子工業,twse,2025-09-30,"{'industry_category': '電子工業', 'stock_id': '2465', 'stock_name': '麗臺', 'type': 'twse', 'date': '2025-09-30'}"
3665,2465,麗臺,電腦及週邊設備業,twse,2025-09-30,"{'industry_category': '電腦及週邊設備業', 'stock_id': '2465', 'stock_name': '麗臺', 'type': 'twse', 'date': '2025-09-30'}"
3666,2459,敦吉,其他電子業,twse,2025-09-30,"{'industry_category': '其他電子業', 'stock_id': '2459', 'stock_name': '敦吉', 'type': 'twse', 'date': '2025-09-30'}"
3667,2612,中航,航運業,twse,2025-09-30,"{'industry_category': '航運業', 'stock_id': '2612', 'stock_name': '中航', 'type': 'twse', 'date': '2025-09-30'}"
3668,2485,兆赫,通信網路業,twse,2025-09-30,"{'industry_category': '通信網路業', 'stock_id': '2485', 'stock_name': '兆赫', 'type': 'twse', 'date': '2025-09-30'}"
3669,2486,一詮,光電業,twse,2025-09-30,"{'industry_category': '光電業', 'stock_id': '2486', 'stock_name': '一詮', 'type': 'twse', 'date': '2025-09-30'}"
3670,2530,華建,建材營造,twse,2025-09-30,"{'industry_category': '建材營造', 'stock_id': '2530', 'stock_name': '華建', 'type': 'twse', 'date': '2025-09-30'}"
3671,2534,宏盛,建材營造,twse,2025-09-30,"{'industry_category': '建材營造', 'stock_id': '2534', 'stock_name': '宏盛', 'type': 'twse', 'date': '2025-09-30'}"
3672,2535,達欣工,建材營造,twse,2025-09-30,"{'industry_category': '建材營造', 'stock_id': '2535', 'stock_name': '達欣工', 'type': 'twse', 'date': '2025-09-30'}"
3673,2536,宏普,建材營造,twse,2025-09-30,"{'industry_category': '建材營造', 'stock_id': '2536', 'stock_name': '宏普', 'type': 'twse', 'date': '2025-09-30'}"
3674,2537,聯上發,建材營造,twse,2025-09-30,"{'industry_category': '建材營造', 'stock_id': '2537', 'stock_name': '聯上發', 'type': 'twse', 'date': '2025-09-30'}"
3675,2538,基泰,建材營造,twse,2025-09-30,"{'industry_category': '建材營造', 'stock_id': '2538', 'stock_name': '基泰', 'type': 'twse', 'date': '2025-09-30'}"
3676,2539,櫻花建,建材營造,twse,2025-09-30,"{'industry_category': '建材營造', 'stock_id': '2539', 'stock_name': '櫻花建', 'type': 'twse', 'date': '2025-09-30'}"
3677,2540,愛山林,建材營造,twse,2025-09-30,"{'industry_category': '建材營造', 'stock_id': '2540', 'stock_name': '愛山林', 'type': 'twse', 'date': '2025-09-30'}"
3678,2542,興富發,建材營造,twse,2025-09-30,"{'industry_category': '建材營造', 'stock_id': '2542', 'stock_name': '興富發', 'type': 'twse', 'date': '2025-09-30'}"
3679,2543,皇昌,建材營造,twse,2025-09-30,"{'industry_category': '建材營造', 'stock_id': '2543', 'stock_name': '皇昌', 'type': 'twse', 'date': '2025-09-30'}"
3680,2545,皇翔,建材營造,twse,2025-09-30,"{'industry_category': '建材營造', 'stock_id': '2545', 'stock_name': '皇翔', 'type': 'twse', 'date': '2025-09-30'}"
3681,2546,根基,建材營造,twse,2025-09-30,"{'industry_category': '建材營造', 'stock_id': '2546', 'stock_name': '根基', 'type': 'twse', 'date': '2025-09-30'}"
3682,2547,日勝生,建材營造,twse,2025-09-30,"{'industry_category': '建材營造', 'stock_id': '2547', 'stock_name': '日勝生', 'type': 'twse', 'date': '2025-09-30'}"
3683,2548,華固,建材營造,twse,2025-09-30,"{'industry_category': '建材營造', 'stock_id': '2548', 'stock_name': '華固', 'type': 'twse', 'date': '2025-09-30'}"
3684,2596,綠意,建材營造,tpex,2025-09-30,"{'industry_category': '建材營造', 'stock_id': '2596', 'stock_name': '綠意', 'type': 'tpex', 'date': '2025-09-30'}"
3685,2597,潤弘,建材營造,twse,2025-09-30,"{'industry_category': '建材營造', 'stock_id': '2597', 'stock_name': '潤弘', 'type': 'twse', 'date': '2025-09-30'}"
3686,2601,益航,貿易百貨,twse,2025-09-30,"{'industry_category': '貿易百貨', 'stock_id': '2601', 'stock_name': '益航', 'type': 'twse', 'date': '2025-09-30'}"
3687,2603,長榮,航運業,twse,2025-09-30,"{'industry_category': '航運業', 'stock_id': '2603', 'stock_name': '長榮', 'type': 'twse', 'date': '2025-09-30'}"
3688,2605,新興,航運業,twse,2025-09-30,"{'industry_category': '航運業', 'stock_id': '2605', 'stock_name': '新興', 'type': 'twse', 'date': '2025-09-30'}"
3689,2606,裕民,航運業,twse,2025-09-30,"{'industry_category': '航運業', 'stock_id': '2606', 'stock_name': '裕民', 'type': 'twse', 'date': '2025-09-30'}"
3690,2608,嘉里大榮,航運業,twse,2025-09-30,"{'industry_category': '航運業', 'stock_id': '2608', 'stock_name': '嘉里大榮', 'type': 'twse', 'date': '2025-09-30'}"
3691,2609,陽明,航運業,twse,2025-09-30,"{'industry_category': '航運業', 'stock_id': '2609', 'stock_name': '陽明', 'type': 'twse', 'date': '2025-09-30'}"
3692,2610,華航,航運業,twse,2025-09-30,"{'industry_category': '航運業', 'stock_id': '2610', 'stock_name': '華航', 'type': 'twse', 'date': '2025-09-30'}"
3693,2528,皇普,建材營造,twse,2025-09-30,"{'industry_category': '建材營造', 'stock_id': '2528', 'stock_name': '皇普', 'type': 'twse', 'date': '2025-09-30'}"
3694,2527,宏璟,建材營造,twse,2025-09-30,"{'industry_category': '建材營造', 'stock_id': '2527', 'stock_name': '宏璟', 'type': 'twse', 'date': '2025-09-30'}"
3695,2524,京城,建材營造,twse,2025-09-30,"{'industry_category': '建材營造', 'stock_id': '2524', 'stock_name': '京城', 'type': 'twse', 'date': '2025-09-30'}"
3696,2520,冠德,建材營造,twse,2025-09-30,"{'industry_category': '建材營造', 'stock_id': '2520', 'stock_name': '冠德', 'type': 'twse', 'date': '2025-09-30'}"
3697,2486,一詮,電子工業,twse,2025-09-30,"{'industry_category': '電子工業', 'stock_id': '2486', 'stock_name': '一詮', 'type': 'twse', 'date': '2025-09-30'}"
3698,2488,漢平,其他電子業,twse,2025-09-30,"{'industry_category': '其他電子業', 'stock_id': '2488', 'stock_name': '漢平', 'type': 'twse', 'date': '2025-09-30'}"
3699,2488,漢平,電子工業,twse,2025-09-30,"{'industry_category': '電子工業', 'stock_id': '2488', 'stock_name': '漢平', 'type': 'twse', 'date': '2025-09-30'}"
3700,2491,吉祥全,光電業,twse,2025-09-30,"{'industry_category': '光電業', 'stock_id': '2491', 'stock_name': '吉祥全', 'type': 'twse', 'date': '2025-09-30'}"
3701,2491,吉祥全,電子工業,twse,2025-09-30,"{'industry_category': '電子工業', 'stock_id': '2491', 'stock_name': '吉祥全', 'type': 'twse', 'date': '2025-09-30'}"
3702,2492,華新科,電子工業,twse,2025-09-30,"{'industry_category': '電子工業', 'stock_id': '2492', 'stock_name': '華新科', 'type': 'twse', 'date': '2025-09-30'}"
3703,2492,華新科,電子零組件業,twse,2025-09-30,"{'industry_category': '電子零組件業', 'stock_id': '2492', 'stock_name': '華新科', 'type': 'twse', 'date': '2025-09-30'}"
3704,2493,揚博,電子工業,twse,2025-09-30,"{'industry_category': '電子工業', 'stock_id': '2493', 'stock_name': '揚博', 'type': 'twse', 'date': '2025-09-30'}"
3705,2493,揚博,電子零組件業,twse,2025-09-30,"{'industry_category': '電子零組件業', 'stock_id': '2493', 'stock_name': '揚博', 'type': 'twse', 'date': '2025-09-30'}"
3706,2495,普安,電子工業,twse,2025-09-30,"{'industry_category': '電子工業', 'stock_id': '2495', 'stock_name': '普安', 'type': 'twse', 'date': '2025-09-30'}"
3707,2495,普安,電腦及週邊設備業,twse,2025-09-30,"{'industry_category': '電腦及週邊設備業', 'stock_id': '2495', 'stock_name': '普安', 'type': 'twse', 'date': '2025-09-30'}"
3708,2485,兆赫,電子工業,twse,2025-09-30,"{'industry_category': '電子工業', 'stock_id': '2485', 'stock_name': '兆赫', 'type': 'twse', 'date': '2025-09-30'}"
3709,2496,卓越,其他,twse,2025-09-30,"{'industry_category': '其他', 'stock_id': '2496', 'stock_name': '卓越', 'type': 'twse', 'date': '2025-09-30'}"
3710,2498,宏達電,通信網路業,twse,2025-09-30,"{'industry_category': '通信網路業', 'stock_id': '2498', 'stock_name': '宏達電', 'type': 'twse', 'date': '2025-09-30'}"
3711,2498,宏達電,電子工業,twse,2025-09-30,"{'industry_category': '電子工業', 'stock_id': '2498', 'stock_name': '宏達電', 'type': 'twse', 'date': '2025-09-30'}"
3712,2501,國建,建材營造,twse,2025-09-30,"{'industry_category': '建材營造', 'stock_id': '2501', 'stock_name': '國建', 'type': 'twse', 'date': '2025-09-30'}"
3713,2504,國產,建材營造,twse,2025-09-30,"{'industry_category': '建材營造', 'stock_id': '2504', 'stock_name': '國產', 'type': 'twse', 'date': '2025-09-30'}"
3714,2505,國揚,建材營造,twse,2025-09-30,"{'industry_category': '建材營造', 'stock_id': '2505', 'stock_name': '國揚', 'type': 'twse', 'date': '2025-09-30'}"
3715,2506,太設,建材營造,twse,2025-09-30,"{'industry_category': '建材營造', 'stock_id': '2506', 'stock_name': '太設', 'type': 'twse', 'date': '2025-09-30'}"
3716,2509,全坤建,建材營造,twse,2025-09-30,"{'industry_category': '建材營造', 'stock_id': '2509', 'stock_name': '全坤建', 'type': 'twse', 'date': '2025-09-30'}"
3717,2511,太子,建材營造,twse,2025-09-30,"{'industry_category': '建材營造', 'stock_id': '2511', 'stock_name': '太子', 'type': 'twse', 'date': '2025-09-30'}"
3718,2514,龍邦,其他,twse,2025-09-30,"{'industry_category': '其他', 'stock_id': '2514', 'stock_name': '龍邦', 'type': 'twse', 'date': '2025-09-30'}"
3719,2515,中工,建材營造,twse,2025-09-30,"{'industry_category': '建材營造', 'stock_id': '2515', 'stock_name': '中工', 'type': 'twse', 'date': '2025-09-30'}"
3720,2516,新建,建材營造,twse,2025-09-30,"{'industry_category': '建材營造', 'stock_id': '2516', 'stock_name': '新建', 'type': 'twse', 'date': '2025-09-30'}"
3721,2497,怡利電,汽車工業,twse,2025-09-30,"{'industry_category': '汽車工業', 'stock_id': '2497', 'stock_name': '怡利電', 'type': 'twse', 'date': '2025-09-30'}"
3722,2915,潤泰全,貿易百貨,twse,2025-09-30,"{'industry_category': '貿易百貨', 'stock_id': '2915', 'stock_name': '潤泰全', 'type': 'twse', 'date': '2025-09-30'}"
3723,2891B,中信金乙特,金融保險,twse,2025-09-30,"{'industry_category': '金融保險', 'stock_id': '2891B', 'stock_name': '中信金乙特', 'type': 'twse', 'date': '2025-09-30'}"
3724,2923,鼎固-KY,建材營造,twse,2025-09-30,"{'industry_category': '建材營造', 'stock_id': '2923', 'stock_name': '鼎固-KY', 'type': 'twse', 'date': '2025-09-30'}"
3725,3115,富榮綱,電子零組件業,tpex,2025-09-30,"{'industry_category': '電子零組件業', 'stock_id': '3115', 'stock_name': '富榮綱', 'type': 'tpex', 'date': '2025-09-30'}"
3726,3117,年程,電子零組件業,emerging,2025-09-30,"{'industry_category': '電子零組件業', 'stock_id': '3117', 'stock_name': '年程', 'type': 'emerging', 'date': '2025-09-30'}"
3727,3118,進階,生技醫療業,tpex,2025-09-30,"{'industry_category': '生技醫療業', 'stock_id': '3118', 'stock_name': '進階', 'type': 'tpex', 'date': '2025-09-30'}"
3728,3122,笙泉,半導體業,tpex,2025-09-30,"{'industry_category': '半導體業', 'stock_id': '3122', 'stock_name': '笙泉', 'type': 'tpex', 'date': '2025-09-30'}"
3729,3128,昇銳,光電業,tpex,2025-09-30,"{'industry_category': '光電業', 'stock_id': '3128', 'stock_name': '昇銳', 'type': 'tpex', 'date': '2025-09-30'}"
3730,3130,一零四,數位雲端,twse,2025-09-30,"{'industry_category': '數位雲端', 'stock_id': '3130', 'stock_name': '一零四', 'type': 'twse', 'date': '2025-09-30'}"
3731,3131,弘塑,其他電子類,tpex,2025-09-30,"{'industry_category': '其他電子類', 'stock_id': '3131', 'stock_name': '弘塑', 'type': 'tpex', 'date': '2025-09-30'}"
3732,3135,凌航,半導體業,twse,2025-09-30,"{'industry_category': '半導體業', 'stock_id': '3135', 'stock_name': '凌航', 'type': 'twse', 'date': '2025-09-30'}"
3733,3135,凌航,電子工業,twse,2025-09-30,"{'industry_category': '電子工業', 'stock_id': '3135', 'stock_name': '凌航', 'type': 'twse', 'date': '2025-09-30'}"
3734,3138,耀登,通信網路業,twse,2025-09-30,"{'industry_category': '通信網路業', 'stock_id': '3138', 'stock_name': '耀登', 'type': 'twse', 'date': '2025-09-30'}"
3735,3138,耀登,電子工業,twse,2025-09-30,"{'industry_category': '電子工業', 'stock_id': '3138', 'stock_name': '耀登', 'type': 'twse', 'date': '2025-09-30'}"
3736,3141,晶宏,半導體業,tpex,2025-09-30,"{'industry_category': '半導體業', 'stock_id': '3141', 'stock_name': '晶宏', 'type': 'tpex', 'date': '2025-09-30'}"
3737,3147,大綜,資訊服務業,tpex,2025-09-30,"{'industry_category': '資訊服務業', 'stock_id': '3147', 'stock_name': '大綜', 'type': 'tpex', 'date': '2025-09-30'}"
3738,3149,正達,光電業,twse,2025-09-30,"{'industry_category': '光電業', 'stock_id': '3149', 'stock_name': '正達', 'type': 'twse', 'date': '2025-09-30'}"
3739,3149,正達,電子工業,twse,2025-09-30,"{'industry_category': '電子工業', 'stock_id': '3149', 'stock_name': '正達', 'type': 'twse', 'date': '2025-09-30'}"
3740,3150,鈺寶-創,創新板股票,twse,2025-09-30,"{'industry_category': '創新板股票', 'stock_id': '3150', 'stock_name': '鈺寶-創', 'type': 'twse', 'date': '2025-09-30'}"
3741,3150,鈺寶-創,半導體業,twse,2025-09-30,"{'industry_category': '半導體業', 'stock_id': '3150', 'stock_name': '鈺寶-創', 'type': 'twse', 'date': '2025-09-30'}"
3742,3150,鈺寶-創,電子工業,twse,2025-09-30,"{'industry_category': '電子工業', 'stock_id': '3150', 'stock_name': '鈺寶-創', 'type': 'twse', 'date': '2025-09-30'}"
3743,3152,璟德,通信網路業,tpex,2025-09-30,"{'industry_category': '通信網路業', 'stock_id': '3152', 'stock_name': '璟德', 'type': 'tpex', 'date': '2025-09-30'}"
3744,3158,嘉實,資訊服務業,emerging,2025-09-30,"{'industry_category': '資訊服務業', 'stock_id': '3158', 'stock_name': '嘉實', 'type': 'emerging', 'date': '2025-09-30'}"
3745,3162,精確,電機機械,tpex,2025-09-30,"{'industry_category': '電機機械', 'stock_id': '3162', 'stock_name': '精確', 'type': 'tpex', 'date': '2025-09-30'}"
3746,3163,波若威,通信網路業,tpex,2025-09-30,"{'industry_category': '通信網路業', 'stock_id': '3163', 'stock_name': '波若威', 'type': 'tpex', 'date': '2025-09-30'}"
3747,3164,景岳,化學生技醫療,twse,2025-09-30,"{'industry_category': '化學生技醫療', 'stock_id': '3164', 'stock_name': '景岳', 'type': 'twse', 'date': '2025-09-30'}"
3748,3114,好德,電子零組件業,tpex,2025-09-30,"{'industry_category': '電子零組件業', 'stock_id': '3114', 'stock_name': '好德', 'type': 'tpex', 'date': '2025-09-30'}"
3749,3105,穩懋,半導體業,tpex,2025-09-30,"{'industry_category': '半導體業', 'stock_id': '3105', 'stock_name': '穩懋', 'type': 'tpex', 'date': '2025-09-30'}"
3750,3097,拍檔,電腦及週邊設備業,emerging,2025-09-30,"{'industry_category': '電腦及週邊設備業', 'stock_id': '3097', 'stock_name': '拍檔', 'type': 'emerging', 'date': '2025-09-30'}"
3751,3095,及成,通信網路業,tpex,2025-09-30,"{'industry_category': '通信網路業', 'stock_id': '3095', 'stock_name': '及成', 'type': 'tpex', 'date': '2025-09-30'}"
3752,3059,華晶科,光電業,twse,2025-09-30,"{'industry_category': '光電業', 'stock_id': '3059', 'stock_name': '華晶科', 'type': 'twse', 'date': '2025-09-30'}"
3753,3059,華晶科,電子工業,twse,2025-09-30,"{'industry_category': '電子工業', 'stock_id': '3059', 'stock_name': '華晶科', 'type': 'twse', 'date': '2025-09-30'}"
3754,3060,銘異,電子工業,twse,2025-09-30,"{'industry_category': '電子工業', 'stock_id': '3060', 'stock_name': '銘異', 'type': 'twse', 'date': '2025-09-30'}"
3755,3060,銘異,電腦及週邊設備業,twse,2025-09-30,"{'industry_category': '電腦及週邊設備業', 'stock_id': '3060', 'stock_name': '銘異', 'type': 'twse', 'date': '2025-09-30'}"
3756,3062,建漢,通信網路業,twse,2025-09-30,"{'industry_category': '通信網路業', 'stock_id': '3062', 'stock_name': '建漢', 'type': 'twse', 'date': '2025-09-30'}"
3757,3062,建漢,電子工業,twse,2025-09-30,"{'industry_category': '電子工業', 'stock_id': '3062', 'stock_name': '建漢', 'type': 'twse', 'date': '2025-09-30'}"
3758,3064,泰偉,文化創意業,tpex,2025-09-30,"{'industry_category': '文化創意業', 'stock_id': '3064', 'stock_name': '泰偉', 'type': 'tpex', 'date': '2025-09-30'}"
3759,3066,李洲,光電業,tpex,2025-09-30,"{'industry_category': '光電業', 'stock_id': '3066', 'stock_name': '李洲', 'type': 'tpex', 'date': '2025-09-30'}"
3760,3067,全域,其他電子類,tpex,2025-09-30,"{'industry_category': '其他電子類', 'stock_id': '3067', 'stock_name': '全域', 'type': 'tpex', 'date': '2025-09-30'}"
3761,3071,協禧,電腦及週邊設備業,tpex,2025-09-30,"{'industry_category': '電腦及週邊設備業', 'stock_id': '3071', 'stock_name': '協禧', 'type': 'tpex', 'date': '2025-09-30'}"
3762,3073,天方能源,綠能環保類,tpex,2025-09-30,"{'industry_category': '綠能環保類', 'stock_id': '3073', 'stock_name': '天方能源', 'type': 'tpex', 'date': '2025-09-30'}"
3763,3164,景岳,生技醫療業,twse,2025-09-30,"{'industry_category': '生技醫療業', 'stock_id': '3164', 'stock_name': '景岳', 'type': 'twse', 'date': '2025-09-30'}"
3764,3078,僑威,電子零組件業,tpex,2025-09-30,"{'industry_category': '電子零組件業', 'stock_id': '3078', 'stock_name': '僑威', 'type': 'tpex', 'date': '2025-09-30'}"
3765,2916,滿心,居家生活類,tpex,2025-09-30,"{'industry_category': '居家生活類', 'stock_id': '2916', 'stock_name': '滿心', 'type': 'tpex', 'date': '2025-09-30'}"
3766,3085,新零售,數位雲端類,tpex,2025-09-30,"{'industry_category': '數位雲端類', 'stock_id': '3085', 'stock_name': '新零售', 'type': 'tpex', 'date': '2025-09-30'}"
3767,3086,華義,文化創意業,tpex,2025-09-30,"{'industry_category': '文化創意業', 'stock_id': '3086', 'stock_name': '華義', 'type': 'tpex', 'date': '2025-09-30'}"
3768,3088,艾訊,電腦及週邊設備業,tpex,2025-09-30,"{'industry_category': '電腦及週邊設備業', 'stock_id': '3088', 'stock_name': '艾訊', 'type': 'tpex', 'date': '2025-09-30'}"
3769,3090,日電貿,電子工業,twse,2025-09-30,"{'industry_category': '電子工業', 'stock_id': '3090', 'stock_name': '日電貿', 'type': 'twse', 'date': '2025-09-30'}"
3770,3090,日電貿,電子零組件業,twse,2025-09-30,"{'industry_category': '電子零組件業', 'stock_id': '3090', 'stock_name': '日電貿', 'type': 'twse', 'date': '2025-09-30'}"
3771,3092,鴻碩,電子工業,twse,2025-09-30,"{'industry_category': '電子工業', 'stock_id': '3092', 'stock_name': '鴻碩', 'type': 'twse', 'date': '2025-09-30'}"
3772,3092,鴻碩,電子零組件業,twse,2025-09-30,"{'industry_category': '電子零組件業', 'stock_id': '3092', 'stock_name': '鴻碩', 'type': 'twse', 'date': '2025-09-30'}"
3773,3093,港建*,其他電子類,tpex,2025-09-30,"{'industry_category': '其他電子類', 'stock_id': '3093', 'stock_name': '港建*', 'type': 'tpex', 'date': '2025-09-30'}"
3774,3094,聯傑,半導體業,twse,2025-09-30,"{'industry_category': '半導體業', 'stock_id': '3094', 'stock_name': '聯傑', 'type': 'twse', 'date': '2025-09-30'}"
3775,3094,聯傑,電子工業,twse,2025-09-30,"{'industry_category': '電子工業', 'stock_id': '3094', 'stock_name': '聯傑', 'type': 'twse', 'date': '2025-09-30'}"
3776,3081,聯亞,通信網路業,tpex,2025-09-30,"{'industry_category': '通信網路業', 'stock_id': '3081', 'stock_name': '聯亞', 'type': 'tpex', 'date': '2025-09-30'}"
3777,3167,大量,電機機械,twse,2025-09-30,"{'industry_category': '電機機械', 'stock_id': '3167', 'stock_name': '大量', 'type': 'twse', 'date': '2025-09-30'}"
3778,3168,眾福科,光電業,twse,2025-09-30,"{'industry_category': '光電業', 'stock_id': '3168', 'stock_name': '眾福科', 'type': 'twse', 'date': '2025-09-30'}"
3779,3168,眾福科,電子工業,twse,2025-09-30,"{'industry_category': '電子工業', 'stock_id': '3168', 'stock_name': '眾福科', 'type': 'twse', 'date': '2025-09-30'}"
3780,3231,緯創,電腦及週邊設備業,twse,2025-09-30,"{'industry_category': '電腦及週邊設備業', 'stock_id': '3231', 'stock_name': '緯創', 'type': 'twse', 'date': '2025-09-30'}"
3781,3232,昱捷,電子通路業,tpex,2025-09-30,"{'industry_category': '電子通路業', 'stock_id': '3232', 'stock_name': '昱捷', 'type': 'tpex', 'date': '2025-09-30'}"
3782,3234,光環,通信網路業,tpex,2025-09-30,"{'industry_category': '通信網路業', 'stock_id': '3234', 'stock_name': '光環', 'type': 'tpex', 'date': '2025-09-30'}"
3783,3236,千如,電子零組件業,tpex,2025-09-30,"{'industry_category': '電子零組件業', 'stock_id': '3236', 'stock_name': '千如', 'type': 'tpex', 'date': '2025-09-30'}"
3784,3252,海灣,觀光餐旅,tpex,2025-09-30,"{'industry_category': '觀光餐旅', 'stock_id': '3252', 'stock_name': '海灣', 'type': 'tpex', 'date': '2025-09-30'}"
3785,3257,虹冠電,半導體業,twse,2025-09-30,"{'industry_category': '半導體業', 'stock_id': '3257', 'stock_name': '虹冠電', 'type': 'twse', 'date': '2025-09-30'}"
3786,3257,虹冠電,電子工業,twse,2025-09-30,"{'industry_category': '電子工業', 'stock_id': '3257', 'stock_name': '虹冠電', 'type': 'twse', 'date': '2025-09-30'}"
3787,3259,鑫創,半導體業,tpex,2025-09-30,"{'industry_category': '半導體業', 'stock_id': '3259', 'stock_name': '鑫創', 'type': 'tpex', 'date': '2025-09-30'}"
3788,3260,威剛,半導體業,tpex,2025-09-30,"{'industry_category': '半導體業', 'stock_id': '3260', 'stock_name': '威剛', 'type': 'tpex', 'date': '2025-09-30'}"
3789,3264,欣銓,半導體業,tpex,2025-09-30,"{'industry_category': '半導體業', 'stock_id': '3264', 'stock_name': '欣銓', 'type': 'tpex', 'date': '2025-09-30'}"
3790,3265,台星科,半導體業,tpex,2025-09-30,"{'industry_category': '半導體業', 'stock_id': '3265', 'stock_name': '台星科', 'type': 'tpex', 'date': '2025-09-30'}"
3791,3231,緯創,電子工業,twse,2025-09-30,"{'industry_category': '電子工業', 'stock_id': '3231', 'stock_name': '緯創', 'type': 'twse', 'date': '2025-09-30'}"
3792,3266,昇陽,建材營造,twse,2025-09-30,"{'industry_category': '建材營造', 'stock_id': '3266', 'stock_name': '昇陽', 'type': 'twse', 'date': '2025-09-30'}"
3793,3272,東碩,電腦及週邊設備業,tpex,2025-09-30,"{'industry_category': '電腦及週邊設備業', 'stock_id': '3272', 'stock_name': '東碩', 'type': 'tpex', 'date': '2025-09-30'}"
3794,3276,宇環,電子零組件業,tpex,2025-09-30,"{'industry_category': '電子零組件業', 'stock_id': '3276', 'stock_name': '宇環', 'type': 'tpex', 'date': '2025-09-30'}"
3795,3284,太普高,其他,tpex,2025-09-30,"{'industry_category': '其他', 'stock_id': '3284', 'stock_name': '太普高', 'type': 'tpex', 'date': '2025-09-30'}"
3796,3285,微端,其他電子類,tpex,2025-09-30,"{'industry_category': '其他電子類', 'stock_id': '3285', 'stock_name': '微端', 'type': 'tpex', 'date': '2025-09-30'}"
3797,3287,廣寰科,電腦及週邊設備業,tpex,2025-09-30,"{'industry_category': '電腦及週邊設備業', 'stock_id': '3287', 'stock_name': '廣寰科', 'type': 'tpex', 'date': '2025-09-30'}"
3798,3288,點晶,電子零組件業,tpex,2025-09-30,"{'industry_category': '電子零組件業', 'stock_id': '3288', 'stock_name': '點晶', 'type': 'tpex', 'date': '2025-09-30'}"
3799,3289,宜特,其他電子類,tpex,2025-09-30,"{'industry_category': '其他電子類', 'stock_id': '3289', 'stock_name': '宜特', 'type': 'tpex', 'date': '2025-09-30'}"
3800,3290,東浦,電子零組件業,tpex,2025-09-30,"{'industry_category': '電子零組件業', 'stock_id': '3290', 'stock_name': '東浦', 'type': 'tpex', 'date': '2025-09-30'}"
3801,3293,鈊象,文化創意業,tpex,2025-09-30,"{'industry_category': '文化創意業', 'stock_id': '3293', 'stock_name': '鈊象', 'type': 'tpex', 'date': '2025-09-30'}"
3802,3294,英濟,電子零組件業,tpex,2025-09-30,"{'industry_category': '電子零組件業', 'stock_id': '3294', 'stock_name': '英濟', 'type': 'tpex', 'date': '2025-09-30'}"
3803,3296,勝德,電子工業,twse,2025-09-30,"{'industry_category': '電子工業', 'stock_id': '3296', 'stock_name': '勝德', 'type': 'twse', 'date': '2025-09-30'}"
3804,3268,海德威,半導體業,tpex,2025-09-30,"{'industry_category': '半導體業', 'stock_id': '3268', 'stock_name': '海德威', 'type': 'tpex', 'date': '2025-09-30'}"
3805,3058,立德,電子零組件業,twse,2025-09-30,"{'industry_category': '電子零組件業', 'stock_id': '3058', 'stock_name': '立德', 'type': 'twse', 'date': '2025-09-30'}"
3806,3230,錦明,光電業,tpex,2025-09-30,"{'industry_category': '光電業', 'stock_id': '3230', 'stock_name': '錦明', 'type': 'tpex', 'date': '2025-09-30'}"
3807,3229,晟鈦,電子工業,twse,2025-09-30,"{'industry_category': '電子工業', 'stock_id': '3229', 'stock_name': '晟鈦', 'type': 'twse', 'date': '2025-09-30'}"
3808,3169,亞信,半導體業,tpex,2025-09-30,"{'industry_category': '半導體業', 'stock_id': '3169', 'stock_name': '亞信', 'type': 'tpex', 'date': '2025-09-30'}"
3809,3171,炎洲流通,居家生活類,tpex,2025-09-30,"{'industry_category': '居家生活類', 'stock_id': '3171', 'stock_name': '炎洲流通', 'type': 'tpex', 'date': '2025-09-30'}"
3810,3176,基亞,生技醫療業,tpex,2025-09-30,"{'industry_category': '生技醫療業', 'stock_id': '3176', 'stock_name': '基亞', 'type': 'tpex', 'date': '2025-09-30'}"
3811,3178,公準,半導體業,tpex,2025-09-30,"{'industry_category': '半導體業', 'stock_id': '3178', 'stock_name': '公準', 'type': 'tpex', 'date': '2025-09-30'}"
3812,3184,微邦,生技醫療業,emerging,2025-09-30,"{'industry_category': '生技醫療業', 'stock_id': '3184', 'stock_name': '微邦', 'type': 'emerging', 'date': '2025-09-30'}"
3813,3188,鑫龍騰,建材營造,tpex,2025-09-30,"{'industry_category': '建材營造', 'stock_id': '3188', 'stock_name': '鑫龍騰', 'type': 'tpex', 'date': '2025-09-30'}"
3814,3189,景碩,半導體業,twse,2025-09-30,"{'industry_category': '半導體業', 'stock_id': '3189', 'stock_name': '景碩', 'type': 'twse', 'date': '2025-09-30'}"
3815,3189,景碩,電子工業,twse,2025-09-30,"{'industry_category': '電子工業', 'stock_id': '3189', 'stock_name': '景碩', 'type': 'twse', 'date': '2025-09-30'}"
3816,3191,雲嘉南,電子零組件業,tpex,2025-09-30,"{'industry_category': '電子零組件業', 'stock_id': '3191', 'stock_name': '雲嘉南', 'type': 'tpex', 'date': '2025-09-30'}"
3817,3205,佰研,生技醫療業,tpex,2025-09-30,"{'industry_category': '生技醫療業', 'stock_id': '3205', 'stock_name': '佰研', 'type': 'tpex', 'date': '2025-09-30'}"
3818,3206,志豐,電子零組件業,tpex,2025-09-30,"{'industry_category': '電子零組件業', 'stock_id': '3206', 'stock_name': '志豐', 'type': 'tpex', 'date': '2025-09-30'}"
3819,3229,晟鈦,電子零組件業,twse,2025-09-30,"{'industry_category': '電子零組件業', 'stock_id': '3229', 'stock_name': '晟鈦', 'type': 'twse', 'date': '2025-09-30'}"
3820,3207,耀勝,電子零組件業,tpex,2025-09-30,"{'industry_category': '電子零組件業', 'stock_id': '3207', 'stock_name': '耀勝', 'type': 'tpex', 'date': '2025-09-30'}"
3821,3209,全科,電子通路業,twse,2025-09-30,"{'industry_category': '電子通路業', 'stock_id': '3209', 'stock_name': '全科', 'type': 'twse', 'date': '2025-09-30'}"
3822,3211,順達,電腦及週邊設備業,tpex,2025-09-30,"{'industry_category': '電腦及週邊設備業', 'stock_id': '3211', 'stock_name': '順達', 'type': 'tpex', 'date': '2025-09-30'}"
3823,3213,茂訊,電腦及週邊設備業,tpex,2025-09-30,"{'industry_category': '電腦及週邊設備業', 'stock_id': '3213', 'stock_name': '茂訊', 'type': 'tpex', 'date': '2025-09-30'}"
3824,3217,優群,電子零組件業,tpex,2025-09-30,"{'industry_category': '電子零組件業', 'stock_id': '3217', 'stock_name': '優群', 'type': 'tpex', 'date': '2025-09-30'}"
3825,3218,大學光,生技醫療業,tpex,2025-09-30,"{'industry_category': '生技醫療業', 'stock_id': '3218', 'stock_name': '大學光', 'type': 'tpex', 'date': '2025-09-30'}"
3826,3219,倚強科,其他電子類,tpex,2025-09-30,"{'industry_category': '其他電子類', 'stock_id': '3219', 'stock_name': '倚強科', 'type': 'tpex', 'date': '2025-09-30'}"
3827,3221,台嘉碩,通信網路業,tpex,2025-09-30,"{'industry_category': '通信網路業', 'stock_id': '3221', 'stock_name': '台嘉碩', 'type': 'tpex', 'date': '2025-09-30'}"
3828,3224,三顧,電子通路業,tpex,2025-09-30,"{'industry_category': '電子通路業', 'stock_id': '3224', 'stock_name': '三顧', 'type': 'tpex', 'date': '2025-09-30'}"
3829,3226,龍鋒,電機機械,tpex,2025-09-30,"{'industry_category': '電機機械', 'stock_id': '3226', 'stock_name': '龍鋒', 'type': 'tpex', 'date': '2025-09-30'}"
3830,3227,原相,半導體業,tpex,2025-09-30,"{'industry_category': '半導體業', 'stock_id': '3227', 'stock_name': '原相', 'type': 'tpex', 'date': '2025-09-30'}"
3831,3228,金麗科,半導體業,tpex,2025-09-30,"{'industry_category': '半導體業', 'stock_id': '3228', 'stock_name': '金麗科', 'type': 'tpex', 'date': '2025-09-30'}"
3832,3209,全科,電子工業,twse,2025-09-30,"{'industry_category': '電子工業', 'stock_id': '3209', 'stock_name': '全科', 'type': 'twse', 'date': '2025-09-30'}"
3833,3058,立德,電子工業,twse,2025-09-30,"{'industry_category': '電子工業', 'stock_id': '3058', 'stock_name': '立德', 'type': 'twse', 'date': '2025-09-30'}"
3834,3083,網龍,文化創意業,tpex,2025-09-30,"{'industry_category': '文化創意業', 'stock_id': '3083', 'stock_name': '網龍', 'type': 'tpex', 'date': '2025-09-30'}"
3835,3055,蔚華科,電子通路業,twse,2025-09-30,"{'industry_category': '電子通路業', 'stock_id': '3055', 'stock_name': '蔚華科', 'type': 'twse', 'date': '2025-09-30'}"
3836,3013,晟銘電,電子工業,twse,2025-09-30,"{'industry_category': '電子工業', 'stock_id': '3013', 'stock_name': '晟銘電', 'type': 'twse', 'date': '2025-09-30'}"
3837,3013,晟銘電,電腦及週邊設備業,twse,2025-09-30,"{'industry_category': '電腦及週邊設備業', 'stock_id': '3013', 'stock_name': '晟銘電', 'type': 'twse', 'date': '2025-09-30'}"
3838,3014,聯陽,半導體業,twse,2025-09-30,"{'industry_category': '半導體業', 'stock_id': '3014', 'stock_name': '聯陽', 'type': 'twse', 'date': '2025-09-30'}"
3839,3014,聯陽,電子工業,twse,2025-09-30,"{'industry_category': '電子工業', 'stock_id': '3014', 'stock_name': '聯陽', 'type': 'twse', 'date': '2025-09-30'}"
3840,3015,全漢,電子工業,twse,2025-09-30,"{'industry_category': '電子工業', 'stock_id': '3015', 'stock_name': '全漢', 'type': 'twse', 'date': '2025-09-30'}"
3841,3015,全漢,電子零組件業,twse,2025-09-30,"{'industry_category': '電子零組件業', 'stock_id': '3015', 'stock_name': '全漢', 'type': 'twse', 'date': '2025-09-30'}"
3842,3016,嘉晶,半導體業,twse,2025-09-30,"{'industry_category': '半導體業', 'stock_id': '3016', 'stock_name': '嘉晶', 'type': 'twse', 'date': '2025-09-30'}"
3843,3016,嘉晶,電子工業,twse,2025-09-30,"{'industry_category': '電子工業', 'stock_id': '3016', 'stock_name': '嘉晶', 'type': 'twse', 'date': '2025-09-30'}"
3844,3017,奇鋐,電子工業,twse,2025-09-30,"{'industry_category': '電子工業', 'stock_id': '3017', 'stock_name': '奇鋐', 'type': 'twse', 'date': '2025-09-30'}"
3845,3056,富華新,建材營造,twse,2025-09-30,"{'industry_category': '建材營造', 'stock_id': '3056', 'stock_name': '富華新', 'type': 'twse', 'date': '2025-09-30'}"
3846,3018,隆銘綠能,其他電子業,twse,2025-09-30,"{'industry_category': '其他電子業', 'stock_id': '3018', 'stock_name': '隆銘綠能', 'type': 'twse', 'date': '2025-09-30'}"
3847,3018,隆銘綠能,電子工業,twse,2025-09-30,"{'industry_category': '電子工業', 'stock_id': '3018', 'stock_name': '隆銘綠能', 'type': 'twse', 'date': '2025-09-30'}"
3848,3019,亞光,光電業,twse,2025-09-30,"{'industry_category': '光電業', 'stock_id': '3019', 'stock_name': '亞光', 'type': 'twse', 'date': '2025-09-30'}"
3849,3019,亞光,電子工業,twse,2025-09-30,"{'industry_category': '電子工業', 'stock_id': '3019', 'stock_name': '亞光', 'type': 'twse', 'date': '2025-09-30'}"
3850,3021,鴻名,電子工業,twse,2025-09-30,"{'industry_category': '電子工業', 'stock_id': '3021', 'stock_name': '鴻名', 'type': 'twse', 'date': '2025-09-30'}"
3851,3021,鴻名,電子零組件業,twse,2025-09-30,"{'industry_category': '電子零組件業', 'stock_id': '3021', 'stock_name': '鴻名', 'type': 'twse', 'date': '2025-09-30'}"
3852,3022,威強電,電子工業,twse,2025-09-30,"{'industry_category': '電子工業', 'stock_id': '3022', 'stock_name': '威強電', 'type': 'twse', 'date': '2025-09-30'}"
3853,3022,威強電,電腦及週邊設備業,twse,2025-09-30,"{'industry_category': '電腦及週邊設備業', 'stock_id': '3022', 'stock_name': '威強電', 'type': 'twse', 'date': '2025-09-30'}"
3854,3023,信邦,電子工業,twse,2025-09-30,"{'industry_category': '電子工業', 'stock_id': '3023', 'stock_name': '信邦', 'type': 'twse', 'date': '2025-09-30'}"
3855,3023,信邦,電子零組件業,twse,2025-09-30,"{'industry_category': '電子零組件業', 'stock_id': '3023', 'stock_name': '信邦', 'type': 'twse', 'date': '2025-09-30'}"
3856,3024,憶聲,光電業,twse,2025-09-30,"{'industry_category': '光電業', 'stock_id': '3024', 'stock_name': '憶聲', 'type': 'twse', 'date': '2025-09-30'}"
3857,3024,憶聲,電子工業,twse,2025-09-30,"{'industry_category': '電子工業', 'stock_id': '3024', 'stock_name': '憶聲', 'type': 'twse', 'date': '2025-09-30'}"
3858,3025,星通,通信網路業,twse,2025-09-30,"{'industry_category': '通信網路業', 'stock_id': '3025', 'stock_name': '星通', 'type': 'twse', 'date': '2025-09-30'}"
3859,3011,今皓,電子零組件業,twse,2025-09-30,"{'industry_category': '電子零組件業', 'stock_id': '3011', 'stock_name': '今皓', 'type': 'twse', 'date': '2025-09-30'}"
3860,3011,今皓,電子工業,twse,2025-09-30,"{'industry_category': '電子工業', 'stock_id': '3011', 'stock_name': '今皓', 'type': 'twse', 'date': '2025-09-30'}"
3861,3010,華立,電子通路業,twse,2025-09-30,"{'industry_category': '電子通路業', 'stock_id': '3010', 'stock_name': '華立', 'type': 'twse', 'date': '2025-09-30'}"
3862,3010,華立,電子工業,twse,2025-09-30,"{'industry_category': '電子工業', 'stock_id': '3010', 'stock_name': '華立', 'type': 'twse', 'date': '2025-09-30'}"
3863,2924,宏太-KY,居家生活類,tpex,2025-09-30,"{'industry_category': '居家生活類', 'stock_id': '2924', 'stock_name': '宏太-KY', 'type': 'tpex', 'date': '2025-09-30'}"
3864,2926,誠品生活,文化創意業,tpex,2025-09-30,"{'industry_category': '文化創意業', 'stock_id': '2926', 'stock_name': '誠品生活', 'type': 'tpex', 'date': '2025-09-30'}"
3865,2929,淘帝-KY,貿易百貨,twse,2025-09-30,"{'industry_category': '貿易百貨', 'stock_id': '2929', 'stock_name': '淘帝-KY', 'type': 'twse', 'date': '2025-09-30'}"
3866,2937,集雅社,居家生活類,tpex,2025-09-30,"{'industry_category': '居家生活類', 'stock_id': '2937', 'stock_name': '集雅社', 'type': 'tpex', 'date': '2025-09-30'}"
3867,2938,床的世界,居家生活,emerging,2025-09-30,"{'industry_category': '居家生活', 'stock_id': '2938', 'stock_name': '床的世界', 'type': 'emerging', 'date': '2025-09-30'}"
3868,2939,永邑-KY,貿易百貨,twse,2025-09-30,"{'industry_category': '貿易百貨', 'stock_id': '2939', 'stock_name': '永邑-KY', 'type': 'twse', 'date': '2025-09-30'}"
3869,2940,歐都納,運動休閒,emerging,2025-09-30,"{'industry_category': '運動休閒', 'stock_id': '2940', 'stock_name': '歐都納', 'type': 'emerging', 'date': '2025-09-30'}"
3870,2941,米斯特,居家生活類,tpex,2025-09-30,"{'industry_category': '居家生活類', 'stock_id': '2941', 'stock_name': '米斯特', 'type': 'tpex', 'date': '2025-09-30'}"
3871,2942,京站,居家生活,emerging,2025-09-30,"{'industry_category': '居家生活', 'stock_id': '2942', 'stock_name': '京站', 'type': 'emerging', 'date': '2025-09-30'}"
3872,2945,三商家購,貿易百貨,twse,2025-09-30,"{'industry_category': '貿易百貨', 'stock_id': '2945', 'stock_name': '三商家購', 'type': 'twse', 'date': '2025-09-30'}"
3873,2947,振宇五金,居家生活類,tpex,2025-09-30,"{'industry_category': '居家生活類', 'stock_id': '2947', 'stock_name': '振宇五金', 'type': 'tpex', 'date': '2025-09-30'}"
3874,3025,星通,電子工業,twse,2025-09-30,"{'industry_category': '電子工業', 'stock_id': '3025', 'stock_name': '星通', 'type': 'twse', 'date': '2025-09-30'}"
3875,2948,寶陞,居家生活類,tpex,2025-09-30,"{'industry_category': '居家生活類', 'stock_id': '2948', 'stock_name': '寶陞', 'type': 'tpex', 'date': '2025-09-30'}"
3876,3002,歐格,電子工業,twse,2025-09-30,"{'industry_category': '電子工業', 'stock_id': '3002', 'stock_name': '歐格', 'type': 'twse', 'date': '2025-09-30'}"
3877,3002,歐格,電腦及週邊設備業,twse,2025-09-30,"{'industry_category': '電腦及週邊設備業', 'stock_id': '3002', 'stock_name': '歐格', 'type': 'twse', 'date': '2025-09-30'}"
3878,3003,健和興,電子工業,twse,2025-09-30,"{'industry_category': '電子工業', 'stock_id': '3003', 'stock_name': '健和興', 'type': 'twse', 'date': '2025-09-30'}"
3879,3003,健和興,電子零組件業,twse,2025-09-30,"{'industry_category': '電子零組件業', 'stock_id': '3003', 'stock_name': '健和興', 'type': 'twse', 'date': '2025-09-30'}"
3880,3004,豐達科,鋼鐵工業,twse,2025-09-30,"{'industry_category': '鋼鐵工業', 'stock_id': '3004', 'stock_name': '豐達科', 'type': 'twse', 'date': '2025-09-30'}"
3881,3005,神基,電子工業,twse,2025-09-30,"{'industry_category': '電子工業', 'stock_id': '3005', 'stock_name': '神基', 'type': 'twse', 'date': '2025-09-30'}"
3882,3005,神基,電腦及週邊設備業,twse,2025-09-30,"{'industry_category': '電腦及週邊設備業', 'stock_id': '3005', 'stock_name': '神基', 'type': 'twse', 'date': '2025-09-30'}"
3883,3006,晶豪科,半導體業,twse,2025-09-30,"{'industry_category': '半導體業', 'stock_id': '3006', 'stock_name': '晶豪科', 'type': 'twse', 'date': '2025-09-30'}"
3884,3006,晶豪科,電子工業,twse,2025-09-30,"{'industry_category': '電子工業', 'stock_id': '3006', 'stock_name': '晶豪科', 'type': 'twse', 'date': '2025-09-30'}"
3885,3008,大立光,光電業,twse,2025-09-30,"{'industry_category': '光電業', 'stock_id': '3008', 'stock_name': '大立光', 'type': 'twse', 'date': '2025-09-30'}"
3886,3008,大立光,電子工業,twse,2025-09-30,"{'industry_category': '電子工業', 'stock_id': '3008', 'stock_name': '大立光', 'type': 'twse', 'date': '2025-09-30'}"
3887,2949,欣新網,數位雲端類,tpex,2025-09-30,"{'industry_category': '數位雲端類', 'stock_id': '2949', 'stock_name': '欣新網', 'type': 'tpex', 'date': '2025-09-30'}"
3888,3026,禾伸堂,電子工業,twse,2025-09-30,"{'industry_category': '電子工業', 'stock_id': '3026', 'stock_name': '禾伸堂', 'type': 'twse', 'date': '2025-09-30'}"
3889,3017,奇鋐,電腦及週邊設備業,twse,2025-09-30,"{'industry_category': '電腦及週邊設備業', 'stock_id': '3017', 'stock_name': '奇鋐', 'type': 'twse', 'date': '2025-09-30'}"
3890,3027,盛達,通信網路業,twse,2025-09-30,"{'industry_category': '通信網路業', 'stock_id': '3027', 'stock_name': '盛達', 'type': 'twse', 'date': '2025-09-30'}"
3891,3042,晶技,電子工業,twse,2025-09-30,"{'industry_category': '電子工業', 'stock_id': '3042', 'stock_name': '晶技', 'type': 'twse', 'date': '2025-09-30'}"
3892,3042,晶技,電子零組件業,twse,2025-09-30,"{'industry_category': '電子零組件業', 'stock_id': '3042', 'stock_name': '晶技', 'type': 'twse', 'date': '2025-09-30'}"
3893,3043,科風,其他電子業,twse,2025-09-30,"{'industry_category': '其他電子業', 'stock_id': '3043', 'stock_name': '科風', 'type': 'twse', 'date': '2025-09-30'}"
3894,3043,科風,電子工業,twse,2025-09-30,"{'industry_category': '電子工業', 'stock_id': '3043', 'stock_name': '科風', 'type': 'twse', 'date': '2025-09-30'}"
3895,3044,健鼎,電子工業,twse,2025-09-30,"{'industry_category': '電子工業', 'stock_id': '3044', 'stock_name': '健鼎', 'type': 'twse', 'date': '2025-09-30'}"
3896,3044,健鼎,電子零組件業,twse,2025-09-30,"{'industry_category': '電子零組件業', 'stock_id': '3044', 'stock_name': '健鼎', 'type': 'twse', 'date': '2025-09-30'}"
3897,3045,台灣大,通信網路業,twse,2025-09-30,"{'industry_category': '通信網路業', 'stock_id': '3045', 'stock_name': '台灣大', 'type': 'twse', 'date': '2025-09-30'}"
3898,3045,台灣大,電子工業,twse,2025-09-30,"{'industry_category': '電子工業', 'stock_id': '3045', 'stock_name': '台灣大', 'type': 'twse', 'date': '2025-09-30'}"
3899,3046,建碁,電子工業,twse,2025-09-30,"{'industry_category': '電子工業', 'stock_id': '3046', 'stock_name': '建碁', 'type': 'twse', 'date': '2025-09-30'}"
3900,3046,建碁,電腦及週邊設備業,twse,2025-09-30,"{'industry_category': '電腦及週邊設備業', 'stock_id': '3046', 'stock_name': '建碁', 'type': 'twse', 'date': '2025-09-30'}"
3901,3047,訊舟,通信網路業,twse,2025-09-30,"{'industry_category': '通信網路業', 'stock_id': '3047', 'stock_name': '訊舟', 'type': 'twse', 'date': '2025-09-30'}"
3902,3047,訊舟,電子工業,twse,2025-09-30,"{'industry_category': '電子工業', 'stock_id': '3047', 'stock_name': '訊舟', 'type': 'twse', 'date': '2025-09-30'}"
3903,3026,禾伸堂,電子零組件業,twse,2025-09-30,"{'industry_category': '電子零組件業', 'stock_id': '3026', 'stock_name': '禾伸堂', 'type': 'twse', 'date': '2025-09-30'}"
3904,3048,益登,電子通路業,twse,2025-09-30,"{'industry_category': '電子通路業', 'stock_id': '3048', 'stock_name': '益登', 'type': 'twse', 'date': '2025-09-30'}"
3905,3049,精金,光電業,twse,2025-09-30,"{'industry_category': '光電業', 'stock_id': '3049', 'stock_name': '精金', 'type': 'twse', 'date': '2025-09-30'}"
3906,3049,精金,電子工業,twse,2025-09-30,"{'industry_category': '電子工業', 'stock_id': '3049', 'stock_name': '精金', 'type': 'twse', 'date': '2025-09-30'}"
3907,3050,鈺德,光電業,twse,2025-09-30,"{'industry_category': '光電業', 'stock_id': '3050', 'stock_name': '鈺德', 'type': 'twse', 'date': '2025-09-30'}"
3908,3050,鈺德,電子工業,twse,2025-09-30,"{'industry_category': '電子工業', 'stock_id': '3050', 'stock_name': '鈺德', 'type': 'twse', 'date': '2025-09-30'}"
3909,3051,力特,光電業,twse,2025-09-30,"{'industry_category': '光電業', 'stock_id': '3051', 'stock_name': '力特', 'type': 'twse', 'date': '2025-09-30'}"
3910,3051,力特,電子工業,twse,2025-09-30,"{'industry_category': '電子工業', 'stock_id': '3051', 'stock_name': '力特', 'type': 'twse', 'date': '2025-09-30'}"
3911,3052,夆典,建材營造,twse,2025-09-30,"{'industry_category': '建材營造', 'stock_id': '3052', 'stock_name': '夆典', 'type': 'twse', 'date': '2025-09-30'}"
3912,3054,立萬利,食品工業,twse,2025-09-30,"{'industry_category': '食品工業', 'stock_id': '3054', 'stock_name': '立萬利', 'type': 'twse', 'date': '2025-09-30'}"
3913,3055,蔚華科,電子工業,twse,2025-09-30,"{'industry_category': '電子工業', 'stock_id': '3055', 'stock_name': '蔚華科', 'type': 'twse', 'date': '2025-09-30'}"
3914,3041,揚智,電子工業,twse,2025-09-30,"{'industry_category': '電子工業', 'stock_id': '3041', 'stock_name': '揚智', 'type': 'twse', 'date': '2025-09-30'}"
3915,3041,揚智,半導體業,twse,2025-09-30,"{'industry_category': '半導體業', 'stock_id': '3041', 'stock_name': '揚智', 'type': 'twse', 'date': '2025-09-30'}"
3916,3048,益登,電子工業,twse,2025-09-30,"{'industry_category': '電子工業', 'stock_id': '3048', 'stock_name': '益登', 'type': 'twse', 'date': '2025-09-30'}"
3917,3038,全台,電子工業,twse,2025-09-30,"{'industry_category': '電子工業', 'stock_id': '3038', 'stock_name': '全台', 'type': 'twse', 'date': '2025-09-30'}"
3918,3040,遠見,其他,twse,2025-09-30,"{'industry_category': '其他', 'stock_id': '3040', 'stock_name': '遠見', 'type': 'twse', 'date': '2025-09-30'}"
3919,3027,盛達,電子工業,twse,2025-09-30,"{'industry_category': '電子工業', 'stock_id': '3027', 'stock_name': '盛達', 'type': 'twse', 'date': '2025-09-30'}"
3920,3028,增你強,電子工業,twse,2025-09-30,"{'industry_category': '電子工業', 'stock_id': '3028', 'stock_name': '增你強', 'type': 'twse', 'date': '2025-09-30'}"
3921,3028,增你強,電子通路業,twse,2025-09-30,"{'industry_category': '電子通路業', 'stock_id': '3028', 'stock_name': '增你強', 'type': 'twse', 'date': '2025-09-30'}"
3922,3029,零壹,資訊服務業,twse,2025-09-30,"{'industry_category': '資訊服務業', 'stock_id': '3029', 'stock_name': '零壹', 'type': 'twse', 'date': '2025-09-30'}"
3923,3029,零壹,電子工業,twse,2025-09-30,"{'industry_category': '電子工業', 'stock_id': '3029', 'stock_name': '零壹', 'type': 'twse', 'date': '2025-09-30'}"
3924,3030,德律,電子工業,twse,2025-09-30,"{'industry_category': '電子工業', 'stock_id': '3030', 'stock_name': '德律', 'type': 'twse', 'date': '2025-09-30'}"
3925,3031,佰鴻,光電業,twse,2025-09-30,"{'industry_category': '光電業', 'stock_id': '3031', 'stock_name': '佰鴻', 'type': 'twse', 'date': '2025-09-30'}"
3926,3031,佰鴻,電子工業,twse,2025-09-30,"{'industry_category': '電子工業', 'stock_id': '3031', 'stock_name': '佰鴻', 'type': 'twse', 'date': '2025-09-30'}"
3927,3032,偉訓,電子工業,twse,2025-09-30,"{'industry_category': '電子工業', 'stock_id': '3032', 'stock_name': '偉訓', 'type': 'twse', 'date': '2025-09-30'}"
3928,3032,偉訓,電子零組件業,twse,2025-09-30,"{'industry_category': '電子零組件業', 'stock_id': '3032', 'stock_name': '偉訓', 'type': 'twse', 'date': '2025-09-30'}"
3929,3033,威健,電子工業,twse,2025-09-30,"{'industry_category': '電子工業', 'stock_id': '3033', 'stock_name': '威健', 'type': 'twse', 'date': '2025-09-30'}"
3930,3030,德律,其他電子業,twse,2025-09-30,"{'industry_category': '其他電子業', 'stock_id': '3030', 'stock_name': '德律', 'type': 'twse', 'date': '2025-09-30'}"
3931,3034,聯詠,半導體業,twse,2025-09-30,"{'industry_category': '半導體業', 'stock_id': '3034', 'stock_name': '聯詠', 'type': 'twse', 'date': '2025-09-30'}"
3932,3038,全台,光電業,twse,2025-09-30,"{'industry_category': '光電業', 'stock_id': '3038', 'stock_name': '全台', 'type': 'twse', 'date': '2025-09-30'}"
3933,3033,威健,電子通路業,twse,2025-09-30,"{'industry_category': '電子通路業', 'stock_id': '3033', 'stock_name': '威健', 'type': 'twse', 'date': '2025-09-30'}"
3934,3037,欣興,電子零組件業,twse,2025-09-30,"{'industry_category': '電子零組件業', 'stock_id': '3037', 'stock_name': '欣興', 'type': 'twse', 'date': '2025-09-30'}"
3935,3037,欣興,電子工業,twse,2025-09-30,"{'industry_category': '電子工業', 'stock_id': '3037', 'stock_name': '欣興', 'type': 'twse', 'date': '2025-09-30'}"
3936,3036A,文曄甲特,電子通路業,twse,2025-09-30,"{'industry_category': '電子通路業', 'stock_id': '3036A', 'stock_name': '文曄甲特', 'type': 'twse', 'date': '2025-09-30'}"
3937,3036,文曄,電子通路業,twse,2025-09-30,"{'industry_category': '電子通路業', 'stock_id': '3036', 'stock_name': '文曄', 'type': 'twse', 'date': '2025-09-30'}"
3938,3036A,文曄甲特,電子工業,twse,2025-09-30,"{'industry_category': '電子工業', 'stock_id': '3036A', 'stock_name': '文曄甲特', 'type': 'twse', 'date': '2025-09-30'}"
3939,3036,文曄,電子工業,twse,2025-09-30,"{'industry_category': '電子工業', 'stock_id': '3036', 'stock_name': '文曄', 'type': 'twse', 'date': '2025-09-30'}"
3940,3035,智原,電子工業,twse,2025-09-30,"{'industry_category': '電子工業', 'stock_id': '3035', 'stock_name': '智原', 'type': 'twse', 'date': '2025-09-30'}"
3941,3035,智原,半導體業,twse,2025-09-30,"{'industry_category': '半導體業', 'stock_id': '3035', 'stock_name': '智原', 'type': 'twse', 'date': '2025-09-30'}"
3942,3034,聯詠,電子工業,twse,2025-09-30,"{'industry_category': '電子工業', 'stock_id': '3034', 'stock_name': '聯詠', 'type': 'twse', 'date': '2025-09-30'}"
3943,OtherElectronic,其他電子類指數,Index,twse,,"{'industry_category': 'Index', 'stock_id': 'OtherElectronic', 'stock_name': '其他電子類指數', 'type': 'twse', 'date': 'None'}"
3944,Optoelectronic,光電類指數,Index,twse,,"{'industry_category': 'Index', 'stock_id': 'Optoelectronic', 'stock_name': '光電類指數', 'type': 'twse', 'date': 'None'}"
3945,IronSteel,鋼鐵類指數,Index,twse,,"{'industry_category': 'Index', 'stock_id': 'IronSteel', 'stock_name': '鋼鐵類指數', 'type': 'twse', 'date': 'None'}"
3946,Other,其他類指數,Index,twse,,"{'industry_category': 'Index', 'stock_id': 'Other', 'stock_name': '其他類指數', 'type': 'twse', 'date': 'None'}"
3947,OilGasElectricity,油電燃氣類指數,Index,twse,,"{'industry_category': 'Index', 'stock_id': 'OilGasElectricity', 'stock_name': '油電燃氣類指數', 'type': 'twse', 'date': 'None'}"
3948,PaperPulp,造紙類指數,Index,twse,,"{'industry_category': 'Index', 'stock_id': 'PaperPulp', 'stock_name': '造紙類指數', 'type': 'twse', 'date': 'None'}"
3949,TAIEX,加權指數,大盤,twse,,"{'industry_category': '大盤', 'stock_id': 'TAIEX', 'stock_name': '加權指數', 'type': 'twse', 'date': 'None'}"
3950,Rubber,橡膠類指數,Index,twse,,"{'industry_category': 'Index', 'stock_id': 'Rubber', 'stock_name': '橡膠類指數', 'type': 'twse', 'date': 'None'}"
3951,Semiconductor,半導體類指數,Index,twse,,"{'industry_category': 'Index', 'stock_id': 'Semiconductor', 'stock_name': '半導體類指數', 'type': 'twse', 'date': 'None'}"
3952,ShippingTransportation,航運業類指數,Index,twse,,"{'industry_category': 'Index', 'stock_id': 'ShippingTransportation', 'stock_name': '航運業類指數', 'type': 'twse', 'date': 'None'}"
3953,Textiles,紡織纖維類指數,Index,twse,,"{'industry_category': 'Index', 'stock_id': 'Textiles', 'stock_name': '紡織纖維類指數', 'type': 'twse', 'date': 'None'}"
3954,InformationService,資訊服務類指數,Index,twse,,"{'industry_category': 'Index', 'stock_id': 'InformationService', 'stock_name': '資訊服務類指數', 'type': 'twse', 'date': 'None'}"
3955,Tourism,觀光事業類指數,Index,twse,,"{'industry_category': 'Index', 'stock_id': 'Tourism', 'stock_name': '觀光事業類指數', 'type': 'twse', 'date': 'None'}"
3956,Plastics,塑膠類指數,Index,twse,,"{'industry_category': 'Index', 'stock_id': 'Plastics', 'stock_name': '塑膠類指數', 'type': 'twse', 'date': 'None'}"
3957,GlassCeramic,玻璃陶瓷類指數,Index,twse,,"{'industry_category': 'Index', 'stock_id': 'GlassCeramic', 'stock_name': '玻璃陶瓷類指數', 'type': 'twse', 'date': 'None'}"
3958,BuildingMaterialConstruction,建材營造類指數,Index,twse,,"{'industry_category': 'Index', 'stock_id': 'BuildingMaterialConstruction', 'stock_name': '建材營造類指數', 'type': 'twse', 'date': 'None'}"
3959,FinancialInsurance,金融保險類指數,Index,twse,,"{'industry_category': 'Index', 'stock_id': 'FinancialInsurance', 'stock_name': '金融保險類指數', 'type': 'twse', 'date': 'None'}"
3960,ElectronicProductsDistribution,電子通路類指數,Index,twse,,"{'industry_category': 'Index', 'stock_id': 'ElectronicProductsDistribution', 'stock_name': '電子通路類指數', 'type': 'twse', 'date': 'None'}"
3961,ElectronicPartsComponents,電子零組件類指數,Index,twse,,"{'industry_category': 'Index', 'stock_id': 'ElectronicPartsComponents', 'stock_name': '電子零組件類指數', 'type': 'twse', 'date': 'None'}"
3962,Electronic,電子類指數,Index,twse,,"{'industry_category': 'Index', 'stock_id': 'Electronic', 'stock_name': '電子類指數', 'type': 'twse', 'date': 'None'}"
3963,ElectricMachinery,電機機械類指數,Index,twse,,"{'industry_category': 'Index', 'stock_id': 'ElectricMachinery', 'stock_name': '電機機械類指數', 'type': 'twse', 'date': 'None'}"
3964,ElectricalCable,電器電纜類指數,Index,twse,,"{'industry_category': 'Index', 'stock_id': 'ElectricalCable', 'stock_name': '電器電纜類指數', 'type': 'twse', 'date': 'None'}"
3965,ComputerPeripheralEquipment,電腦及週邊設備類指數,Index,twse,,"{'industry_category': 'Index', 'stock_id': 'ComputerPeripheralEquipment', 'stock_name': '電腦及週邊設備類指數', 'type': 'twse', 'date': 'None'}"
3966,CommunicationsInternet,通信網路類指數,Index,twse,,"{'industry_category': 'Index', 'stock_id': 'CommunicationsInternet', 'stock_name': '通信網路類指數', 'type': 'twse', 'date': 'None'}"
3967,ChemicalBiotechnologyMedicalCare,化學生技醫療類指數,Index,twse,,"{'industry_category': 'Index', 'stock_id': 'ChemicalBiotechnologyMedicalCare', 'stock_name': '化學生技醫療類指數', 'type': 'twse', 'date': 'None'}"
3968,Chemical,化學類指數,Index,twse,,"{'industry_category': 'Index', 'stock_id': 'Chemical', 'stock_name': '化學類指數', 'type': 'twse', 'date': 'None'}"
3969,Cement,水泥類指數,Index,twse,,"{'industry_category': 'Index', 'stock_id': 'Cement', 'stock_name': '水泥類指數', 'type': 'twse', 'date': 'None'}"
3970,BiotechnologyMedicalCare,生技醫療類指數,Index,twse,,"{'industry_category': 'Index', 'stock_id': 'BiotechnologyMedicalCare', 'stock_name': '生技醫療類指數', 'type': 'twse', 'date': 'None'}"
3971,Automobile,汽車類指數,Index,twse,,"{'industry_category': 'Index', 'stock_id': 'Automobile', 'stock_name': '汽車類指數', 'type': 'twse', 'date': 'None'}"
3972,TPEx,櫃買指數,大盤,tpex,,"{'industry_category': '大盤', 'stock_id': 'TPEx', 'stock_name': '櫃買指數', 'type': 'tpex', 'date': 'None'}"
3973,Food,食品類指數,Index,twse,,"{'industry_category': 'Index', 'stock_id': 'Food', 'stock_name': '食品類指數', 'type': 'twse', 'date': 'None'}"
3974,TradingConsumersGoods,貿易百貨類指數,Index,twse,,"{'industry_category': 'Index', 'stock_id': 'TradingConsumersGoods', 'stock_name': '貿易百貨類指數', 'type': 'twse', 'date': 'None'}"
